Survey;Year;Haul;Species;Number;Weight
MEDITS-GSA18;2015;76;ALLOMED;25;0.04
MEDITS-GSA18;2015;76;ALLOSUB;4;0.02
MEDITS-GSA18;2015;76;ARNOTHO;3;0.025
MEDITS-GSA18;2015;76;BOOPBOO;1;0.055
MEDITS-GSA18;2015;76;CITHMAC;1;0.04
MEDITS-GSA18;2015;76;ENGRENC;138;1.32
MEDITS-GSA18;2015;76;GOBIQUA;1;0.005
MEDITS-GSA18;2015;76;ILLECOI;14;0.398
MEDITS-GSA18;2015;76;LOLIVUL;283;0.685
MEDITS-GSA18;2015;76;MERLMER;24;1.248
MEDITS-GSA18;2015;76;MULLBAR;130;3.495
MEDITS-GSA18;2015;76;OCTOVUL;4;0.396
MEDITS-GSA18;2015;76;PAGEERY;3;0.16
MEDITS-GSA18;2015;76;PONTLAC;1;0.002
MEDITS-GSA18;2015;76;SARDPIL;129;2.58
MEDITS-GSA18;2015;76;SERAHEP;4;0.025
MEDITS-GSA18;2015;76;SPICFLE;32;0.67
MEDITS-GSA18;2015;76;SPICSMA;42;0.75
MEDITS-GSA18;2015;76;TODIEBL;1;0.015
MEDITS-GSA18;2015;76;TRACMED;7;0.14
MEDITS-GSA18;2015;76;TRACPIC;1;0.005
MEDITS-GSA18;2015;76;TRACTRA;28;0.13
MEDITS-GSA18;2015;76;TRISCAP;2;0.005
MEDITS-GSA18;2015;76;ZEUSFAB;1;0.005
MEDITS-GSA18;2015;77;ABRAVER;6;0.04
MEDITS-GSA18;2015;77;ANTOMEG;3;0.005
MEDITS-GSA18;2015;77;ARISFOL;60;0.51
MEDITS-GSA18;2015;77;CERAMAD;9;0.035
MEDITS-GSA18;2015;77;CHLOGRA;18;0.04
MEDITS-GSA18;2015;77;CLORAGA;18;0.12
MEDITS-GSA18;2015;77;COELCOE;71;1.16
MEDITS-GSA18;2015;77;ELEDCIR;5;1.65
MEDITS-GSA18;2015;77;ETMOSPI;42;0.44
MEDITS-GSA18;2015;77;GALUMEL;2;0.015
MEDITS-GSA18;2015;77;GONERHO;10;0.025
MEDITS-GSA18;2015;77;HELIDAC;4;0.12
MEDITS-GSA18;2015;77;HOPLMED;3;0.015
MEDITS-GSA18;2015;77;HYMEITA;3;0.01
MEDITS-GSA18;2015;77;ILLECOI;7;0.235
MEDITS-GSA18;2015;77;LEPICAU;3;0.03
MEDITS-GSA18;2015;77;LEPMBOS;10;1.41
MEDITS-GSA18;2015;77;MCPITUB;3;0.02
MEDITS-GSA18;2015;77;MERLMER;17;3.45
MEDITS-GSA18;2015;77;MICMPOU;1;0.15
MEDITS-GSA18;2015;77;NEORCAR;1;0.13
MEDITS-GSA18;2015;77;NEPRNOR;59;0.79
MEDITS-GSA18;2015;77;NEZUSCL;1;0.01
MEDITS-GSA18;2015;77;NOTSELO;1;0.01
MEDITS-GSA18;2015;77;OPHCRUF;2;0.055
MEDITS-GSA18;2015;77;PAGEBOG;1;0.08
MEDITS-GSA18;2015;77;PAPELON;385;3.08
MEDITS-GSA18;2015;77;PASISIV;1476;1.17
MEDITS-GSA18;2015;77;PHYIBLE;43;1.65
MEDITS-GSA18;2015;77;PLESGIG;5;0.003
MEDITS-GSA18;2015;77;PLESHET;7;0.005
MEDITS-GSA18;2015;77;POLCTYP;2;0.005
MEDITS-GSA18;2015;77;PONTLAC;7;0.005
MEDITS-GSA18;2015;77;PROCMED;9;0.03
MEDITS-GSA18;2015;77;RISSDES;2;0.005
MEDITS-GSA18;2015;77;SCYOCAN;1;0.01
MEDITS-GSA18;2015;77;SOLOMEM;60;0.11
MEDITS-GSA18;2015;77;TODASAG;1;0.82
MEDITS-GSA18;2015;77;TODIEBL;1;0.1
MEDITS-GSA18;2015;77;TRIGLYR;1;0.09
MEDITS-GSA18;2015;77;XANTCOU;1;0.001
MEDITS-GSA18;2015;78;ARISFOL;14;0.36
MEDITS-GSA18;2015;78;ARITANT;126;2.355
MEDITS-GSA18;2015;78;COELCOE;10;0.44
MEDITS-GSA18;2015;78;ETMOSPI;20;0.535
MEDITS-GSA18;2015;78;GALUMEL;22;4.01
MEDITS-GSA18;2015;78;GERYLON;2;0.07
MEDITS-GSA18;2015;78;HETEDIS;1;0.003
MEDITS-GSA18;2015;78;HISTREV;1;0.05
MEDITS-GSA18;2015;78;HOPLMED;12;0.44
MEDITS-GSA18;2015;78;HYGOBEN;2;0.003
MEDITS-GSA18;2015;78;HYGOHIG;9;0.01
MEDITS-GSA18;2015;78;HYMEITA;5;0.035
MEDITS-GSA18;2015;78;LAMACRO;12;0.12
MEDITS-GSA18;2015;78;MICICOC;1;0.001
MEDITS-GSA18;2015;78;MICMPOU;1;0.175
MEDITS-GSA18;2015;78;MORAMOR;3;0.21
MEDITS-GSA18;2015;78;NEMISCO;1;0.03
MEDITS-GSA18;2015;78;NEZUSCL;16;0.15
MEDITS-GSA18;2015;78;PAGEBOG;4;0.64
MEDITS-GSA18;2015;78;PASISIV;58;0.06
MEDITS-GSA18;2015;78;PHYIBLE;10;1.19
MEDITS-GSA18;2015;78;PLESMAR;13;0.085
MEDITS-GSA18;2015;78;POLCTYP;36;0.09
MEDITS-GSA18;2015;78;RAJACIR;1;4.55
MEDITS-GSA18;2015;78;SOLOMEM;4;0.02
MEDITS-GSA18;2015;78;STOMBOA;1;0.015
MEDITS-GSA18;2015;78;TRARTRA;1;0.08
MEDITS-GSA18;2015;80;ALLOMED;3;0.005
MEDITS-GSA18;2015;80;ALLOSUB;4;0.015
MEDITS-GSA18;2015;80;DORILAN;7;0.12
MEDITS-GSA18;2015;80;ELEDMOS;1;0.13
MEDITS-GSA18;2015;80;ENGRENC;270;1.95
MEDITS-GSA18;2015;80;LOLIVUL;14;0.215
MEDITS-GSA18;2015;80;MCPIDEP;13;0.14
MEDITS-GSA18;2015;80;MERLMER;4;0.04
MEDITS-GSA18;2015;80;MULLBAR;4;0.08
MEDITS-GSA18;2015;80;OCTOVUL;2;0.09
MEDITS-GSA18;2015;80;PAGEACA;1;0.003
MEDITS-GSA18;2015;80;SARDPIL;255;3.5
MEDITS-GSA18;2015;80;SCOMPNE;1;0.005
MEDITS-GSA18;2015;80;SERAHEP;2;0.015
MEDITS-GSA18;2015;80;SPICFLE;2;0.015
MEDITS-GSA18;2015;80;SPRASPR;236;1.4
MEDITS-GSA18;2015;80;SQUIMAN;3;0.035
MEDITS-GSA18;2015;80;TRACTRA;2;0.01
MEDITS-GSA18;2015;83;ALLOMED;17;0.01
MEDITS-GSA18;2015;83;ALLOSUB;2;0.005
MEDITS-GSA18;2015;83;CALMMAC;1;0.005
MEDITS-GSA18;2015;83;ENGRENC;51;0.53
MEDITS-GSA18;2015;83;EUTRGUR;1;0.002
MEDITS-GSA18;2015;83;ILLECOI;16;0.595
MEDITS-GSA18;2015;83;LOPHBUD;2;0.77
MEDITS-GSA18;2015;83;MACOSCO;1;0.003
MEDITS-GSA18;2015;83;MERLMER;7;0.91
MEDITS-GSA18;2015;83;MULLBAR;21;0.942
MEDITS-GSA18;2015;83;PAPELON;2;0.014
MEDITS-GSA18;2015;83;PASIMUL;1;0.005
MEDITS-GSA18;2015;83;PHYIBLE;2;0.04
MEDITS-GSA18;2015;83;SCAEUNI;1;0.015
MEDITS-GSA18;2015;83;SERAHEP;1;0.005
MEDITS-GSA18;2015;83;SPICSMA;1;0.01
MEDITS-GSA18;2015;83;TODIEBL;1;0.01
MEDITS-GSA18;2015;83;TRACPIC;48;0.55
MEDITS-GSA18;2015;83;TRACTRA;877;7.38
MEDITS-GSA18;2015;83;TRIGLYR;1;0.04
MEDITS-GSA18;2015;83;TRISCAP;2;0.015
MEDITS-GSA18;2015;84;ALLOMED;31;0.04
MEDITS-GSA18;2015;84;ARGESPY;3;0.005
MEDITS-GSA18;2015;84;CALMMAC;5;0.025
MEDITS-GSA18;2015;84;CONGCON;1;0.025
MEDITS-GSA18;2015;84;ELEDCIR;2;0.55
MEDITS-GSA18;2015;84;ILLECOI;33;0.907
MEDITS-GSA18;2015;84;LOPHBUD;1;0.15
MEDITS-GSA18;2015;84;MACOSCO;21;0.06
MEDITS-GSA18;2015;84;MCPITUB;2;0.005
MEDITS-GSA18;2015;84;MERLMER;14;0.337
MEDITS-GSA18;2015;84;MULLBAR;23;0.84
MEDITS-GSA18;2015;84;PAPELON;2;0.007
MEDITS-GSA18;2015;84;PHYIBLE;1;0.015
MEDITS-GSA18;2015;84;SCOMPNE;1;0.18
MEDITS-GSA18;2015;84;SERAHEP;3;0.02
MEDITS-GSA18;2015;84;SPICSMA;8;0.13
MEDITS-GSA18;2015;84;TODIEBL;2;0.025
MEDITS-GSA18;2015;84;TRACPIC;6;0.055
MEDITS-GSA18;2015;84;TRACTRA;116;0.96
MEDITS-GSA18;2015;84;TRISCAP;9;0.04
MEDITS-GSA18;2015;84;ZEUSFAB;2;1.39
MEDITS-GSA18;2015;85;ABRAVER;2;0.01
MEDITS-GSA18;2015;85;ARGRHEM;1;0.001
MEDITS-GSA18;2015;85;ARISFOL;39;0.88
MEDITS-GSA18;2015;85;CERAMAD;49;0.05
MEDITS-GSA18;2015;85;CHAUSLO;1;0.02
MEDITS-GSA18;2015;85;CHIMMON;3;0.04
MEDITS-GSA18;2015;85;CHLOGRA;4;0.01
MEDITS-GSA18;2015;85;CLORAGA;13;0.12
MEDITS-GSA18;2015;85;COELCOE;139;3.53
MEDITS-GSA18;2015;85;ELEDCIR;1;0.27
MEDITS-GSA18;2015;85;ETMOSPI;29;0.955
MEDITS-GSA18;2015;85;GALUMEL;14;2.74
MEDITS-GSA18;2015;85;HELIDAC;2;0.11
MEDITS-GSA18;2015;85;HETEDIS;1;0.003
MEDITS-GSA18;2015;85;HISTREV;1;0.01
MEDITS-GSA18;2015;85;HOPLMED;28;0.46
MEDITS-GSA18;2015;85;HYGOBEN;7;0.01
MEDITS-GSA18;2015;85;HYGOHIG;14;0.015
MEDITS-GSA18;2015;85;HYMEITA;326;0.54
MEDITS-GSA18;2015;85;LAMACRO;3;0.03
MEDITS-GSA18;2015;85;LEPICAU;2;0.045
MEDITS-GSA18;2015;85;LEPMBOS;1;0.145
MEDITS-GSA18;2015;85;MCPIPUB;1;0.005
MEDITS-GSA18;2015;85;MERLMER;12;6.92
MEDITS-GSA18;2015;85;MICICOC;2;0.002
MEDITS-GSA18;2015;85;MICMPOU;7;1.05
MEDITS-GSA18;2015;85;MYCOPUN;2;0.005
MEDITS-GSA18;2015;85;NEPRNOR;23;0.76
MEDITS-GSA18;2015;85;NEZUSCL;17;0.045
MEDITS-GSA18;2015;85;NOTSELO;2;0.015
MEDITS-GSA18;2015;85;PAGEBOG;3;0.33
MEDITS-GSA18;2015;85;PAPELON;110;1.53
MEDITS-GSA18;2015;85;PASISIV;2387;1.55
MEDITS-GSA18;2015;85;PHYIBLE;39;0.87
MEDITS-GSA18;2015;85;PLESMAR;46;0.045
MEDITS-GSA18;2015;85;POLCTYP;32;0.16
MEDITS-GSA18;2015;85;SEPEOWE;1;0.003
MEDITS-GSA18;2015;85;SOLOMEM;9;0.06
MEDITS-GSA18;2015;85;STOMBOA;1;0.015
MEDITS-GSA18;2015;85;TODIEBL;1;0.055
MEDITS-GSA18;2015;86;ABRAVER;1;0.005
MEDITS-GSA18;2015;86;ARISFOL;11;0.44
MEDITS-GSA18;2015;86;ARITANT;59;1.2
MEDITS-GSA18;2015;86;CERAMAD;1;0.003
MEDITS-GSA18;2015;86;CHIMMON;8;1.86
MEDITS-GSA18;2015;86;CLORAGA;1;0.015
MEDITS-GSA18;2015;86;COELCOE;20;1.24
MEDITS-GSA18;2015;86;CONGCON;2;10.66
MEDITS-GSA18;2015;86;ETMOSPI;27;0.84
MEDITS-GSA18;2015;86;GALUMEL;27;6.59
MEDITS-GSA18;2015;86;HISTREV;2;0.065
MEDITS-GSA18;2015;86;HOPLMED;125;8.49
MEDITS-GSA18;2015;86;HYGOHIG;5;0.005
MEDITS-GSA18;2015;86;HYMEITA;16;0.05
MEDITS-GSA18;2015;86;LAMACRO;32;0.41
MEDITS-GSA18;2015;86;MERLMER;1;5.37
MEDITS-GSA18;2015;86;MOLVDYP;1;0.25
MEDITS-GSA18;2015;86;NEZUSCL;25;0.36
MEDITS-GSA18;2015;86;NOTABON;3;0.055
MEDITS-GSA18;2015;86;PAGEBOG;5;0.8
MEDITS-GSA18;2015;86;PAGUEXC;1;0.01
MEDITS-GSA18;2015;86;PHYIBLE;10;1.18
MEDITS-GSA18;2015;86;PLESMAR;51;0.34
MEDITS-GSA18;2015;86;POLCTYP;19;0.095
MEDITS-GSA18;2015;86;SCYMLIC;2;3.72
MEDITS-GSA18;2015;86;SEREDAE;5;0.003
MEDITS-GSA18;2015;86;STOMBOA;1;0.015
MEDITS-GSA18;2015;86;TODASAG;1;0.7
MEDITS-GSA18;2015;86;TODIEBL;1;0.105
MEDITS-GSA18;2015;86;TRARTRA;2;0.11
MEDITS-GSA18;2015;88;ALLOMED;34;0.045
MEDITS-GSA18;2015;88;CEPOMAC;2;0.025
MEDITS-GSA18;2015;88;ELEDCIR;2;0.9
MEDITS-GSA18;2015;88;ILLECOI;23;0.88
MEDITS-GSA18;2015;88;LOPHBUD;1;0.48
MEDITS-GSA18;2015;88;MACOSCO;5;0.01
MEDITS-GSA18;2015;88;MACRLON;1;0.005
MEDITS-GSA18;2015;88;MCPITUB;2;0.005
MEDITS-GSA18;2015;88;MERLMER;22;0.523
MEDITS-GSA18;2015;88;MULLBAR;37;1.078
MEDITS-GSA18;2015;88;NEPRNOR;1;0.06
MEDITS-GSA18;2015;88;OCTOVUL;2;0.645
MEDITS-GSA18;2015;88;PAPELON;7;0.055
MEDITS-GSA18;2015;88;SARDPIL;1;0.015
MEDITS-GSA18;2015;88;TODIEBL;2;0.01
MEDITS-GSA18;2015;88;TRACTRA;18;0.105
MEDITS-GSA18;2015;88;TRISCAP;55;0.185
MEDITS-GSA18;2015;93;ALLOMED;1;0.003
MEDITS-GSA18;2015;93;ALLOSUB;1;0.004
MEDITS-GSA18;2015;93;ELEDCIR;8;1.68
MEDITS-GSA18;2015;93;ILLECOI;8;0.36
MEDITS-GSA18;2015;93;MACOSCO;1;0.005
MEDITS-GSA18;2015;93;MERLMER;2;0.16
MEDITS-GSA18;2015;93;MULLBAR;6;0.21
MEDITS-GSA18;2015;93;PAPELON;1;0.005
MEDITS-GSA18;2015;93;SCOMPNE;1;0.21
MEDITS-GSA18;2015;93;SERAHEP;1;0.01
MEDITS-GSA18;2015;93;TRACTRA;5;0.38
MEDITS-GSA18;2015;93;TRISCAP;1;0.005
MEDITS-GSA18;2015;93;ZEUSFAB;1;1.11
MEDITS-GSA18;2015;95;ALLOSUB;2;0.005
MEDITS-GSA18;2015;95;CAPOAPE;1;0.002
MEDITS-GSA18;2015;95;ELEDCIR;2;0.5
MEDITS-GSA18;2015;95;ENGRENC;12;0.11
MEDITS-GSA18;2015;95;ILLECOI;10;0.631
MEDITS-GSA18;2015;95;LOPHBUD;1;0.56
MEDITS-GSA18;2015;95;MCPITUB;1;0.005
MEDITS-GSA18;2015;95;MERLMER;10;0.386
MEDITS-GSA18;2015;95;MICMPOU;1;0.005
MEDITS-GSA18;2015;95;MULLBAR;4;0.31
MEDITS-GSA18;2015;95;NEPRNOR;1;0.055
MEDITS-GSA18;2015;95;PAPELON;3;0.023
MEDITS-GSA18;2015;95;SPICFLE;1;0.03
MEDITS-GSA18;2015;95;SPICSMA;1;0.007
MEDITS-GSA18;2015;95;TRACTRA;4;0.1
MEDITS-GSA18;2015;95;TRISCAP;1;0.005
MEDITS-GSA18;2015;97;ALLOMED;26;0.05
MEDITS-GSA18;2015;97;CALMMAC;2;0.007
MEDITS-GSA18;2015;97;ELEDCIR;5;1.22
MEDITS-GSA18;2015;97;HOMAVUL;1;0.06
MEDITS-GSA18;2015;97;ILLECOI;25;0.785
MEDITS-GSA18;2015;97;LOLIVUL;3;0.035
MEDITS-GSA18;2015;97;MERLMER;7;0.19
MEDITS-GSA18;2015;97;MULLBAR;14;0.42
MEDITS-GSA18;2015;97;OCTOVUL;1;0.92
MEDITS-GSA18;2015;97;PAPELON;1;0.015
MEDITS-GSA18;2015;97;PLESHET;1;0.002
MEDITS-GSA18;2015;97;SARDPIL;16;0.29
MEDITS-GSA18;2015;97;SERAHEP;2;0.01
MEDITS-GSA18;2015;97;TRACTRA;11;0.06
MEDITS-GSA18;2015;97;TRISCAP;6;0.02
MEDITS-GSA18;2015;97;URANSCA;1;0.2
MEDITS-GSA18;2015;98;ARGRHEM;1;0.003
MEDITS-GSA18;2015;98;ARISFOL;14;0.385
MEDITS-GSA18;2015;98;ARITANT;39;0.85
MEDITS-GSA18;2015;98;CERAMAD;3;0.025
MEDITS-GSA18;2015;98;CHIMMON;2;0.16
MEDITS-GSA18;2015;98;CLORAGA;1;0.005
MEDITS-GSA18;2015;98;COELCOE;4;0.3
MEDITS-GSA18;2015;98;CONGCON;1;0.22
MEDITS-GSA18;2015;98;ETMOSPI;20;0.685
MEDITS-GSA18;2015;98;GALUMEL;22;2.48
MEDITS-GSA18;2015;98;GERYLON;4;0.23
MEDITS-GSA18;2015;98;HISTREV;1;0.04
MEDITS-GSA18;2015;98;HOPLMED;25;0.42
MEDITS-GSA18;2015;98;HYMEITA;72;0.16
MEDITS-GSA18;2015;98;LAMACRO;7;0.09
MEDITS-GSA18;2015;98;MEGANOR;11;0.01
MEDITS-GSA18;2015;98;MERLMER;2;2.39
MEDITS-GSA18;2015;98;MICMPOU;2;0.55
MEDITS-GSA18;2015;98;MORAMOR;12;0.08
MEDITS-GSA18;2015;98;NEZUSCL;42;0.23
MEDITS-GSA18;2015;98;NOTABON;5;0.07
MEDITS-GSA18;2015;98;PAGEBOG;1;0.15
MEDITS-GSA18;2015;98;PAROCUV;1;0.08
MEDITS-GSA18;2015;98;PASISIV;67;0.07
MEDITS-GSA18;2015;98;PHYIBLE;21;0.55
MEDITS-GSA18;2015;98;PLESMAR;23;0.1
MEDITS-GSA18;2015;98;POLCTYP;14;0.035
MEDITS-GSA18;2015;98;SCALSCA;9;0.02
MEDITS-GSA18;2015;98;SEREDAE;8;0.025
MEDITS-GSA18;2015;98;STOMBOA;2;0.01
MEDITS-GSA18;2015;100;ALLOMED;19;0.03
MEDITS-GSA18;2015;100;ALLOSUB;14;0.005
MEDITS-GSA18;2015;100;BOOPBOO;1;0.035
MEDITS-GSA18;2015;100;DORILAN;1;0.01
MEDITS-GSA18;2015;100;ENGRENC;644;4.9
MEDITS-GSA18;2015;100;ILLECOI;4;0.184
MEDITS-GSA18;2015;100;LOLIVUL;43;0.504
MEDITS-GSA18;2015;100;MCPIDEP;4;0.015
MEDITS-GSA18;2015;100;OCTOVUL;1;0.073
MEDITS-GSA18;2015;100;SARDPIL;166;2.41
MEDITS-GSA18;2015;100;SCOMPNE;1;0.003
MEDITS-GSA18;2015;100;SERAHEP;1;0.005
MEDITS-GSA18;2015;100;SPRASPR;189;0.87
MEDITS-GSA18;2015;100;SQUIMAN;3;0.1
MEDITS-GSA18;2015;100;SYMPNIG;1;0.003
MEDITS-GSA18;2015;100;TRAHDRA;1;0.01
MEDITS-GSA18;2015;101;ALLOMED;25;0.02
MEDITS-GSA18;2015;101;ALLOSUB;3;0.01
MEDITS-GSA18;2015;101;BOOPBOO;1;0.035
MEDITS-GSA18;2015;101;ENGRENC;1876;14.2
MEDITS-GSA18;2015;101;ILLECOI;3;0.03
MEDITS-GSA18;2015;101;LOLIVUL;31;0.31
MEDITS-GSA18;2015;101;LOPHBUD;1;0.86
MEDITS-GSA18;2015;101;MCPIDEP;1;0.01
MEDITS-GSA18;2015;101;MERLMER;10;0.27
MEDITS-GSA18;2015;101;MULLBAR;14;0.505
MEDITS-GSA18;2015;101;PAPELON;2;0.004
MEDITS-GSA18;2015;101;SARDPIL;116;1.9
MEDITS-GSA18;2015;101;SCOMPNE;11;0.08
MEDITS-GSA18;2015;101;SERAHEP;1;0.005
MEDITS-GSA18;2015;101;SPICFLE;11;0.15
MEDITS-GSA18;2015;101;TRACMED;3;0.32
MEDITS-GSA18;2015;101;TRISCAP;1;0.005
MEDITS-GSA18;2015;104;ALLOMED;23;0.045
MEDITS-GSA18;2015;104;ALLOSUB;5;0.02
MEDITS-GSA18;2015;104;BOOPBOO;3;0.14
MEDITS-GSA18;2015;104;DORILAN;6;0.09
MEDITS-GSA18;2015;104;ELEDCIR;2;0.29
MEDITS-GSA18;2015;104;ENGRENC;70;0.54
MEDITS-GSA18;2015;104;ILLECOI;2;0.015
MEDITS-GSA18;2015;104;LOLIVUL;2;0.015
MEDITS-GSA18;2015;104;MCPIDEP;3;0.04
MEDITS-GSA18;2015;104;MERLMER;3;0.036
MEDITS-GSA18;2015;104;PAPELON;6;0.04
MEDITS-GSA18;2015;104;SARDPIL;255;5.9
MEDITS-GSA18;2015;104;SCOMPNE;2;0.01
MEDITS-GSA18;2015;104;SPICSMA;1;0.015
MEDITS-GSA18;2015;104;SPRASPR;2;0.01
MEDITS-GSA18;2015;104;SQUIMAN;2;0.05
MEDITS-GSA18;2015;104;TRACMED;1;0.27
MEDITS-GSA18;2015;104;TRACTRA;18;0.13
MEDITS-GSA18;2015;104;TRISCAP;2;0.005
MEDITS-GSA18;2015;105;ALLOMED;76;0.16
MEDITS-GSA18;2015;105;ALLOSUB;43;0.17
MEDITS-GSA18;2015;105;DORILAN;1;0.01
MEDITS-GSA18;2015;105;ENGRENC;1964;14.76
MEDITS-GSA18;2015;105;ILLECOI;25;0.62
MEDITS-GSA18;2015;105;LOLIVUL;41;0.29
MEDITS-GSA18;2015;105;MCPIDEP;20;0.26
MEDITS-GSA18;2015;105;MERLMER;7;0.335
MEDITS-GSA18;2015;105;MULLBAR;1;0.015
MEDITS-GSA18;2015;105;OCTOVUL;2;0.535
MEDITS-GSA18;2015;105;PAPELON;2;0.01
MEDITS-GSA18;2015;105;SARDPIL;464;7.22
MEDITS-GSA18;2015;105;SCOMPNE;10;0.04
MEDITS-GSA18;2015;105;SPICFLE;3;0.04
MEDITS-GSA18;2015;105;SPRASPR;55;0.24
MEDITS-GSA18;2015;105;SQUIMAN;3;0.025
MEDITS-GSA18;2015;105;TRACTRA;36;0.27
MEDITS-GSA18;2015;107;ALLOMED;10;0.015
MEDITS-GSA18;2015;107;CALMMAC;1;0.005
MEDITS-GSA18;2015;107;ELEDCIR;8;1.29
MEDITS-GSA18;2015;107;ILLECOI;12;0.561
MEDITS-GSA18;2015;107;LEPMBOS;1;0.16
MEDITS-GSA18;2015;107;LOLIVUL;4;0.105
MEDITS-GSA18;2015;107;LOPHBUD;3;0.58
MEDITS-GSA18;2015;107;MACOSCO;2;0.004
MEDITS-GSA18;2015;107;MERLMER;15;0.831
MEDITS-GSA18;2015;107;MICMPOU;1;0.003
MEDITS-GSA18;2015;107;MULLBAR;17;0.836
MEDITS-GSA18;2015;107;PAPELON;4;0.012
MEDITS-GSA18;2015;107;TRACTRA;21;0.11
MEDITS-GSA18;2015;107;TRISCAP;11;0.06
MEDITS-GSA18;2015;109;ALLOMED;91;0.165
MEDITS-GSA18;2015;109;ALLOSUB;18;0.07
MEDITS-GSA18;2015;109;ENGRENC;1260;9.8
MEDITS-GSA18;2015;109;ILLECOI;1;0.002
MEDITS-GSA18;2015;109;LOLIVUL;22;0.15
MEDITS-GSA18;2015;109;MCPIDEP;3;0.09
MEDITS-GSA18;2015;109;MERLMER;3;0.31
MEDITS-GSA18;2015;109;SARDPIL;384;5.8
MEDITS-GSA18;2015;109;SCOMSCO;1;0.015
MEDITS-GSA18;2015;109;SPICFLE;16;0.3
MEDITS-GSA18;2015;109;SPRASPR;3;0.02
MEDITS-GSA18;2015;109;SQUIMAN;1;0.01
MEDITS-GSA18;2015;109;TRACTRA;1;0.01
MEDITS-GSA18;2015;110;ALLOMED;5;0.01
MEDITS-GSA18;2015;110;ALLOSUB;1;0.003
MEDITS-GSA18;2015;110;CALMMAC;3;0.01
MEDITS-GSA18;2015;110;CEPOMAC;3;0.055
MEDITS-GSA18;2015;110;ELEDCIR;5;0.77
MEDITS-GSA18;2015;110;ENGRENC;212;2.56
MEDITS-GSA18;2015;110;GOBIFRI;1;0.002
MEDITS-GSA18;2015;110;ILLECOI;19;0.92
MEDITS-GSA18;2015;110;LOLIVUL;3;0.065
MEDITS-GSA18;2015;110;MACOSCO;1;0.005
MEDITS-GSA18;2015;110;MACRLOG;1;0.003
MEDITS-GSA18;2015;110;MERLMER;6;0.515
MEDITS-GSA18;2015;110;MULLBAR;8;0.34
MEDITS-GSA18;2015;110;PAPELON;3;0.03
MEDITS-GSA18;2015;110;PHYIBLE;1;0.015
MEDITS-GSA18;2015;110;SARDPIL;18;0.35
MEDITS-GSA18;2015;110;SERAHEP;8;0.08
MEDITS-GSA18;2015;110;TODIEBL;1;0.06
MEDITS-GSA18;2015;110;TRACPIC;1;0.01
MEDITS-GSA18;2015;110;TRACTRA;18;0.16
MEDITS-GSA18;2015;110;TRIPLAS;1;0.04
MEDITS-GSA18;2015;110;TRISCAP;11;0.055
MEDITS-GSA18;2015;112;ALLOMED;48;0.1
MEDITS-GSA18;2015;112;ALLOSUB;8;0.03
MEDITS-GSA18;2015;112;ENGRENC;2736;19
MEDITS-GSA18;2015;112;GADAMAR;1;0.015
MEDITS-GSA18;2015;112;ILLECOI;7;0.235
MEDITS-GSA18;2015;112;LOLIVUL;41;0.265
MEDITS-GSA18;2015;112;MCPIDEP;26;0.28
MEDITS-GSA18;2015;112;MERLMER;7;0.29
MEDITS-GSA18;2015;112;MULLBAR;1;0.025
MEDITS-GSA18;2015;112;PAGEERY;1;0.05
MEDITS-GSA18;2015;112;PAPELON;1;0.007
MEDITS-GSA18;2015;112;SARDPIL;228;3.46
MEDITS-GSA18;2015;112;SCOMPNE;10;0.04
MEDITS-GSA18;2015;112;SCOMSCO;1;0.065
MEDITS-GSA18;2015;112;SPICFLE;6;0.14
MEDITS-GSA18;2015;112;SPRASPR;103;0.48
MEDITS-GSA18;2015;112;TRACTRA;57;0.41
MEDITS-GSA18;2015;112;TRISCAP;1;0.005
MEDITS-GSA18;2015;116;ARISFOL;69;1.6
MEDITS-GSA18;2015;116;CHIMMON;2;1.595
MEDITS-GSA18;2015;116;COELCOE;30;1.21
MEDITS-GSA18;2015;116;CONGCON;2;1.04
MEDITS-GSA18;2015;116;ETMOSPI;6;0.524
MEDITS-GSA18;2015;116;GALUMEL;18;2.99
MEDITS-GSA18;2015;116;HELIDAC;22;3.65
MEDITS-GSA18;2015;116;HETEDIS;1;0.005
MEDITS-GSA18;2015;116;HISTREV;3;0.08
MEDITS-GSA18;2015;116;HOPLMED;49;2.66
MEDITS-GSA18;2015;116;HYGOBEN;1;0.002
MEDITS-GSA18;2015;116;HYGOHIG;4;0.005
MEDITS-GSA18;2015;116;HYMEITA;13;0.055
MEDITS-GSA18;2015;116;LAMACRO;38;0.33
MEDITS-GSA18;2015;116;MERLMER;2;2.038
MEDITS-GSA18;2015;116;MOLVDYP;2;0.56
MEDITS-GSA18;2015;116;NEZUSCL;57;1.07
MEDITS-GSA18;2015;116;NOTORIS;1;0.005
MEDITS-GSA18;2015;116;PAGEBOG;26;3.72
MEDITS-GSA18;2015;116;PAPELON;1;0.025
MEDITS-GSA18;2015;116;PAROCUV;1;0.25
MEDITS-GSA18;2015;116;PASISIV;6;0.01
MEDITS-GSA18;2015;116;PHYIBLE;3;0.3
MEDITS-GSA18;2015;116;PLESMAR;91;0.56
MEDITS-GSA18;2015;116;POLCTYP;5;0.035
MEDITS-GSA18;2015;116;TODASAG;2;1.01
MEDITS-GSA18;2015;117;ALLOMED;1;0.003
MEDITS-GSA18;2015;117;ALLOSUB;12;0.09
MEDITS-GSA18;2015;117;BOOPBOO;1;0.03
MEDITS-GSA18;2015;117;ENGRENC;4960;26.68
MEDITS-GSA18;2015;117;LOLIVUL;36;0.26
MEDITS-GSA18;2015;117;MCPIDEP;5;0.1
MEDITS-GSA18;2015;117;MERLMER;3;0.06
MEDITS-GSA18;2015;117;SARDPIL;756;8.56
MEDITS-GSA18;2015;117;SCOMPNE;21;0.1
MEDITS-GSA18;2015;117;SCOMSCO;3;0.2
MEDITS-GSA18;2015;117;SPICFLE;8;0.17
MEDITS-GSA18;2015;117;SPODCAN;1;0.05
MEDITS-GSA18;2015;117;SPRASPR;57;0.23
MEDITS-GSA18;2015;117;SQUIMAN;1;0.01
MEDITS-GSA18;2015;117;TRIGLUC;4;0.24
MEDITS-GSA18;2015;121;ALLOSUB;1;0.005
MEDITS-GSA18;2015;121;BOOPBOO;6;0.15
MEDITS-GSA18;2015;121;DARDARR;1;0.04
MEDITS-GSA18;2015;121;DIPLANN;37;1.18
MEDITS-GSA18;2015;121;DIPLVUL;10;0.18
MEDITS-GSA18;2015;121;DORILAN;5;0.04
MEDITS-GSA18;2015;121;ENGRENC;2822;5.98
MEDITS-GSA18;2015;121;LOLIVUL;23;0.12
MEDITS-GSA18;2015;121;MCPIVER;8;0.09
MEDITS-GSA18;2015;121;MULLBAR;2191;8.235
MEDITS-GSA18;2015;121;MUSTMUS;5;2.965
MEDITS-GSA18;2015;121;OBLAMEL;1;0.07
MEDITS-GSA18;2015;121;OCTOVUL;5;2.25
MEDITS-GSA18;2015;121;PAGEBOG;2;0.015
MEDITS-GSA18;2015;121;PAGEERY;3;0.175
MEDITS-GSA18;2015;121;SARDPIL;14984;36
MEDITS-GSA18;2015;121;SCOMPNE;1;0.003
MEDITS-GSA18;2015;121;SEPIOFF;1;0.285
MEDITS-GSA18;2015;121;SERAHEP;2;0.005
MEDITS-GSA18;2015;121;SPICFLE;45;0.05
MEDITS-GSA18;2015;121;SPODCAN;14;0.06
MEDITS-GSA18;2015;121;SQUIMAN;3;0.065
MEDITS-GSA18;2015;121;TRACMED;17;0.23
MEDITS-GSA18;2015;121;TRIGLUC;1;0.03
MEDITS-GSA18;2015;123;ALLOSUB;2;0.005
MEDITS-GSA18;2015;123;ARNOLAT;20;0.12
MEDITS-GSA18;2015;123;BOOPBOO;14;0.28
MEDITS-GSA18;2015;123;CONGCON;1;0.1
MEDITS-GSA18;2015;123;DASIVIO;1;5.26
MEDITS-GSA18;2015;123;DIPLANN;52;1.75
MEDITS-GSA18;2015;123;DIPLVUL;4;0.18
MEDITS-GSA18;2015;123;DORILAN;14;0.2
MEDITS-GSA18;2015;123;ENGRENC;950;3.44
MEDITS-GSA18;2015;123;GOBINIG;7;0.07
MEDITS-GSA18;2015;123;GOBISUE;1;0.003
MEDITS-GSA18;2015;123;GONERHO;1;0.005
MEDITS-GSA18;2015;123;LOLIVUL;9;0.075
MEDITS-GSA18;2015;123;MCPIDEP;22;0.18
MEDITS-GSA18;2015;123;MULLBAR;411;2.14
MEDITS-GSA18;2015;123;MULLSUR;1;0.01
MEDITS-GSA18;2015;123;OCTOVUL;2;0.34
MEDITS-GSA18;2015;123;PAGEACA;5;0.05
MEDITS-GSA18;2015;123;PAGEBOG;5;0.04
MEDITS-GSA18;2015;123;PAGEERY;92;3.665
MEDITS-GSA18;2015;123;RAJAAST;1;0.065
MEDITS-GSA18;2015;123;SARDPIL;328;1.47
MEDITS-GSA18;2015;123;SCOMPNE;2;0.005
MEDITS-GSA18;2015;123;SEPIOFF;1;0.04
MEDITS-GSA18;2015;123;SERAHEP;30;0.21
MEDITS-GSA18;2015;123;SPARPAG;2;0.125
MEDITS-GSA18;2015;123;SPICFLE;30;0.33
MEDITS-GSA18;2015;123;SPODCAN;3;0.06
MEDITS-GSA18;2015;123;SQUIMAN;8;0.15
MEDITS-GSA18;2015;123;TRACMED;7;0.52
MEDITS-GSA18;2015;123;TRIGLUC;15;0.54
MEDITS-GSA18;2015;123;UMBRCIR;1;4.67
MEDITS-GSA18;2015;125;ALOSFAL;1;0.13
MEDITS-GSA18;2015;125;BOOPBOO;13;0.6
MEDITS-GSA18;2015;125;ENGRENC;2624;16.8
MEDITS-GSA18;2015;125;LEPTCAV;1;0.005
MEDITS-GSA18;2015;125;LOLIVUL;5;0.03
MEDITS-GSA18;2015;125;MCPIDEP;6;0.05
MEDITS-GSA18;2015;125;MERLMER;1;0.012
MEDITS-GSA18;2015;125;MULLBAR;2;0.09
MEDITS-GSA18;2015;125;OCTOVUL;3;0.25
MEDITS-GSA18;2015;125;PAGEERY;2;0.11
MEDITS-GSA18;2015;125;SARDPIL;299;3.82
MEDITS-GSA18;2015;125;SCOMPNE;16;0.055
MEDITS-GSA18;2015;125;SCOMSCO;1;0.06
MEDITS-GSA18;2015;125;SERAHEP;2;0.01
MEDITS-GSA18;2015;125;SPICFLE;4;0.09
MEDITS-GSA18;2015;125;SPRASPR;94;0.48
MEDITS-GSA18;2015;125;SQUIMAN;2;0.01
MEDITS-GSA18;2015;125;TRACMED;3;0.43
MEDITS-GSA18;2015;126;ALLOMED;18;0.04
MEDITS-GSA18;2015;126;ALLOSUB;3;0.01
MEDITS-GSA18;2015;126;BOOPBOO;1;0.025
MEDITS-GSA18;2015;126;ELEDCIR;1;0.42
MEDITS-GSA18;2015;126;ENGRENC;1604;14.4
MEDITS-GSA18;2015;126;ILLECOI;24;0.275
MEDITS-GSA18;2015;126;LOLIVUL;17;0.14
MEDITS-GSA18;2015;126;LOPHBUD;2;0.6
MEDITS-GSA18;2015;126;MCPIDEP;19;0.16
MEDITS-GSA18;2015;126;MERLMER;8;0.87
MEDITS-GSA18;2015;126;MULLBAR;2;0.07
MEDITS-GSA18;2015;126;PAPELON;3;0.015
MEDITS-GSA18;2015;126;SARDPIL;136;2.16
MEDITS-GSA18;2015;126;SCOMPNE;1;0.005
MEDITS-GSA18;2015;126;SPICFLE;6;0.15
MEDITS-GSA18;2015;126;TRACTRA;39;0.26
MEDITS-GSA18;2015;126;TRISCAP;28;0.15
MEDITS-GSA18;2015;129;ALLOMED;17;0.02
MEDITS-GSA18;2015;129;ALLOSUB;5;0.015
MEDITS-GSA18;2015;129;ALPHGLA;2;0.005
MEDITS-GSA18;2015;129;CEPOMAC;3;0.05
MEDITS-GSA18;2015;129;ELEDMOS;1;0.26
MEDITS-GSA18;2015;129;ENGRENC;217;1.86
MEDITS-GSA18;2015;129;GONERHO;1;0.005
MEDITS-GSA18;2015;129;ILLECOI;3;0.125
MEDITS-GSA18;2015;129;LOLIVUL;1;0.01
MEDITS-GSA18;2015;129;MCPIDEP;27;0.37
MEDITS-GSA18;2015;129;MERLMER;2;0.03
MEDITS-GSA18;2015;129;PAPELON;17;0.11
MEDITS-GSA18;2015;129;SARDPIL;186;3.94
MEDITS-GSA18;2015;129;SCOMPNE;1;0.007
MEDITS-GSA18;2015;129;SPICFLE;2;0.045
MEDITS-GSA18;2015;129;SQUIMAN;3;0.095
MEDITS-GSA18;2015;129;TRAHDRA;4;0.35
MEDITS-GSA18;2015;129;TRISCAP;2;0.005
MEDITS-GSA18;2015;131;ALLOMED;10;0.015
MEDITS-GSA18;2015;131;ALLOSUB;5;0.013
MEDITS-GSA18;2015;131;CALMMAC;1;0.005
MEDITS-GSA18;2015;131;ELEDCIR;4;1.2
MEDITS-GSA18;2015;131;ENGRENC;33;0.32
MEDITS-GSA18;2015;131;ILLECOI;41;1.335
MEDITS-GSA18;2015;131;LOLIVUL;1;0.02
MEDITS-GSA18;2015;131;MACOSCO;1;0.002
MEDITS-GSA18;2015;131;MERLMER;20;0.48
MEDITS-GSA18;2015;131;MULLBAR;5;0.205
MEDITS-GSA18;2015;131;PAPELON;1;0.003
MEDITS-GSA18;2015;131;SEPEOWE;1;0.005
MEDITS-GSA18;2015;131;SERAHEP;2;0.01
MEDITS-GSA18;2015;131;SPICSMA;1;0.008
MEDITS-GSA18;2015;131;TODIEBL;1;0.003
MEDITS-GSA18;2015;131;TRACTRA;7;0.04
MEDITS-GSA18;2015;131;TRISCAP;19;0.08
MEDITS-GSA18;2015;132;ALLOMED;107;0.13
MEDITS-GSA18;2015;132;ALLOSUB;26;0.06
MEDITS-GSA18;2015;132;ASPICUC;1;0.01
MEDITS-GSA18;2015;132;ELEDCIR;1;0.22
MEDITS-GSA18;2015;132;ENGRENC;478;5.34
MEDITS-GSA18;2015;132;ILLECOI;26;0.445
MEDITS-GSA18;2015;132;LOLIVUL;1;0.01
MEDITS-GSA18;2015;132;LOPHBUD;1;0.3
MEDITS-GSA18;2015;132;MACRLOG;1;0.002
MEDITS-GSA18;2015;132;MERLMER;36;0.49
MEDITS-GSA18;2015;132;MULLBAR;8;0.33
MEDITS-GSA18;2015;132;PAGEACA;1;0.035
MEDITS-GSA18;2015;132;SEPEOWE;1;0.005
MEDITS-GSA18;2015;132;SERAHEP;2;0.01
MEDITS-GSA18;2015;132;SPICSMA;2;0.025
MEDITS-GSA18;2015;132;TRACTRA;1;0.01
MEDITS-GSA18;2015;132;TRISCAP;51;0.26
MEDITS-GSA18;2015;133;ALLOMED;267;0.3
MEDITS-GSA18;2015;133;ALLOSUB;33;0.09
MEDITS-GSA18;2015;133;ASPICUC;4;0.015
MEDITS-GSA18;2015;133;CALMMAC;1;0.007
MEDITS-GSA18;2015;133;ELEDCIR;2;0.18
MEDITS-GSA18;2015;133;ILLECOI;73;0.97
MEDITS-GSA18;2015;133;LEPTCAV;2;0.015
MEDITS-GSA18;2015;133;LOLIVUL;2;0.015
MEDITS-GSA18;2015;133;MACOSCO;1;0.003
MEDITS-GSA18;2015;133;MERLMER;24;0.845
MEDITS-GSA18;2015;133;MULLBAR;14;0.39
MEDITS-GSA18;2015;133;PAGEACA;1;0.035
MEDITS-GSA18;2015;133;PHYIBLE;1;0.01
MEDITS-GSA18;2015;133;SERAHEP;4;0.02
MEDITS-GSA18;2015;133;SPICSMA;2;0.04
MEDITS-GSA18;2015;133;TRACPIC;1;0.015
MEDITS-GSA18;2015;133;TRACTRA;2;0.015
MEDITS-GSA18;2015;133;TRISCAP;9;0.07
MEDITS-GSA18;2015;134;ALLOMED;32;0.06
MEDITS-GSA18;2015;134;ALLOSUB;6;0.025
MEDITS-GSA18;2015;134;CLOPBIC;1;0.025
MEDITS-GSA18;2015;134;ELEDCIR;24;2.22
MEDITS-GSA18;2015;134;ELEDMOS;1;0.3
MEDITS-GSA18;2015;134;ENGRENC;203;1.32
MEDITS-GSA18;2015;134;ILLECOI;2;0.045
MEDITS-GSA18;2015;134;LOLIVUL;32;0.49
MEDITS-GSA18;2015;134;MACOSCO;6;0.015
MEDITS-GSA18;2015;134;MCPIDEP;1;0.01
MEDITS-GSA18;2015;134;MERLMER;8;0.13
MEDITS-GSA18;2015;134;MULLBAR;2;0.145
MEDITS-GSA18;2015;134;PAPELON;6;0.035
MEDITS-GSA18;2015;134;SARDPIL;106;2.14
MEDITS-GSA18;2015;134;SCOMPNE;1;0.005
MEDITS-GSA18;2015;134;SEPEOWE;1;0.005
MEDITS-GSA18;2015;134;SERACAB;1;0.055
MEDITS-GSA18;2015;134;SERAHEP;3;0.015
MEDITS-GSA18;2015;134;SQUIMAN;10;0.28
MEDITS-GSA18;2015;134;TRACTRA;4;0.025
MEDITS-GSA18;2015;134;TRAHDRA;2;0.18
MEDITS-GSA18;2015;135;ALLOMED;6;0.01
MEDITS-GSA18;2015;135;ALLOSUB;11;0.035
MEDITS-GSA18;2015;135;ARNOTHO;2;0.025
MEDITS-GSA18;2015;135;DIPLANN;1;0.03
MEDITS-GSA18;2015;135;DORILAN;1;0.02
MEDITS-GSA18;2015;135;ENGRENC;4440;33.84
MEDITS-GSA18;2015;135;ILLECOI;1;0.07
MEDITS-GSA18;2015;135;LOLIVUL;38;0.685
MEDITS-GSA18;2015;135;MCPIDEP;1;0.01
MEDITS-GSA18;2015;135;MERLMER;5;0.52
MEDITS-GSA18;2015;135;MULLBAR;49;0.855
MEDITS-GSA18;2015;135;OCTOVUL;4;1.065
MEDITS-GSA18;2015;135;PAGEERY;23;0.99
MEDITS-GSA18;2015;135;SARDPIL;454;6.25
MEDITS-GSA18;2015;135;SCOMPNE;7;0.035
MEDITS-GSA18;2015;135;SCOMSCO;1;0.045
MEDITS-GSA18;2015;135;SPICFLE;8;0.14
MEDITS-GSA18;2015;135;SPRASPR;2;0.005
MEDITS-GSA18;2015;135;SQUIMAN;1;0.035
MEDITS-GSA18;2015;135;TRACMED;1;0.02
MEDITS-GSA18;2015;135;TRIGLUC;1;0.13
MEDITS-GSA18;2015;137;ABRAVER;2;0.01
MEDITS-GSA18;2015;137;ALLOMED;9;0.015
MEDITS-GSA18;2015;137;ENGRENC;32;0.33
MEDITS-GSA18;2015;137;ILLECOI;22;0.48
MEDITS-GSA18;2015;137;MACOSCO;2;0.005
MEDITS-GSA18;2015;137;MACRLOG;1;0.003
MEDITS-GSA18;2015;137;MERLMER;8;0.05
MEDITS-GSA18;2015;137;MULLBAR;15;0.415
MEDITS-GSA18;2015;137;PHYIBLE;1;0.025
MEDITS-GSA18;2015;137;SARDPIL;7;0.13
MEDITS-GSA18;2015;137;TRACTRA;13;0.56
MEDITS-GSA18;2015;137;TRISCAP;10;0.055
MEDITS-GSA18;2015;138;ALLOMED;43;0.09
MEDITS-GSA18;2015;138;ALLOSUB;4;0.01
MEDITS-GSA18;2015;138;CALMMAC;1;0.005
MEDITS-GSA18;2015;138;ELEDCIR;5;1.13
MEDITS-GSA18;2015;138;ENGRENC;441;4.78
MEDITS-GSA18;2015;138;ILLECOI;28;1.55
MEDITS-GSA18;2015;138;LOLIVUL;13;0.18
MEDITS-GSA18;2015;138;MCPIDEP;1;0.01
MEDITS-GSA18;2015;138;MERLMER;10;0.96
MEDITS-GSA18;2015;138;PAPELON;1;0.005
MEDITS-GSA18;2015;138;SARDPIL;1;0.015
MEDITS-GSA18;2015;138;SCOMPNE;1;0.005
MEDITS-GSA18;2015;138;SERACAB;1;0.025
MEDITS-GSA18;2015;138;TRACTRA;9;0.04
MEDITS-GSA18;2015;138;TRISCAP;11;0.05
MEDITS-GSA18;2015;139;ARGESPY;3;0.045
MEDITS-GSA18;2015;139;ARNORUP;78;0.96
MEDITS-GSA18;2015;139;ASPICUC;138;5.96
MEDITS-GSA18;2015;139;CALMMAC;2;0.01
MEDITS-GSA18;2015;139;CALMPHA;3;0.06
MEDITS-GSA18;2015;139;CAPOAPE;14;0.04
MEDITS-GSA18;2015;139;CHLOGRA;3;0.004
MEDITS-GSA18;2015;139;CLORAGA;41;0.12
MEDITS-GSA18;2015;139;ELEDCIR;4;0.86
MEDITS-GSA18;2015;139;GADIARG;7;0.015
MEDITS-GSA18;2015;139;GALUMEL;2;0.77
MEDITS-GSA18;2015;139;HELIDAC;78;1.89
MEDITS-GSA18;2015;139;ILLECOI;5;0.06
MEDITS-GSA18;2015;139;LEPMBOS;9;0.96
MEDITS-GSA18;2015;139;LEPMWHS;3;0.66
MEDITS-GSA18;2015;139;LOPHBUD;1;0.28
MEDITS-GSA18;2015;139;MACOSCO;62;0.58
MEDITS-GSA18;2015;139;MCPITUB;8;0.02
MEDITS-GSA18;2015;139;MERLMER;276;2.46
MEDITS-GSA18;2015;139;MICMPOU;230;4.91
MEDITS-GSA18;2015;139;MOLVDYP;15;0.28
MEDITS-GSA18;2015;139;MULLBAR;23;0.77
MEDITS-GSA18;2015;139;MULLSUR;2;0.185
MEDITS-GSA18;2015;139;MUNIINT;7;0.005
MEDITS-GSA18;2015;139;NEORCAR;1;0.025
MEDITS-GSA18;2015;139;PAPELON;15;0.08
MEDITS-GSA18;2015;139;PHYIBLE;1;0.02
MEDITS-GSA18;2015;139;PLESANT;1;0.002
MEDITS-GSA18;2015;139;PLESHET;82;0.08
MEDITS-GSA18;2015;139;RAJACLA;1;1.16
MEDITS-GSA18;2015;139;RONDMIN;1;0.002
MEDITS-GSA18;2015;139;SCAEUNI;1;0.015
MEDITS-GSA18;2015;139;SCORELO;1;0.14
MEDITS-GSA18;2015;139;SYMPNIG;6;0.025
MEDITS-GSA18;2015;139;TODIEBL;22;0.84
MEDITS-GSA18;2015;139;TRACTRA;4;0.44
MEDITS-GSA18;2015;139;TRISCAP;4;0.04
MEDITS-GSA18;2015;142;ABRAVER;4;0.02
MEDITS-GSA18;2015;142;ARGRHEM;1;0.002
MEDITS-GSA18;2015;142;ARISFOL;158;1.95
MEDITS-GSA18;2015;142;CHLOGRA;4;0.005
MEDITS-GSA18;2015;142;CLORAGA;1;0.005
MEDITS-GSA18;2015;142;COELCOE;87;1.74
MEDITS-GSA18;2015;142;CONGCON;3;0.19
MEDITS-GSA18;2015;142;ETMOSPI;14;0.485
MEDITS-GSA18;2015;142;GALUMEL;11;1.3
MEDITS-GSA18;2015;142;HELIDAC;2;0.14
MEDITS-GSA18;2015;142;HOPLMED;9;0.22
MEDITS-GSA18;2015;142;HYGOBEN;5;0.005
MEDITS-GSA18;2015;142;HYGOHIG;14;0.01
MEDITS-GSA18;2015;142;HYMEITA;15;0.07
MEDITS-GSA18;2015;142;LEPMBOS;2;0.145
MEDITS-GSA18;2015;142;MERLMER;15;5.15
MEDITS-GSA18;2015;142;MICMPOU;3;0.59
MEDITS-GSA18;2015;142;MOLVDYP;1;0.45
MEDITS-GSA18;2015;142;MYCOPUN;1;0.002
MEDITS-GSA18;2015;142;NEPRNOR;4;0.1
MEDITS-GSA18;2015;142;NEZUSCL;3;0.035
MEDITS-GSA18;2015;142;PAGEBOG;35;2.71
MEDITS-GSA18;2015;142;PAPELON;161;1.59
MEDITS-GSA18;2015;142;PASISIV;6930;4.2
MEDITS-GSA18;2015;142;PHYIBLE;24;0.35
MEDITS-GSA18;2015;142;PLESEDW;2;0.002
MEDITS-GSA18;2015;142;PLESHET;9;0.03
MEDITS-GSA18;2015;142;POLCTYP;21;0.145
MEDITS-GSA18;2015;142;PONTLAC;1;0.001
MEDITS-GSA18;2015;142;ROSSMAC;1;0.145
MEDITS-GSA18;2015;142;SOLOMEM;2;0.005
MEDITS-GSA18;2015;142;STOMBOA;4;0.03
MEDITS-GSA18;2015;142;TODASAG;2;0.55
MEDITS-GSA18;2015;143;ARISFOL;21;0.64
MEDITS-GSA18;2015;143;ARITANT;29;1.17
MEDITS-GSA18;2015;143;CERAMAD;2;0.003
MEDITS-GSA18;2015;143;CONGCON;1;0.44
MEDITS-GSA18;2015;143;ELEDCIR;1;0.07
MEDITS-GSA18;2015;143;ETMOSPI;5;0.15
MEDITS-GSA18;2015;143;GALUMEL;11;1.41
MEDITS-GSA18;2015;143;HELIDAC;7;1.22
MEDITS-GSA18;2015;143;HISTBON;3;1.62
MEDITS-GSA18;2015;143;HISTREV;5;0.35
MEDITS-GSA18;2015;143;HOPLMED;28;2.06
MEDITS-GSA18;2015;143;HYGOHIG;1;0.001
MEDITS-GSA18;2015;143;HYMEITA;11;0.045
MEDITS-GSA18;2015;143;LAMACRO;38;0.38
MEDITS-GSA18;2015;143;MERLMER;1;0.98
MEDITS-GSA18;2015;143;MICMPOU;1;0.24
MEDITS-GSA18;2015;143;NEZUSCL;23;0.38
MEDITS-GSA18;2015;143;PAGEBOG;1;0.14
MEDITS-GSA18;2015;143;PAPELON;10;0.135
MEDITS-GSA18;2015;143;PASISIV;79;0.095
MEDITS-GSA18;2015;143;PERICAT;1;0.025
MEDITS-GSA18;2015;143;PHYIBLE;3;0.58
MEDITS-GSA18;2015;143;PLESMAR;49;0.34
MEDITS-GSA18;2015;143;POLCTYP;17;0.08
MEDITS-GSA18;2015;143;SCALSCA;2;0.005
MEDITS-GSA18;2015;143;STOMBOA;1;0.01
MEDITS-GSA18;2015;143;TODASAG;1;0.24
MEDITS-GSA18;2015;143;TRARTRA;1;0.04
MEDITS-GSA18;2015;144;ARGRHEM;1;0.002
MEDITS-GSA18;2015;144;ARISFOL;4;0.15
MEDITS-GSA18;2015;144;ARITANT;3;0.17
MEDITS-GSA18;2015;144;CHAUSLO;2;0.01
MEDITS-GSA18;2015;144;CHIMMON;1;0.22
MEDITS-GSA18;2015;144;COELCOE;3;0.04
MEDITS-GSA18;2015;144;ETMOSPI;6;0.405
MEDITS-GSA18;2015;144;GALUMEL;21;2.36
MEDITS-GSA18;2015;144;HELIDAC;12;1.88
MEDITS-GSA18;2015;144;HISTBON;2;0.18
MEDITS-GSA18;2015;144;HISTREV;18;0.54
MEDITS-GSA18;2015;144;HOPLMED;174;16.67
MEDITS-GSA18;2015;144;HYMEITA;4;0.02
MEDITS-GSA18;2015;144;LAMACRO;4;0.025
MEDITS-GSA18;2015;144;LOPHBUD;1;4.52
MEDITS-GSA18;2015;144;MERLMER;5;3.375
MEDITS-GSA18;2015;144;MICMPOU;1;0.36
MEDITS-GSA18;2015;144;MOLVDYP;1;2.32
MEDITS-GSA18;2015;144;NEMISCO;1;0.005
MEDITS-GSA18;2015;144;NEZUSCL;32;0.6
MEDITS-GSA18;2015;144;NOTORIS;1;0.005
MEDITS-GSA18;2015;144;PAGEBOG;2;0.15
MEDITS-GSA18;2015;144;PAPELON;2;0.035
MEDITS-GSA18;2015;144;PARTMAC;1;0.02
MEDITS-GSA18;2015;144;PASISIV;5;0.005
MEDITS-GSA18;2015;144;PHYIBLE;5;1.38
MEDITS-GSA18;2015;144;PLESMAR;51;0.38
MEDITS-GSA18;2015;144;POLCTYP;20;0.08
MEDITS-GSA18;2015;144;SCYMLIC;1;4.2
MEDITS-GSA18;2015;144;SEREDAE;4;0.002
MEDITS-GSA18;2015;144;TODASAG;2;1.64
MEDITS-GSA18;2015;144;TRARTRA;15;0.77
MEDITS-GSA18;2015;145;ABRAVER;5;0.03
MEDITS-GSA18;2015;145;ARGRHEM;4;0.005
MEDITS-GSA18;2015;145;ARISFOL;1;0.015
MEDITS-GSA18;2015;145;CALMPHA;4;0.045
MEDITS-GSA18;2015;145;CERAMAD;1;0.002
MEDITS-GSA18;2015;145;CHLOGRA;1;0.003
MEDITS-GSA18;2015;145;CLORAGA;187;4.15
MEDITS-GSA18;2015;145;COELCOE;164;4.23
MEDITS-GSA18;2015;145;ELEDCIR;4;0.92
MEDITS-GSA18;2015;145;GADIARG;5;0.045
MEDITS-GSA18;2015;145;GALUMEL;78;4.01
MEDITS-GSA18;2015;145;HELIDAC;5;0.2
MEDITS-GSA18;2015;145;HETEDIS;1;0.003
MEDITS-GSA18;2015;145;HISTBON;2;0.105
MEDITS-GSA18;2015;145;HISTREV;2;0.08
MEDITS-GSA18;2015;145;HOPLMED;2;0.005
MEDITS-GSA18;2015;145;HYGOHIG;1;0.002
MEDITS-GSA18;2015;145;HYMEITA;22;0.06
MEDITS-GSA18;2015;145;LEPMBOS;5;0.46
MEDITS-GSA18;2015;145;MCPITUB;2;0.015
MEDITS-GSA18;2015;145;MERLMER;41;3.16
MEDITS-GSA18;2015;145;MICMPOU;60;7.91
MEDITS-GSA18;2015;145;MOLVDYP;2;0.52
MEDITS-GSA18;2015;145;MYCOPUN;1;0.002
MEDITS-GSA18;2015;145;NEPRNOR;19;0.86
MEDITS-GSA18;2015;145;PAGEBOG;25;2.02
MEDITS-GSA18;2015;145;PAGUALA;1;0.01
MEDITS-GSA18;2015;145;PAPELON;132;1.08
MEDITS-GSA18;2015;145;PAROCUV;1;0.4
MEDITS-GSA18;2015;145;PASISIV;73;0.04
MEDITS-GSA18;2015;145;PHYIBLE;3;0.54
MEDITS-GSA18;2015;145;PLESHET;9;0.025
MEDITS-GSA18;2015;145;POLCTYP;4;0.01
MEDITS-GSA18;2015;145;ROSSMAC;2;0.07
MEDITS-GSA18;2015;145;SEPEOWE;2;0.01
MEDITS-GSA18;2015;145;SYMBVER;2;0.005
MEDITS-GSA18;2015;145;TODASAG;1;0.26
MEDITS-GSA18;2015;145;TODIEBL;11;1.52
MEDITS-GSA18;2015;145;TRACPIC;2;0.9
MEDITS-GSA18;2015;145;TRACTRA;1;0.22
MEDITS-GSA18;2015;146;ALLOMED;339;0.285
MEDITS-GSA18;2015;146;ARNOLAT;1;0.005
MEDITS-GSA18;2015;146;ARNORUP;1;0.005
MEDITS-GSA18;2015;146;ASPICUC;19;0.32
MEDITS-GSA18;2015;146;ENGRENC;2;0.045
MEDITS-GSA18;2015;146;ILLECOI;10;0.245
MEDITS-GSA18;2015;146;LEPICAU;1;0.04
MEDITS-GSA18;2015;146;LEPMBOS;1;0.08
MEDITS-GSA18;2015;146;LEPMWHS;2;0.47
MEDITS-GSA18;2015;146;LOLIFOR;2;0.005
MEDITS-GSA18;2015;146;MACOSCO;1;0.01
MEDITS-GSA18;2015;146;MERLMER;11;0.245
MEDITS-GSA18;2015;146;MULLBAR;60;1.535
MEDITS-GSA18;2015;146;OCTOSAL;1;0.045
MEDITS-GSA18;2015;146;RAJACLA;2;0.745
MEDITS-GSA18;2015;146;SEPEOWE;1;0.005
MEDITS-GSA18;2015;146;SPICSMA;5;0.1
MEDITS-GSA18;2015;146;TODIEBL;6;0.36
MEDITS-GSA18;2015;146;TRACPIC;5;0.26
MEDITS-GSA18;2015;146;TRACTRA;15;0.4
MEDITS-GSA18;2015;146;TRISCAP;9;0.08
MEDITS-GSA18;2015;147;ABRAVER;5;0.02
MEDITS-GSA18;2015;147;ASPICUC;1;0.003
MEDITS-GSA18;2015;147;ELEDCIR;1;0.115
MEDITS-GSA18;2015;147;ENGRENC;1492;16.06
MEDITS-GSA18;2015;147;EUTRGUR;3;0.06
MEDITS-GSA18;2015;147;ILLECOI;7;0.305
MEDITS-GSA18;2015;147;LEPTCAV;1;0.005
MEDITS-GSA18;2015;147;MERLMER;12;1.58
MEDITS-GSA18;2015;147;MULLBAR;23;0.63
MEDITS-GSA18;2015;147;PAPELON;3;0.025
MEDITS-GSA18;2015;147;SARDPIL;37;0.67
MEDITS-GSA18;2015;147;SERAHEP;2;0.01
MEDITS-GSA18;2015;147;TODIEBL;1;0.25
MEDITS-GSA18;2015;147;TRACTRA;13;0.095
MEDITS-GSA18;2015;147;TRISCAP;9;0.05
MEDITS-GSA18;2015;148;ALLOMED;2;0.005
MEDITS-GSA18;2015;148;CAPOAPE;2;0.01
MEDITS-GSA18;2015;148;ELEDCIR;3;1.02
MEDITS-GSA18;2015;148;ENGRENC;97;1.12
MEDITS-GSA18;2015;148;EUTRGUR;1;0.005
MEDITS-GSA18;2015;148;ILLECOI;12;0.545
MEDITS-GSA18;2015;148;LEPTCAV;3;0.045
MEDITS-GSA18;2015;148;MACOSCO;4;0.015
MEDITS-GSA18;2015;148;MERLMER;3;0.315
MEDITS-GSA18;2015;148;MULLBAR;20;0.77
MEDITS-GSA18;2015;148;PAPELON;2;0.008
MEDITS-GSA18;2015;148;SARDPIL;15;0.29
MEDITS-GSA18;2015;148;SERAHEP;4;0.02
MEDITS-GSA18;2015;148;TRACTRA;15;0.09
MEDITS-GSA18;2015;148;TRISCAP;17;0.06
MEDITS-GSA18;2015;148;ZEUSFAB;1;0.035
MEDITS-GSA18;2015;150;ALLOMED;30;0.04
MEDITS-GSA18;2015;150;ALLOSUB;1;0.005
MEDITS-GSA18;2015;150;ASPICUC;1;0.005
MEDITS-GSA18;2015;150;CALMMAC;2;0.01
MEDITS-GSA18;2015;150;CAPOAPE;1;0.002
MEDITS-GSA18;2015;150;DROMPER;1;0.02
MEDITS-GSA18;2015;150;ELEDCIR;3;0.72
MEDITS-GSA18;2015;150;ILLECOI;64;1.835
MEDITS-GSA18;2015;150;LEPMBOS;1;0.24
MEDITS-GSA18;2015;150;LEPTCAV;1;0.015
MEDITS-GSA18;2015;150;LOPHBUD;1;0.16
MEDITS-GSA18;2015;150;MACOSCO;19;0.04
MEDITS-GSA18;2015;150;MERLMER;41;2.255
MEDITS-GSA18;2015;150;MULLBAR;12;0.56
MEDITS-GSA18;2015;150;PAGEACA;1;0.065
MEDITS-GSA18;2015;150;PHYIBLE;1;0.04
MEDITS-GSA18;2015;150;SCOMPNE;1;0.26
MEDITS-GSA18;2015;150;SCORSCO;1;0.105
MEDITS-GSA18;2015;150;SEPIORB;2;0.14
MEDITS-GSA18;2015;150;SERAHEP;8;0.05
MEDITS-GSA18;2015;150;SPICSMA;5;0.12
MEDITS-GSA18;2015;150;TODIEBL;4;0.045
MEDITS-GSA18;2015;150;TRACPIC;1;0.025
MEDITS-GSA18;2015;150;TRACTRA;10;0.34
MEDITS-GSA18;2015;150;TRISCAP;9;0.08
MEDITS-GSA18;2015;151;ALLOSUB;1;0.002
MEDITS-GSA18;2015;151;ARGRHEM;5;0.004
MEDITS-GSA18;2015;151;ARISFOL;10;0.08
MEDITS-GSA18;2015;151;CHIMMON;1;0.01
MEDITS-GSA18;2015;151;CHLOGRA;22;0.015
MEDITS-GSA18;2015;151;CLORAGA;10;0.055
MEDITS-GSA18;2015;151;COELCOE;19;0.38
MEDITS-GSA18;2015;151;CONGCON;3;0.36
MEDITS-GSA18;2015;151;ELEDCIR;1;0.17
MEDITS-GSA18;2015;151;ETMOSPI;1;0.08
MEDITS-GSA18;2015;151;GALUMEL;1;0.305
MEDITS-GSA18;2015;151;HELIDAC;1;0.001
MEDITS-GSA18;2015;151;HOPLMED;16;0.12
MEDITS-GSA18;2015;151;HYGOBEN;5;0.01
MEDITS-GSA18;2015;151;HYMEITA;56;0.18
MEDITS-GSA18;2015;151;ICHTOVA;1;0.002
MEDITS-GSA18;2015;151;ILLECOI;4;0.325
MEDITS-GSA18;2015;151;LEPICAU;10;0.12
MEDITS-GSA18;2015;151;LEPMBOS;2;0.13
MEDITS-GSA18;2015;151;MCPITUB;1;0.005
MEDITS-GSA18;2015;151;MERLMER;18;4.665
MEDITS-GSA18;2015;151;MICMPOU;33;4.67
MEDITS-GSA18;2015;151;MUNIINT;1;0.002
MEDITS-GSA18;2015;151;NEORCAR;1;0.07
MEDITS-GSA18;2015;151;NEPRNOR;2;0.05
MEDITS-GSA18;2015;151;NEZUSCL;10;0.03
MEDITS-GSA18;2015;151;NOTSELO;33;0.045
MEDITS-GSA18;2015;151;PAGEBOG;2;0.24
MEDITS-GSA18;2015;151;PAPELON;216;1.51
MEDITS-GSA18;2015;151;PASISIV;2451;1.9
MEDITS-GSA18;2015;151;PHYIBLE;61;1.45
MEDITS-GSA18;2015;151;PLESHET;17;0.035
MEDITS-GSA18;2015;151;PLESMAR;9;0.005
MEDITS-GSA18;2015;151;POLCTYP;5;0.03
MEDITS-GSA18;2015;151;PONPSPI;1;0.002
MEDITS-GSA18;2015;151;PROCMED;12;0.01
MEDITS-GSA18;2015;151;RONDMIN;4;0.005
MEDITS-GSA18;2015;151;SEPEOWE;7;0.04
MEDITS-GSA18;2015;151;SOLOMEM;37;0.07
MEDITS-GSA18;2015;151;TODIEBL;3;0.34
MEDITS-GSA18;2015;152;ARISFOL;4;0.08
MEDITS-GSA18;2015;152;ARITANT;63;1.795
MEDITS-GSA18;2015;152;CHIMMON;3;1.11
MEDITS-GSA18;2015;152;CLORAGA;1;0.015
MEDITS-GSA18;2015;152;COELCOE;45;1.98
MEDITS-GSA18;2015;152;CONGCON;2;10.74
MEDITS-GSA18;2015;152;ETMOSPI;13;1.12
MEDITS-GSA18;2015;152;GALUMEL;30;4.88
MEDITS-GSA18;2015;152;GERYLON;1;0.04
MEDITS-GSA18;2015;152;HELIDAC;10;2.23
MEDITS-GSA18;2015;152;HISTREV;2;0.16
MEDITS-GSA18;2015;152;HOPLMED;140;10.7
MEDITS-GSA18;2015;152;HYMEITA;8;0.05
MEDITS-GSA18;2015;152;MERLMER;1;3.1
MEDITS-GSA18;2015;152;NEZUSCL;18;0.3
MEDITS-GSA18;2015;152;NOTABON;4;0.05
MEDITS-GSA18;2015;152;PAGUALA;1;0.04
MEDITS-GSA18;2015;152;PAROCUV;1;1.68
MEDITS-GSA18;2015;152;PHYIBLE;10;1.34
MEDITS-GSA18;2015;152;PLESMAR;89;0.56
MEDITS-GSA18;2015;152;POLCTYP;23;0.11
MEDITS-GSA18;2015;152;SCYMLIC;1;6.62
MEDITS-GSA18;2015;152;SUDIHYA;1;0.01
MEDITS-GSA18;2015;152;TODASAG;3;1
MEDITS-GSA18;2015;152;TODIEBL;3;0.26
MEDITS-GSA18;2015;154;ALLOMED;22;0.02
MEDITS-GSA18;2015;154;CONGCON;1;0.09
MEDITS-GSA18;2015;154;ENGRENC;195;1.3
MEDITS-GSA18;2015;154;ILLECOI;15;0.556
MEDITS-GSA18;2015;154;LOLIVUL;4;0.047
MEDITS-GSA18;2015;154;LOPHBUD;1;0.49
MEDITS-GSA18;2015;154;MERLMER;3;0.038
MEDITS-GSA18;2015;154;MULLBAR;33;1.013
MEDITS-GSA18;2015;154;OCTOVUL;1;0.044
MEDITS-GSA18;2015;154;PAPELON;1;0.003
MEDITS-GSA18;2015;154;SARDPIL;13;0.25
MEDITS-GSA18;2015;154;SPICFLE;6;0.12
MEDITS-GSA18;2015;154;TRACMED;3;0.5
MEDITS-GSA18;2015;154;TRACTRA;3;0.012
MEDITS-GSA18;2015;154;TRISCAP;9;0.02
MEDITS-GSA18;2015;156;ALLOSUB;1;0.005
MEDITS-GSA18;2015;156;ARNOTHO;2;0.015
MEDITS-GSA18;2015;156;LOLIVUL;308;1.252
MEDITS-GSA18;2015;156;OCTOVUL;16;5.32
MEDITS-GSA18;2015;156;RAJAMIR;1;0.26
MEDITS-GSA18;2015;156;SERAHEP;2;0.01
MEDITS-GSA18;2015;156;SPICSMA;17;0.24
MEDITS-GSA18;2015;156;SYNDSAU;8;1.08
MEDITS-GSA18;2015;156;TRAHDRA;2;0.06
MEDITS-GSA18;2015;156;TRIPLAS;6;0.11
MEDITS-GSA18;2015;157;ALLOMED;13;0.02
MEDITS-GSA18;2015;157;ASPICUC;7;0.18
MEDITS-GSA18;2015;157;BLENOCE;2;0.03
MEDITS-GSA18;2015;157;BOOPBOO;1;0.02
MEDITS-GSA18;2015;157;ELEDCIR;1;0.21
MEDITS-GSA18;2015;157;EUTRGUR;1;0.003
MEDITS-GSA18;2015;157;ILLECOI;22;0.487
MEDITS-GSA18;2015;157;LEPTCAV;1;0.01
MEDITS-GSA18;2015;157;MACOSCO;6;0.01
MEDITS-GSA18;2015;157;MERLMER;13;0.379
MEDITS-GSA18;2015;157;MULLBAR;24;0.729
MEDITS-GSA18;2015;157;OCTOVUL;1;0.163
MEDITS-GSA18;2015;157;OPHCRUF;1;0.015
MEDITS-GSA18;2015;157;PAPELON;7;0.041
MEDITS-GSA18;2015;157;SARDPIL;9;0.17
MEDITS-GSA18;2015;157;SEPIORB;1;0.015
MEDITS-GSA18;2015;157;SERAHEP;4;0.02
MEDITS-GSA18;2015;157;SPICSMA;25;0.46
MEDITS-GSA18;2015;157;SYMPNIG;1;0.005
MEDITS-GSA18;2015;157;TODIEBL;2;0.03
MEDITS-GSA18;2015;157;TRACTRA;7;0.05
MEDITS-GSA18;2015;157;TRISCAP;2;0.01
MEDITS-GSA18;2015;157;URANSCA;1;0.23
MEDITS-GSA18;2015;158;ALLOMED;2;0.005
MEDITS-GSA18;2015;158;ALLOSUB;34;0.07
MEDITS-GSA18;2015;158;BOOPBOO;1;0.03
MEDITS-GSA18;2015;158;ELEDCIR;2;0.32
MEDITS-GSA18;2015;158;ENGRENC;45;0.41
MEDITS-GSA18;2015;158;HOMAVUL;1;0.08
MEDITS-GSA18;2015;158;ILLECOI;14;0.302
MEDITS-GSA18;2015;158;LOLIVUL;1;0.015
MEDITS-GSA18;2015;158;MACOSCO;1;0.015
MEDITS-GSA18;2015;158;MERLMER;6;0.726
MEDITS-GSA18;2015;158;MULLBAR;23;1.035
MEDITS-GSA18;2015;158;SARDPIL;8;0.17
MEDITS-GSA18;2015;158;SCORSCO;1;0.09
MEDITS-GSA18;2015;158;SERACAB;2;0.1
MEDITS-GSA18;2015;158;SERAHEP;1;0.01
MEDITS-GSA18;2015;158;SPICFLE;1;0.025
MEDITS-GSA18;2015;158;TORPMAR;1;0.171
MEDITS-GSA18;2015;158;TRACMED;1;0.14
MEDITS-GSA18;2015;158;TRACTRA;5;0.025
MEDITS-GSA18;2015;158;TRISCAP;1;0.005
MEDITS-GSA18;2015;158;URANSCA;1;0.24
MEDITS-GSA18;2015;160;ALLOMED;6;0.005
MEDITS-GSA18;2015;160;ALLOSUB;4;0.005
MEDITS-GSA18;2015;160;BOOPBOO;1;0.01
MEDITS-GSA18;2015;160;ENGRENC;2888;25.7
MEDITS-GSA18;2015;160;ILLECOI;10;0.35
MEDITS-GSA18;2015;160;LOLIVUL;7;0.025
MEDITS-GSA18;2015;160;MCPIDEP;92;0.96
MEDITS-GSA18;2015;160;MERLMER;6;0.32
MEDITS-GSA18;2015;160;PAPELON;9;0.095
MEDITS-GSA18;2015;160;PROCMED;1;0.003
MEDITS-GSA18;2015;160;SARDPIL;610;9.7
MEDITS-GSA18;2015;160;SCOMPNE;2;0.015
MEDITS-GSA18;2015;160;SCOMSCO;6;0.5
MEDITS-GSA18;2015;160;SERAHEP;2;0.025
MEDITS-GSA18;2015;160;SPICFLE;1;0.02
MEDITS-GSA18;2015;160;SQUIMAN;3;0.03
MEDITS-GSA18;2015;160;TRISCAP;3;0.01
MEDITS-GSA18;2015;161;ALLOMED;152;0.22
MEDITS-GSA18;2015;161;ALLOSUB;2;0.015
MEDITS-GSA18;2015;161;ASPICUC;1;0.08
MEDITS-GSA18;2015;161;CAPOAPE;1;0.002
MEDITS-GSA18;2015;161;ELEDCIR;1;0.2
MEDITS-GSA18;2015;161;ENGRENC;13;0.15
MEDITS-GSA18;2015;161;GLOSLEI;47;0.07
MEDITS-GSA18;2015;161;ILLECOI;41;0.95
MEDITS-GSA18;2015;161;LOPHBUD;1;0.16
MEDITS-GSA18;2015;161;MACOSCO;8;0.01
MEDITS-GSA18;2015;161;MACRLOG;1;0.002
MEDITS-GSA18;2015;161;MERLMER;7;0.58
MEDITS-GSA18;2015;161;MULLBAR;28;1.245
MEDITS-GSA18;2015;161;PAGEACA;1;0.04
MEDITS-GSA18;2015;161;PAGEERY;1;0.055
MEDITS-GSA18;2015;161;PHYIBLE;1;0.015
MEDITS-GSA18;2015;161;SCOMPNE;1;0.16
MEDITS-GSA18;2015;161;SCORELO;2;0.64
MEDITS-GSA18;2015;161;SERACAB;6;0.2
MEDITS-GSA18;2015;161;SERAHEP;4;0.03
MEDITS-GSA18;2015;161;SPICFLE;1;0.02
MEDITS-GSA18;2015;161;SPICSMA;6;0.07
MEDITS-GSA18;2015;161;TODIEBL;2;0.085
MEDITS-GSA18;2015;161;TRACTRA;27;0.5
MEDITS-GSA18;2015;161;TRIGLYR;1;0.06
MEDITS-GSA18;2015;161;TRISCAP;4;0.065
MEDITS-GSA18;2015;161;ZEUSFAB;1;0.12
MEDITS-GSA18;2015;162;ALLOMED;15;0.03
MEDITS-GSA18;2015;162;ALLOSUB;2;0.005
MEDITS-GSA18;2015;162;ARGESPY;4;0.05
MEDITS-GSA18;2015;162;CAPOAPE;1;0.003
MEDITS-GSA18;2015;162;CONGCON;1;0.13
MEDITS-GSA18;2015;162;ELEDCIR;2;0.4
MEDITS-GSA18;2015;162;ENGRENC;1;0.015
MEDITS-GSA18;2015;162;ILLECOI;28;0.535
MEDITS-GSA18;2015;162;LOLIVUL;3;0.035
MEDITS-GSA18;2015;162;MCPITUB;2;0.005
MEDITS-GSA18;2015;162;MERLMER;8;0.22
MEDITS-GSA18;2015;162;MULLBAR;31;1.065
MEDITS-GSA18;2015;162;SCOMPNE;1;0.14
MEDITS-GSA18;2015;162;SPICSMA;1;0.02
MEDITS-GSA18;2015;162;TODIEBL;2;0.2
MEDITS-GSA18;2015;162;TRACTRA;21;0.32
MEDITS-GSA18;2015;162;TRISCAP;8;0.055
