N;MeditsCode;ScientificName;SourceReference;Reference;Remarks;CATFAU;CODLON;Valid_Name_Ifremer_reference;Year;Note
1;ABRAVER;Abralia veranyi;F;ENOP;;C;0;Abralia verany (Rüppell, 1844);;
2;ABRIMOR;Abraliopsis morisii;F;ENOP;;C;0;Abraliopsis morisii (Vérany, 1839);2011;LM
3;ABRRALB;Abra alba;R;p. 339 Tav. 129;;Emb;0;Abra alba (Wood W., 1802);;
4;ACANEXI;Acantephyra eximia;Z;84;;B;m;Acanthephyra eximia S.I. Smith, 1884;;
5;ACANPEL;Acanthephyra pelagica;Z;86;;B;m;Acanthephyra pelagica (Risso, 1816);;
6;ACANSPP;Acanthephyra spp.;Z;83;;B;m;Acanthephyra A. Milne Edwards, 1881;2011;LM,  MT
7;ACATPAL;Acantholabrus palloni;C;145.02.01;;Ao;0;Acantholabrus palloni (Risso, 1810);;
8;ACTARIC;Actinauge richardi;;;;Ecn;0;Actinauge richardi (Marion, 1882);2011;LM, MT
9;ACTIEQU;Actinia equina;;;;Ecn;0;Actinia equina (Linnaeus, 1758);2011;LM
10;ACTISPP;Actinia spp.;;;;Ecn;0;Actinia Linnaeus, 1767;2011;LM
11;ADAMCAR;Adamsia carciniopados;;;;Ecn;0;Adamsia carciniopados (Otto, 1823);2011;LM
12;AEQUOPE;Aequipecten opercularis;F;PECT Aeq 1;;Dmb;0;Aequipecten opercularis (Linnaeus, 1758);;d1
13;AGELORO;Agelas oroides;;;;Esp;0;Agelas oroides (Schmidt, 1864);2011;LM
14;ALCYPAL;Alcyonium palmatum;;;;Ecn;0;Alcyonium palmatum Pallas, 1766;;
15;ALCYSPP;Alcyonium spp;;;;Ecn;;Alcyonium spp;2013;AJ
16;ALEPROS;Alepocephalus rostratus;C;30.01.01;;Ao;0;Alepocephalus rostratus Risso, 1820;;
17;ALLOMED;Alloteuthis media;F;LOLIG Allot 3;;C;0;Alloteuthis media (Linnaeus, 1758);;
18;ALLOSPP;Alloteuthis spp.;F;LOLIG Allot;;C;0;Alloteuthis Wülker, 1920;;
19;ALLOSUB;Alloteuthis subulata;F;LOLIG Allot 2;;C;0;Alloteuthis subulata (Lamarck, 1798);;
20;ALOPVUL;Alopias vulpinus;C;9.01.01;;Ae;0;Alopias vulpinus (Bonnaterre, 1788);;
21;ALOSFAL;Alosa fallax;C;33.06.03;;Ao;0;Alosa fallax (Lacepède, 1803);;
22;ALPHGLA;Alpheus glaber;F;ALPH Alph 5;;B;m;Alpheus glaber (Olivi, 1792);;
23;ALPHPLA;Alpheus platydactylus;;;;B;m;Alpheus platydactylus Coutière, 1897;;
24;AMATSEM;Amathia semiconvoluta;;;;Ebr;0;Amathia semiconvoluta (Lamouroux, 1824);2011;LM, MT
25;AMPHSQU;Amphipholis squamata;;;;Eec;0;Amphipholis squamata (Delle Chiaje, 1828);2011;MT
26;AMYGLUT;Amygdalum luteum;;D'Onghia;;Emb;0;Amygdalum politum (Verrill & Smith, 1880);;
27;ANADCOR;Anadara corbuloides;;;;Emb;0;Anadara corbuloides (Monterosato, 1878);2011;SB, MT
28;ANADDIL;Anadara diluvii;F;ARC Anad 3;;Dmb;0;Scapharca demiri (Piani, 1981);;
29;ANAMRIS;Anamathia rissoana;Z;465;;B;m;Anamathia rissoana (Roux, 1828);;
30;ANAPBIC;Anapagurus bicorniger;Z;259;;B;m;Anapagurus bicorniger A. Milne-Edwards & Bouvier, 1892;;
31;ANAPLAE;Anapagurus laevis;Z;256;;B;m;Anapagurus laevis (Bell, 1845);;
32;ANARGRA;Anarchias euryurus (grassii);C;73.03.01;;Ao;0;Anarchias euryurus (Lea, 1913);;
33;ANCINIC;Ancistroteuthis lichtensteini;F;ONYCHO;;C;0;Ancistroteuthis lichtensteinii (Férussac [in Férussac & d'Orbigny], 1835);;
34;ANCOLES;Ancistrocheirus lesueurii;F;ENOP;;C;0;Ancistrocheirus lesueurii (d'Orbigny, 1842);2011;LM
35;ANDRPAR;Andresia partenopea;;;;Ecn;0;Andresia partenopea (Andres, 1884);2011;MT
36;ANGUANG;Anguilla anguilla;C;71.01.01;;Ao;0;Anguilla anguilla (Linnaeus, 1758);;
37;ANOMEPH;Anomia ephippium;;;;Emb;0;Anomia ephippium Linnaeus, 1758;2011;MT
38;ANSEPLA;Anseropoda placenta;;;;Eec;0;Anseropoda placenta (Pennant, 1777);2011;SB, MT
39;ANTEMED;Antedon mediterranea;;;;Eec;0;Antedon mediterranea Lamarck, 1816;2011;SB, LM, MT
40;ANTESPP;Antedon spp;;;;Eec;;Antedon spp;2013;AJ
41;ANTHANT;Anthias anthias;C;124.02.01;;Ao;0;Anthias anthias (Linnaeus, 1758);;
42;ANTOMEG;Antonogadus megalokynodon;C;101.19.02;;Ao;0;Gaidropsarus biscayensis (Collett, 1890);;
43;ANTOSPP;Antonogadus spp.;C;101.19;;Ao;0;Gaidropsarus Rafinesque, 1810;;
44;APERADR;Aperiovula adriatica;;;;Emg;0;Aperiovula adriatica (G.B. Sowerby I, 1828);2011;MT
45;APHIMIN;Aphia minuta;C;162.02.01;;Ao;0;Aphia minuta (Risso, 1810);;
46;APHRACU;Aphrodita aculeata;;;;Epo;0;Aphrodita aculeata Linnaeus, 1761;2011;SB, LM, MT
47;APLYFAS;Aplysia fasciata;;;;Emo;0;Aplysia fasciata Poiret, 1789;2011;MT
48;APLYSPP;Aplysia spp.;;;;Emo;0;Aplysia Linnaeus, 1767;2011;MT
49;APOGIMB;Apogon imberbis;C;127.01.01;;Ao;0;Apogon imberbis (Linnaeus, 1758);;
50;APORPES;Aporrhais pespelecani;F;APOR Apor 1;;Dmg;0;Aporrhais pespelecani (Linnaeus, 1758);;
51;APORSER;Aporrhais serresianus;F;APOR Apor 2;;Dmg;0;Aporrhais serresianus (Michaud, 1828);;
52;APTECAE;Apterichthus caecus;C;86.02.01;;Ao;0;Apterichtus caecus (Linnaeus, 1758);;
53;ARGESPY;Argentina sphyraena;C;46.01.01;;Ao;0;Argentina sphyraena Linnaeus, 1758;;
54;ARGOOLE;Argobuccinum olearium;F;CYM Argo 1;;Dmg;0;Ranella olearia (Linnaeus, 1758);;
55;ARGRACU;Argyropelecus aculeatus;C;38.02.02;??;Ao;0;Argyropelecus aculeatus Valenciennes, 1850;;
56;ARGRHEM;Argyropelecus hemigymnus;C;38.02.01;;Ao;0;Argyropelecus hemigymnus Cocco, 1829;;
57;ARGUARG;Argonauta argo;F;ARGO Argo 1;;C;0;Argonauta argo Linnaeus, 1758;2011;LM
58;ARGYREG;Argyrosomus regius;C;137.02.01;;Ao;0;Argyrosomus regius (Asso, 1801);;
59;ARIOBAL;Ariosoma balearicum;C;82.02.01;;Ao;0;Ariosoma balearicum (Delaroche, 1809);;
60;ARISFOL;Aristaeomorpha foliacea;F;ARIST Aris 1;;B;m;Aristaeomorpha foliacea (Risso, 1827);;
61;ARITANT;Aristeus antennatus;F;ARIST Arist 1;;B;m;Aristeus antennatus (Risso, 1816);;
62;ARMIMAC;Armina maculata;F;NAT Natic 1;;Dmg;0;Armina maculata Rafinesque, 1814;;
63;ARMITIG;Armina tigrina;R;RIEDL;;Dmg;0;Armina tigrina Rafinesque, 1814;;
64;ARNOIMP;Arnoglossus imperialis;C;196.02.02;;Ao;0;Arnoglossus imperialis (Rafinesque, 1810);;
65;ARNOKES;Arnoglossus kessleri;C;196.02.03;;Ao;0;Arnoglossus kessleri Schmidt, 1915;2011;LM, MT
66;ARNOLAT;Arnoglossus laterna;C;196.02.01;;Ao;0;Arnoglossus laterna (Walbaum, 1792);;
67;ARNORUP;Arnoglossus rueppelli;C;196.02.04;;Ao;0;Arnoglossus rueppelii (Cocco, 1844);;
68;ARNOSPP;Arnoglossus spp.;C;196.2;;Ao;0;Arnoglossus Bleeker, 1872;2011;LM
69;ARNOTHO;Arnoglossus thori;C;196.02.05;;Ao;0;Arnoglossus thori Kyle, 1913;;
70;ASCEASP;Ascidiella aspersa;;;;Etu;0;Ascidiella aspersa (O.F. Müller, 1776);2011;LM
71;ASCESCA;Ascidiella scabra;;;;Etu;0;Ascidiella scabra (O.F. Müller, 1776);2011;LM
72;ASCESPP;Ascidiella spp.;;;;Etu;0;Ascidiella Roule, 1883;2011;MT
73;ASCIMEN;Ascidia mentula;;;;Etu;0;Ascidia mentula O.F. Müller, 1776;2011;SB, LM, MT
74;ASCIVIR;Ascidia virginea;;;;Etu;0;Ascidia virginea O.F. Müller, 1776;2011;MT
75;ASDOMUE;Aspidosiphon muelleri muelleri;;;;Esi;0;Aspidosiphon muelleri muelleri Diesing, 1851;2011;MT
76;ASPICUC;Aspitrigla cuculus;C;185.02.01;;Ao;0;Aspitrigla cuculus (Linnaeus, 1758);;
77;ASPIOBS;Aspitrigla obscura;C;185.02.02;;Ao;0;Chelidonichthys obscurus (Block & Schneider, 1801);;
78;ASTRARA;Astropecten aranciacus;;;;Eec;0;Astropecten aranciacus (Linnaeus, 1758);2011;SB, LM, MT
79;ASTRBIS;Astropecten bispinosus;;;;Eec;0;Astropecten bispinosus (Otto, 1823);2011;SB, LM, MT
80;ASTRIRR;Astropecten irregularis pentacanthus;;;;Eec;0;Astropecten irregularis pentacanthus (Delle Chiaje, 1825);2011;SB, LM, MT
81;ASTRJON;Astropecten jonstoni;;;;Eec;0;Astropecten jonstoni (Delle Chiaje, 1825);2011;LM
82;ASTRSPI;Astropecten spinulosus;;;;Eec;0;Astropecten spinulosus (Philippi, 1837);2011;SB, LM
83;ASTRSPP;Astropecten spp.;;;;Eec;0;Astropecten Gray, 1840;;
84;ASTSMED;Astrospartus mediterraneus;;;;Eec;0;Astrospartus mediterraneus (Risso, 1826);2011;MT
85;ATELROT;Atelecyclus rotundatus;Z;342;;B;m;Atelecyclus rotundatus (Olivi, 1792);;
86;ATRIFRA;Atrina fragilis;F;PINN Atr 4;;Dmb;0;Atrina pectinata (Linnaeus, 1767);;
87;AULOFIL;Aulopus filamentosus;C;50.01.01;;Ao;0;Aulopus filamentosus (Bloch, 1792);;
88;AXINCAN;Axinella cannabina;;;;Esp;0;Axinella cannabina (Esper, 1794);2011;LM
89;BALICAR;Balistes carolinensis;C;201.01.02;;Ao;0;Balistes capriscus Gmelin, 1789;;
90;BASOPRO;Bathysolea profundicola;C;198.02.01;;Ao;0;Bathysolea profundicola (Vaillant, 1888);;
91;BATHDUB;Bathypterois dubius;C;53.01.01;;Ao;0;Bathypterois dubius Vaillant, 1888;;a1
92;BATHMED;Bathypterois mediterraneus;C;53.01.02;;Ao;0;Bathypterois dubius Vaillant, 1888;;a1
93;BATISPO;Bathypolypus sponsalis;F;OCT Bath 2;;C;0;Bathypolypus sponsalis (P. Fischer & H. Fischer, 1892);;
94;BATONIG;Bathophilus nigerrimus;C;42.02.01;;Ao;0;Bathophilus nigerrimus Giglioli, 1882;2011;SB, LM, MT
95;BATYMAR;Bathynectes maravigna;F;PORT;;B;m;Bathynectes maravigna (Prestandrea, 1839);;c1
96;BATYSUP;Bathynectes superbus;Z;382;;B;m;Bathynectes maravigna (Prestandrea, 1839);;c1
97;BELLAPO;Bellotia apoda;C;172.03.01;;Ao;0;Bellottia apoda Giglioli, 1883;;
98;BENSGLA;Benthosema glaciale;C;58.02.01;;Ao;0;Benthosema glaciale (Reinhardt, 1837);;
99;BENTROB;Benthocometes robustus;C;172.04.01;;Ao;0;Benthocometes robustus (Goode & Bean, 1886);;
100;BERTAUR;Berthella aurantiaca;;;;Emo;0;Berthella aurantiaca (Risso, 1818);2011;MT
101;BERYDEC;Beryx decadactylus;C;112.01.01;;Ao;0;Beryx decadactylus Cuvier, 1829;;
102;BERYSPL;Beryx splendens;C / G;112.1.2 / 90;AL;Ao;0;Beryx splendens Lowe, 1834;;
103;BLENBAS;Lipophrys (Blennius) basiliscus;C;164.01.03;;Ao;0;Salaria basilisca (Valenciennes, 1836);;
104;BLENCRI;Scartella (Blennius) cristata (crinitus);C;164.01.06;;Ao;0;Scartella cristata (Linnaeus, 1758);;
105;BLENGAT;Parablennius (Blennius) gattorugine;C;164.01.08;;Ao;0;Parablennius gattorugine (Linnaeus, 1758);;
106;BLENOCE;Blennius ocellaris;C;164.01.01;;Ao;0;Blennius ocellaris Linnaeus, 1758;;
107;BLENPAV;Lipophrys (Blennius) pavo;C;164.01.12;;Ao;0;Salaria pavo (Risso, 1810);;
108;BLENSPP;Blenniidae;C;164;;Ao;0;Blenniidae;;
109;BLENSPY;Aidablennius (Blennius) sphynx;C;164.01.17;;Ao;0;Aidablennius sphynx (Valenciennes, 1836);;
110;BLENTEN;Parablennius (Blennius) tentaculari;C;164.01.18;;Ao;0;Parablennius tentacularis (Brünnich, 1768);;
111;BOOPBOO;Boops boops;C;139.02.01;;Ao;0;Boops boops (Linnaeus, 1758);;
112;BOROANT;Borostomias antarcticus;C;39.02.01;;Ao;0;Borostomias antarcticus (Lönnberg, 1905);;
113;BOTHPOD;Bothus podas;C;196.01.01;;Ao;0;Bothus podas (Delaroche, 1809);;
114;BOTRSCH;Botryllus schlosseri;;;;Etu;0;Botryllus schlosseri (Pallas, 1766);2011;SB, LM, MT
115;BOTRSPP;Botryllus;;;;Etu;0;Botryllus Gaertner, 1774;2011;SB
116;BRACRII;Brachioteuthis riisei;F;BRACHIO Bra. 2;;C;0;Brachioteuthis riisei (Steenstrup, 1882);;
117;BRAMBRA;Brama brama;C;133.02.01;;Ao;0;Brama brama (Bonnaterre, 1788);2011;MT
118;BRANSEX;Brachynotus sexdentatus;Z;431;;B;m;Brachynotus sexdentatus (Risso, 1827);2011;MT
119;BRINCOR;Brisingella coronata;;;;Eec;0;Brisingella coronata (G. O. Sars, 1871);2011;LM
120;BRIOLYR;Brissopsis lyrifera;;;;Eec;0;Brissopsis lyrifera (Forbes, 1841);2011;LM
121;BRISUNI;Brissus unicolor;;;;Eec;0;Brissus unicolor (Leske, 1778);2011;SB
122;BUCCCOR;Buccinulum corneum;F;BUCC Buc 1;;Dmg;0;Buccinulum corneum (Linnaeus, 1758);;
123;BUCCHUN;Buccinum humphreysianum;F;BUCC;?;Dmg;0;Buccinum humphreysianum Bennet, 1824;;
124;BUCCSPP;Buccinum spp.;F;BUCC;;Dmg;0;Buccinulum Deshayes, 1830;;
125;BUGLLUT;Buglossidium luteum;C;198.03.01;;Ao;0;Buglossidium luteum (Risso, 1810);;
126;BUNOVER;Bunodactis verrucosa;;;;Ecn;0;Bunodactis verrucosa (Pennant, 1777);2011;MT
127;BURSLEA;Bursatella leachi;;;AL;Emo;0;Bursatella leachi Blainville, 1817;2011;MT
128;CALAGRA;Calappa granulata;F;CAL Cal 2;;B;m;Calappa granulata (Linnaeus, 1758);;
129;CALATUE;Calappa tuerkayana;;;;B;m;Calappa tuerkayana Pastore, 1995;2011;LM
130;CALCTUB;Calcinus tubularis;;;;B;m;Calcinus tubularis (Linnaeus, 1767);;
131;CALGVER;Callogorgia verticillata;;;;Ecn;0;Callogorgia verticillata (Pallas, 1766);2011;MT
132;CALICHI;Calyptraea chinensis;;D'Angelo;;Emg;0;Calyptraea chinensis (Linnaeus, 1758);;
133;CALLRIS;Callionymus risso;C;163a.1.7.;;Ao;0;Callionymus risso Lesueur, 1814;;a2
134;CALLRUB;Callanthias ruber;C;124.03.01;;Ao;0;Callanthias ruber (Rafinesque, 1810);;
135;CALMFAS;Callionymus fasciatus;C;163a.1.3;;Ao;0;Callionymus fasciatus Valenciennes, 1837;2011;LM
136;CALMLYR;Callionymus lyra;C;163a.1.1;;Ao;0;Callionymus lyra Linnaeus, 1758;;
137;CALMMAC;Callionymus maculatus;C;163a.1.3;;Ao;0;Callionymus maculatus Rafinesque, 1810;;
138;CALMPHA;Synchiropus (Callionymus) phaeton;C;163a.1.4;;Ao;0;Synchiropus phaeton (Günther, 1861);;
139;CALMRIS;Callionymus risso;C;163a.1.7;;Ao;0;Callionymus risso Lesueur, 1814;;a2
140;CALMSPP;Callionymus;C;163a.1;;Ao;0;Callionymus Linnaeus, 1758;;
141;CALOCOR;Calocarides coronatus;;;?;B;m;Calocarides coronatus (Trybom, 1904);;
142;CALOMAC;Calocaris macandreae;Z;225;;B;m;Calocaris macandreae Bell, 1846;;
143;CALPNOB;Calpensia nobilis;;;;Ebr;0;Calpensia nobilis (Esper, 1796);2011;MT
144;CALTPAR;Calliactis parasitica;;;;Ecn;0;Calliactis parasitica (Couch, 1838);2011;LM, MT
145;CANCCAN;Cancellaria cancellata;F;GASTEROPODA F14;;Emg;0;Cancellaria cancellata (Linnaeus, 1767);;
146;CANIGRA;Calliostoma granulatum;F;TROCH;;Emg;0;Calliostoma (Ampullotrochus) granulatum (Von Born, 1778);;
147;CANILAU;Calliostoma (Calliostoma) laugeri laugeri;;;;Emg;0;Calliostoma (Calliostoma) laugeri laugeri (Payraudeau, 1826);2011;MT
148;CANIZIZ;Calliostoma  (Calliostoma) zizyphinum;;;;Emg;0;Calliostoma (Calliostoma) zizyphinum (Linnaeus, 1758);2011;SB
149;CAPOAPE;Capros aper;C;123.01.01;;Ao;0;Capros aper (Linnaeus, 1758);;
150;CARAHIP;Caranx hippos;C;131.01.01;;Ao;0;Caranx hippos (Linnaeus, 1766);;
151;CARARHO;Caranx rhonchus;C;131.01.05;;Ao;0;Caranx rhonchus Geoffroy Saint-Hilaire, 1817;;
152;CARCPLU;Carcharhinus plumbeus;C;13.01.07;;Ae;0;Carcharhinus plumbeus (Nardo, 1827);;
153;CARCSPP;Carcharhinus spp.;C;13.1;;Ae;0;Carcharhinus Blainville, 1816;;
154;CARDACU;Acanthocardia aculeata;F;CARD Acan 1;;Dmb;0;Acanthocardia aculeata (Linnaeus, 1758);;
155;CARDECH;Acanthocardia (Cardium) echinata;F;CARD Acan 2;;Dmb;0;Acanthocardia echinata (Linnaeus, 1758);;
156;CARDSPI;Acanthocardia spinosa;;D'Angelo;;Dmb;0;Acanthocardia spinosa (Solander, 1786);;
157;CARISPP;Cardiomya spp.;R;p. 348;;Emb;0;Cardiomya Adams A., 1864;;
158;CARISTE;Caridion steveni;F;HIPPOL;? ?;B;m;Caridion steveni Lebour, 1930;;
159;CARPACU;Carapus acus;C;175.01.01;;Ao;0;Carapus acus (Brünnich, 1768);;
160;CARYSMI;Caryophyllia smithii;;;;Ecn;0;Caryophyllia smithii Stokes & Broderip, 1828;2011;MT
161;CASSECH;Cassidaria echinophora;F;CASS Cass 1;;Dmg;0;Galeodea echinophora (Linnaeus, 1758);;
162;CASSSAB;Phalium (Cassis) saburon;F;CAS Phal 2;;Dmg;0;Phalium saburon (Bruguière, 1792);;
163;CASSTYR;Cassidaria tyrrhena;F;CASS Cass 2;;Dmg;0;Galeodea rugosa (Linnaeus, 1771);;
164;CATAALL;Cataetyx alleni;C;172.06.01;;Ao;0;Cataetyx alleni (Byrne, 1906);;
165;CAVOTRI;Cavolinia tridentata;;;;Emo;0;Cavolinia tridentata (Niebuhr, 1775 ex Forskål ms.);2011;SB
166;CECACIR;Centracanthus cirrus;C;141.01.01;;Ao;0;Centracanthus cirrus Rafinesque, 1810;;
167;CELLHAS;Celleporina hassalli;;;;Ebr;0;Celleporina hassalli (Johnston, 1847);2011;MT
168;CENONIG;Centrolophus niger;C;176.01.01;;Ao;0;Centrolophus niger (Gmelin, 1789);;
169;CENSLON;Centrostephanus longispinus;;;;Eec;0;Centrostephanus longispinus (Philippi, 1845);2011;MT
170;CENTGRA;Centrophorus granulosus;C;16.01.02;;Ae;0;Centrophorus granulosus (Bloch & Schneider, 1801);;
171;CENTUYA;Centrophorus uyato;C;16.02.04;;Ae;0;Centrophorus uyato (Rafinesque, 1810);;
172;CEPHVOL;Dactylopterus (Cephalacanthus) volitans;C;193.01.01;;Ao;0;Dactylopterus volitans (Linnaeus, 1758);;
173;CEPOMAC;Cepola rubescens (macrophthalma);C;128.01.01;;Ao;0;Cepola macrophthalma (Linnaeus, 1758);;
174;CERAMAD;Cerastocopelus maderensis;C;58.04.01;;Ao;0;Ceratoscopelus maderensis (Lowe, 1839);;
175;CERMGRE;Ceramaster grenadensis;;;;Eec;0;Ceramaster grenadensis (Perrier, 1881);2011;LM
176;CHAELON;Chaetaster longipes;;;;Eec;0;Chaetaster longipes (Retzius, 1805);2011;MT
177;CHAUSLO;Chauliodus sloani;C;40.01.01;;Ao;0;Chauliodus sloani Bloch & Schneider, 1801;;
178;CHEOLAB;Chelon labrosus;C;181.02.01;;Ao;0;Chelon labrosus (Risso, 1827);;
179;CHIMMON;Chimaera monstrosa;C;26.01.01;;Ae;0;Chimaera monstrosa Linnaeus, 1758;;
180;CHIRVER;Chiroteuthis veranii;F;CHIRO Chiro 1;;C;0;Chiroteuthis veranii (Férussac, 1835);2011;LM
181;CHLAOPE;Chlamys opercularis;F;PECT Aeq 1;;Dmb;0;Aequipecten opercularis (Linnaeus, 1758);;d1
182;CHLAVAR;Chlamys varia;F;PECT Chlam 1;;Dmb;0;Mimachlamys varia (Linnaeus, 1758);;
183;CHLOGRA;Chlorotocus crassicornis (gracilipes);Z;98;;B;m;Chlorotocus crassicornis (A. Costa, 1871);;
184;CHONREN;Chondrosia reniformis;;;;Esp;0;Chondrosia reniformis Nardo, 1847;2011;MT
185;CHROCHR;Chromis chromis;C;144.01.01;;Ao;0;Chromis chromis (Linnaeus, 1758);;
186;CHTESIC;Chtenopteryx sicula;F;CTENO Cteno 1;;C;0;Chtenopteryx sicula (Vérany, 1851);2011;SB, LM
187;CIDACID;Cidaris cidaris;;;;Eec;0;Cidaris cidaris (Linnaeus, 1758);2011;SB, LM, MT
188;CIONINT;Ciona intestinalis;;;;Etu;0;Ciona intestinalis (Linnaeus, 1767);2011;MT
189;CIRCCAS;Circomphalus casinus;F;VEN;;Dmb;0;Venus casina Linnaeus, 1758;;
190;CIROBOR;Cirolana borealis;;;;Bis;0;Cirolana borealis Lilljeborg, 1852;;
191;CITHMAC;Citharus linguatula (macrolepidotus);C;194.01.01;;Ao;0;Citharus linguatula (Linnaeus, 1758);;
192;CLAUFAS;Clausinella fasciata;;;;Emb;;Clausinella fasciata (Da Costa, 1778);2013;AJ
193;CLOPBIC;Chlopsis bicolor;C;77.01.01;;Ao;0;Chlopsis bicolor Rafinesque, 1810;;
194;CLORAGA;Chlorophthalmus agassizi;C;55.01.01;;Ao;0;Chlorophthalmus agassizi Bonaparte, 1840;;
195;COBLGAL;Coryphoblennius galerita;C;164.02.01;;Ao;0;Coryphoblennius galerita (Linnaeus, 1758);;
196;CODIBUR;Codium bursa;;;;V;;Codium bursa (Olivi) C.Agardh, 1817;2011;SB, MT
198;CODISPP;Codium spp;;;;V;;Codium spp. J. Stackhouse, 1797;2013;AJ
197;CODIVER;Codium vermilara;;;;V;;Codium vermilara (Olivi) Delle Chiaje, 1829;2011;MT
199;COELCOE;Coelorhynchus coelorhynchus;C;99.12.01;;Ao;0;Coelorinchus caelorhincus (Risso, 1810);;
200;COELOCC;Coelorhynchus occa (C. labiatus);C;99.12.02;;Ao;0;Coelorinchus occa (Goode & Bean, 1885);;
201;CONGCON;Conger conger;C;82.01.01;;Ao;0;Conger conger (Linnaeus, 1758);;
202;CORIJUL;Coris julis;C;145.04.01;;Ao;0;Coris julis (Linnaeus, 1758);;
203;CORSCAS;Corystes cassivelaunus;Z;340;;B;m;Corystes cassivelaunus (Pennant, 1777);2011;SB
204;CORYGUN;Coryphaenoides guentheri;C;99.13.02;;Ao;0;Coryphaenoides guentheri (Vaillant, 1888);;
205;CRANSPP;Crangon sp.;F;CRANG;;B;m;Crangon J.C. Fabricius, 1798;;
206;CRASGIG;Crassostrea gigas;F;OSTR Crass 1;AL;Dmb;0;Crassostrea gigas (Thunberg, 1793);;
207;CRASSPP;Crassostrea spp.;F;OSTR;;Dmb;0;Crassostrea Sacco, 1897;;
208;CUBIGRA;Cubiceps gracilis;C;177.02.01;;Ao;0;Cubiceps gracilis (Lowe, 1843);;
209;CUSPCUS;Cuspidaria cuspidata;;;;Emb;0;Cuspidaria cuspidata (Olivi, 1792);;
210;CYCLBRA;Cyclothone braueri;C;37.04.03;;Ao;m;Cyclothone braueri Jespersen & Tåning, 1926;2011;SB
211;CYCLPIG;Cyclothone pygmaea;C;37.04.08;;Ao;m;Cyclothone pygmaea Jespersen & Tåning, 1926;;
212;CYCLSPP;Cyclothone spp.;C;37.4;;Ao;m;Cyclothone Goode & Bean, 1883;;
213;CYLICYL;Cylichna cylindracea;;;;Emo;0;Cylichna cylindracea (Pennant, 1777);2011;MT
214;CYMACOR;Cymatium corrogatum;F;CYM Cym 1;;Emg;0;Cymatium (Monoplex) corrugatum corrugatum (Lamarck, 1816);;
215;CYMBOLL;Cymbium olla;;;?;Dmg;0;Cymbium olla (Linnaeus, 1758);;
216;CYMUPER;Cymbulia peronii;;;;Emo;0;Cymbulia peronii Lamarck, 1819;2011;SB
217;CYNPFER;Cynoponticus ferox;C;79.01.01;;Ao;0;Cynoponticus ferox Costa, 1846;;
218;CYSSCOM;Cystoseira compressa f. compressa;;;;V;;Cystoseira compressa f. compressa (Esper) Gerloff et Nizamuddin, 1975;2011;MT
219;CYSTDEL;Cystodytes dellechiaiae;;;;Etu;0;Cystodytes dellechiaiae (Della Valle, 1877);2011;MT
220;DALOIMB;Dalophis imberbis;C;86.03.01;;Ao;0;Dalophis imberbis (Delaroche, 1809);;
221;DARDARR;Dardanus arrosor;Z;241;;B;m;Dardanus arrosor (Herbst, 1796);;
222;DARDCAL;Dardanus calidus;Z;242;;B;m;Dardanus calidus (Risso, 1827);;
223;DARDSPP;Dardanus spp.;Z;240;;B;m;Dardanus Paulson, 1875;2011;SB
224;DASICEN;Dasyatis centroura;C;22.01.02;;Ae;0;Dasyatis centroura (Mitchill, 1815);;
225;DASIPAS;Dasyatis pastinaca;C;22.01.01;;Ae;0;Dasyatis pastinaca (Linnaeus, 1758);;b1
226;DASITOR;Dasyatis tortonesi;C;22.01.04;;Ae;0;Dasyatis pastinaca (Linnaeus, 1758);;b1
227;DASIVIO;Dasyatis violacea;C;22.01.03;;Ae;0;Pteroplatytrygon violacea (Bonaparte, 1832);;
228;DENDSPP;Dendrodoris spp.;;;;Emo;0;Dendrodoris Ehrenberg, 1831;2011;MT
229;DENTDEN;Dentex dentex;C;139.03.01;;Ao;0;Dentex dentex (Linnaeus, 1758);;
230;DENTGIB;Dentex gibbosus;C;139.03.03;;Ao;0;Dentex gibbosus (Rafinesque, 1810);;
231;DENTMAC;Dentex macrophthalmus;C;139.03.04;;Ao;0;Dentex macrophthalmus (Bloch, 1791);;
232;DENTMAR;Dentex maroccanus;C;139.03.05;;Ao;0;Dentex maroccanus Valenciennes, 1830;;
233;DENTSPP;Dentalium spp.;;;;Esc;0;Dentaliidae Children, 1834;;
234;DEOARA;Deosergestes arachnipodus;;;;B;m;Deosergestes arachnipodus (Cocco, 1832);2011;LM
235;DIAPHOL;Diaphus holti;C;58.06.05;;Ao;0;Diaphus holti Tåning, 1918;;
236;DIAPMET;Diaphus metopoclampus;C;58.06.07;;Ao;0;Diaphus metopoclampus (Cocco, 1829);;
237;DIAPRAF;Diaphus rafinesquei;C;58.06.09;;Ao;0;Diaphus rafinesquii (Cocco, 1838);;
238;DIAPSPP;Diaphus spp.;C;58.6;;Ao;0;Diaphus Eigenmann & Eigenmann, 1890;;
239;DIAZVIO;Diazona violacea;;;;Etu;0;Diazona violacea Savigny, 1816;2011;MT
240;DICAMAY;Dicranodromia mayheuxi;Z;297;? ?;B;m;Dicranodromia mahieuxii A. Milne-Edwards, 1883;;
241;DICELAB;Dicentrarchus labrax;C;124.04.01;;Ao;0;Dicentrarchus labrax (Linnaeus, 1758);;
242;DICEPUN;Dicentrarchus punctatus;C;124.04.02;;Ao;0;Dicentrarchus punctatus (Bloch, 1792);;
243;DICOCUN;Dicologoglossa cuneata;C;198.04.02;?;Ao;0;Dicologlossa cuneata (Moreau, 1881);;
244;DIDEMAC;Didemnum maculosum;;;;Etu;0;Didemnum maculosum (Milne-Edwards, 1841);2011;MT
245;DIDESPP;Didemnum spp.;;;;Etu;0;Didemnum Savigny, 1816;2011;MT
246;DIODITA;Diodora italica;;;;Emg;0;Diodora italica (Defrance, 1820);;
247;DIPGBIM;Diplacogaster bimaculata;C;208.02.01;;Ao;0;Diplecogaster bimaculata bimaculata (Bonnaterre, 1788);;
248;DIPLANN;Diplodus annularis;C;139.04.01;;Ao;0;Diplodus annularis (Linnaeus, 1758);;
249;DIPLCER;Diplodus cervinus cervinus;C;139.04.02;;Ao;0;Diplodus cervinus cervinus (Lowe, 1838);;
250;DIPLPUN;Diplodus puntazo;C;139.08.01;;Ao;0;Diplodus puntazzo (Cetti, 1777);;
251;DIPLSAR;Diplodus sargus;C;139.04.03;;Ao;0;Diplodus sargus sargus (Linnaeus, 1758);;
252;DIPLVUL;Diplodus vulgaris;C;139.04.04;;Ao;0;Diplodus vulgaris (Geoffroy Saint-Hilaire, 1817);;
253;DISMVAR;Distomus variolosus;;;;Etu;0;Distomus variolosus Gaertner, 1774;2011;MT
254;DISTMAG;Distaplia magnilarva;;;;Etu;0;Distaplia magnilarva Della Valle, 1881;2011;MT
255;DORHTHO;Dorhynchus thomsoni;Z;467;;B;m;Dorhynchus thomsoni Wyville & Thomson, 1873;;c2
256;DORILAN;Dorippe lanata;Z;312;;B;m;Medorippe lanata (Linnaeus, 1767);;
257;DORITHO;Dorhynchus thomsoni;Z;467;;B;m;Dorhynchus thomsoni Wyville & Thomson, 1873;;c2
258;DORSPSE;Doris pseudoargus;;;;Emo;0;Doris pseudoargus Rapp, 1827;2011;MT
259;DORSSTI;Doris sticta;;;;Emo;0;Doris sticta (Iredale & O'Donoghue, 1923);2011;MT
260;DORSVER;Doris verrucosa;R;p. 304 Tav. 116;;Emo;0;Doris verrucosa Linnaeus, 1758;;
261;DOSISPP;Dosinia spp.;;;;Dmb;0;Dosinia Scopoli, 1777;;
262;DROMPER;Dromia personata;F;DROM Drom 1;;B;m;Dromia personata (Linnaeus, 1758);;
263;DUSSELO;Dussumieria elopsoides;G;48;AL;Ao;0;Dussumieria elopsoides Bleeker, 1849;;
264;EBALCRA;Ebalia cranchi;Z;329;;B;m;Ebalia cranchii Leach, 1817;;
265;EBALNUX;Ebalia nux;Z;328;;B;m;Ebalia nux A. Milne-Edwards, 1883;;
266;ECHASEP;Echinaster sepositus;;;;Eec;0;Echinaster sepositus (Retzius, 1783);2011;SB, LM, MT
267;ECHCCOR;Echinocardium cordatum;;;;Eec;0;Echinocardium cordatum (Pennant, 1777);2011;SB
268;ECHCMED;Echinocardium mediterraneum;;;;Eec;0;Echinocardium mediterraneum (Forbes, 1844);2011;MT
269;ECHEMIR;Echelus myrus;C;84.01.01;;Ao;0;Echelus myrus (Linnaeus, 1758);;
270;ECHIDEN;Echiodon dentatus;C;175.02.02;;Ao;0;Echiodon dentatus (Cuvier, 1829);;
271;ECHNACU;Echinus acutus;;;;Eec;0;Echinus acutus Lamarck, 1816;2011;SB, MT
272;ECHNMEL;Echinus melo;;;;Eec;0;Echinus melo Lamarck, 1816;2011;SB, LM, MT
273;ELECRIS;Electrona rissoi;C;58.08.01;;Ao;0;Electrona risso (Cocco, 1829);;
274;ELEDCIR;Eledone cirrhosa;F;OCT Eled 1;;C;0;Eledone cirrhosa (Lamarck, 1798);;
275;ELEDMOS;Eledone moschata;F;OCT Eled 2;;C;0;Eledone moschata (Lamarck, 1798);;
276;ELEDSPP;Eledone spp.;F;OCT Eled;;C;0;Eledone Leach, 1817;;
277;ENGRENC;Engraulis encrasicolus;C;35.01.01;;Ao;0;Engraulis encrasicolus (Linnaeus, 1758);;
278;EPHIGUT;Ephippion guttiferum;C;204.01.01;?;Ao;0;Ephippion guttifer (Bennett, 1831);;
279;EPIGCON;Epigonus constanciae;C;127.02.03;;Ao;0;Epigonus constanciae (Giglioli, 1880);;
280;EPIGDEN;Epigonus denticulatus;C;127.02.02;;Ao;0;Epigonus denticulatus Dieuzeide, 1950;;
281;EPIGSPP;Epigonus spp.;C;127.2;;Ao;0;Epigonus Rafinesque, 1810;2011;SB
282;EPIGTEL;Epigonus telescopus;C;127.02.01;;Ao;0;Epigonus telescopus (Risso, 1810);;
283;EPINAEN;Epinephelus aeneus;C;124.05.01;;Ao;0;Epinephelus aeneus (Geoffroy Saint-Hilaire, 1817);;
284;EPINALE;Epinephelus alexandrinus;C;124.05.02;;Ao;0;Epinephelus costae (Steindachner, 1878);;
285;EPINCAN;Epinephelus caninus;C;124.05.03;;Ao;0;Epinephelus caninus (Valenciennes, 1843);;
286;EPINGUA;Epinephelus guaza;C;124.05.04;;Ao;0;Epinephelus marginatus (Lowe, 1834);;
287;EPINSPP;Epinephelus spp.;C;124.5;;Ao;0;Epinephelus Bloch, 1793;;
288;EPIZARE;Epizoanthus arenaceus;;;;Ecn;0;Epizoanthus arenaceus (Delle Chiaje, 1822);2011;MT
289;EPIZSPP;Epizoanthus spp.;;;;Ecn;0;Epizoanthus Gray, 1867;2011;LM
290;ERETKLE;Eretmophorus kleinenbergi;C;103.01.01;;Ao;0;Eretmophorus kleinenbergi Giglioli, 1889;;
291;ERGACLO;Ergasticus clouei;Z;463;;B;m;Ergasticus clouei A. Milne-Edwards, 1882;;
292;ETHUMAS;Ethusa mascarone;Z;309;;B;m;Ethusa mascarone (Herbst, 1785);;
293;ETMOSPI;Etmopterus spinax;C;16.06.01;;Ae;0;Etmopterus spinax (Linnaeus, 1758);;
294;EUCHLIG;Euchirograpsus liguricus;Z;429;;B;m;Euchirograpsus liguricus H. Milne-Edwards, 1853;;
295;EUNIVER;Eunicella verrucosa;;;;Ecn;0;Eunicella verrucosa (Pallas, 1766);2011;SB
296;EUPHKRO;Euphausia krohni;;;;Beu;m;Euphausia krohni (Brandt, 1851);2011;LM
297;EUPHSPP;Euphausiidae;;;;Beu;m;Euphausiidae Dana, 1852;;
298;EURYASP;Eurynome aspera;Z;462;;B;m;Eurynome aspera (Pennant, 1777);;
299;EUTRGUR;Eutrigla gurnardus;C;185.03.01;;Ao;0;Eutrigla gurnardus (Linnaeus, 1758);;
300;EVERBAL;Evermannella balboi (= balbo);C;60.01.01;;Ao;0;Evermannella balbo (Risso, 1820);;
301;FLEXFLE;Flexopecten flexuosus;F;PETC Flex;;Dmb;0;Flexopecten flexuosus (Poli, 1795);;
302;FLEXGLA;Flexopecten glaber glaber;;;;Dmb;;Flexopecten glaber glaber (Linnaeus, 1758);2011;LM
303;FRONVER;Frondipora verrucosa;;;;Ebr;0;Frondipora verrucosa (Lamouroux, 1821);2011;MT
304;FUNCWOO;Funchalia woodwardi;F;PEN;;B;m;Funchalia woodwardi Johnson, 1868;;
305;FUNIQUA;Funiculina quadrangularis;;;;Ecn;0;Funiculina quadrangularis (Pallas, 1766);2011;SB, MT
306;FUSIROS;Fusinus rostratus;F;FASC Fus 1;;Emg;0;Fusinus (Fusinus) sanctaeluciae (Von Salis, 1793);;
307;FUSISYR;Fusinus (Aptyxis) syracusanus;;;;Emg;0;Fusinus (Aptyxis) syracusanus (Linnaeus, 1758);2011;MT
308;FUSTUND;Fusituris undatiruga;;;;Emg;0;Fusiturris undatiruga (Bivona Ant. in Bivona And., 1838);;
309;GADAMAR;Gadella maraldi;C;103.03.01;;Ao;0;Gadella maraldi (Risso, 1810);;
310;GADIARG;Gadiculus argenteus;C;101.05.01;;Ao;0;Gadiculus argenteus argenteus Guichenot, 1850;;
311;GADUMER;Merlangius merlangus;C;101.07.01;;Ao;0;Merlangius merlangus (Linnaeus, 1758);;
312;GAIDMED;Gaidropsarus mediterraneus;C;101.20.01;;Ao;0;Gaidropsarus mediterraneus (Linnaeus, 1758);;
314;GAIDSPP;Gaidropsarus spp;;;;Ao;0;Gaidropsarus spp. Rafinesque, 1810;2013;AJ
313;GAIDVUL;Gaidropsarus vulgaris;C;101.20.04;;Ao;0;Gaidropsarus vulgaris (Cloquet, 1824);;
315;GALADIS;Galathea dispersa;Z;278;;B;m;Galathea dispersa Bate, 1859;;
316;GALAINT;Galathea intermedia;Z;279;;B;m;Galathea intermedia Liljeborg, 1851;;
317;GALANEX;Galathea nexa;Z;277;;B;m;Galathea nexa Embleton, 1834;;
318;GALEGAL;Galeorhinus galeus;C;13.03.01;;Ae;0;Galeorhinus galeus (Linnaeus, 1758);;
319;GALIDEC;Galeoides decadactylus;C;182.01.01;?;Ao;0;Galeoides decadactylus (Bloch, 1795);;
320;GALUATL;Galeus atlanticus;F;SCYL Gal 11;?;Ae;0;Galeus atlanticus (Vaillant, 1888);;
321;GALUMEL;Galeus melastomus;C;11.03.01;;Ae;0;Galeus melastomus Rafinesque, 1810;;
322;GASTRUB;Gastropteron rubrum;;;;Emg;;Gastropteron rubrum (Rafinesque, 1814);2013;AJ
323;GENNELE;Gennadas elegans;F;ARIST;;B;m;Gennadas elegans (S.I. Smith, 1882);;
324;GENOMAC;Genocidaris maculata;;;;Eec;0;Genocidaris maculata A. Agassiz, 1869;2011;LM
325;GEPYDAR;Gephyroberyx darwini;C / G;115.1.1 / 88;? AL;Ao;0;Gephyroberyx darwinii (Johnson, 1866);;
326;GERYLON;Geryon longipes;F;GER Ger 2;;B;m;Geryon longipes A. Milne-Edwards, 1882;;
327;GIBBSPP;Gibbula spp.;;D'Angelo;;Dmg;0;Gibbula Risso, 1826;;
328;GLOSLEI;Glossanodon leioglossus;C;46.02.01;;Ao;0;Glossanodon leioglossus (Valenciennes, 1848);;
329;GLOSVAL;Glossodoris valenciennesi;R;p. 304 Tav. 116;;Emo;0;Hypselodoris picta (Schultz in Philippi, 1936);;
330;GLOUHUM;Glossus humanus;F;GLOSS Gloss 1;;Emb;0;Glossus humanus (Linnaeus, 1758);;
331;GNATMYS;Gnathophis mystax;C;82.03.01;;Ao;0;Gnathophis mystax (Delaroche, 1809);;
332;GOBICOL;Deltentosteus (Gobius) colonialus;C;162.10.02;;Ao;0;Deltentosteus collonianus (Risso, 1820);;
333;GOBIFRI;Leusueurigobius (Gobius) friesii;C;162.16.02;;Ao;0;Lesueurigobius friesii (Malm, 1874);;
334;GOBIGEN;Gobius geniporus;C;162.01.08;;Ao;0;Gobius geniporus Valenciennes, 1837;;
335;GOBILIN;Crystallogobius (Gobius) linearis;C;162.09.01;;Ao;0;Crystallogobius linearis (Düben, 1845);;
336;GOBINIG;Gobius niger;C;162.01.01;;Ao;0;Gobius niger Linnaeus, 1758;;
337;GOBIQUA;Deltentosteus (Gobius) quadrimaculatus;C;162.10.01;;Ao;0;Deltentosteus quadrimaculatus (Valenciennes, 1837);;
338;GOBISAN;Lesueurigobius (Gobius) sanzoi;C;162.16.04;?;Ao;0;Lesueurigobius sanzi (De Buen, 1918);;
339;GOBISPP;Gobius spp.;C;162;;Ao;0;Gobius Linnaeus, 1758;;
340;GOBISUE;Lesueurigobius suerii;C;162.16.01;;Ao;0;Lesueurigobius suerii (Risso, 1810);;
341;GONERHO;Goneplax rhomboides (= angulata);Z;414;;B;m;Goneplax rhomboides (Linnaeus, 1758);;
342;GONICOC;Gonichthys coccoi;C;58.09.01;;Ao;0;Gonichthys cocco (Cocco, 1829);;
343;GONODEN;Gonostoma denudatum;C;37.01.01;;Ao;0;Gonostoma denudatum Rafinesque, 1810;;
344;GONOSPP;Gonostoma spp.;C;37.1;;Ao;0;Gonostoma Rafinesque, 1810;2011;SB
345;GRYPVIT;Gryphus vitreus;;;;Eba;;Gryphus vitreus (Born, 1778);2011;SB, LM, MT
346;GYMACIC;Gymnammodytes cicerellus;C;147.02.01;;Ao;0;Gymnammodytes cicerelus (Rafinesque, 1810);;
347;GYMNALT;Gymnura altavela;C;22.02.01;;Ae;0;Gymnura altavela (Linnaeus, 1758);;
348;HADRCRA;Hadriana craticuloides;F;MUR;;Dmg;0;Hadriania oretea (De Gregorio, 1885);;
349;HALOPAP;Halocynthia papillosa;;;;Etu;0;Halocynthia papillosa (Linnaeus, 1767);2011;SB, MT
350;HAMINAV;Haminoea navicula;;;;Emo;0;Haminoea navicula (Da Costa, 1778);2011;LM
351;HEDIDIV;Hediste diversicolor;;;;Epo;0;Hediste diversicolor (O.F. Müller, 1776);2011;SB, MT
352;HELIDAC;Helicolenus dactylopterus;C;184.02.01;;Ao;0;Helicolenus dactylopterus dactylopterus (Delaroche, 1809);;
353;HEPTPER;Heptranchias perlo;C;3.02.01;;Ae;0;Heptranchias perlo (Bonnaterre, 1788);;
354;HETEDIS;Heteroteuthis dispar;F;SEPIOL;;C;0;Heteroteuthis dispar (Rüppell, 1844);;
355;HEXAGRI;Hexanchus griseus;C;3.01.01;;Ae;0;Hexanchus griseus (Bonnaterre, 1788);;
356;HEXAVIT;Hexanchus nakamurai (vitulus);C;3.01.02;;Ae;0;Hexanchus nakamurai Teng, 1962;;
357;HIATARC;Hiatella arctica;;;;Emb;0;Hiatella arctica (Linnaeus, 1767);2011;MT
358;HIATSPP;Hiatella spp.;;;;Emb;0;Hiatella Bosc, 1801;2011;SB
359;HINIINC;Hinia incrassata;F;NASS Hin;;Dmg;0;Nassarius (Hima) incrassatus (Stroem, 1768);;
360;HINIRET;Hinia reticulata;F;NASS Hin 1;;Dmg;0;Nassarius (Hinia) nitidus (Jeffreys, 1867);;
361;HIPPGUT;Hippocampus guttulatus;C;97.04.02;;Ao;0;Hippocampus guttulatus Cuvier, 1829;2011;SB
362;HIPPHIC;Hippocampus hippocampus;C;97.04.01;;Ao;0;Hippocampus hippocampus (Linnaeus, 1758);;
363;HISTBON;Histioteuthis bonnellii;F;HISTIO;;C;0;Histioteuthis bonnellii (Férussac, 1835);;
364;HISTREV;Histioteuthis reversa;F;HISTIO;;C;0;Histioteuthis reversa (Verrill, 1880);;
365;HISTSPP;Histioteuthis spp.;F;HISTIO;;C;0;Histioteuthis d'Orbigny, 1841;;
366;HOLOFOR;Holothuria forskali;;;;Eec;0;Holothuria forskali Delle Chiaje, 1823;2011;MT
367;HOLOHEL;Holothuria helleri;;;;Eec;0;Holothuria helleri Marenzeller, 1878;2011;LM
368;HOLOMAM;Holothuria mammata;;;;Eec;;Holothuria mammata Grube, 1840;2013;AJ
369;HOLOPOL;Holothuria polii;;;;Eec;0;Holothuria polii Delle Chiaje, 1823;2011;SB, LM, MT
371;HOLOSPP;Holothuria spp.;;;;Eec;;Holothuria spp. Linnaeus, 1758;2013;AJ
370;HOLOTUB;Holothuria tubulosa;;;;Eec;0;Holothuria tubulosa Gmelin, 1788;2011;SB, MT
372;HOMAVUL;Homarus vulgaris;F;NEPH Hom 1;;B;m;Homarus gammarus (Linnaeus, 1758);;
373;HOMOBAR;Homola barbata;Z;304;;B;m;Homola barbata (J.C. Fabricius, 1793);;
374;HOPLATL;Hoplostethus atlanticus;C;115.02.02;? ?;Ao;0;Hoplostethus atlanticus Collett, 1889;;
375;HOPLMED;Hoplostethus mediterraneus;C;115.02.01;;Ao;0;Hoplostethus mediterraneus mediterraneus Cuvier, 1829;;
376;HYALTUB;Hyalinoecia tubicola;;;;Epo;;Hyalinoecia tubicola (O.F. Müller, 1776);2013;AJ
377;HYGOBEN;Hygophum benoiti;C;58.10.02;;Ao;0;Hygophum benoiti (Cocco, 1838);;
378;HYGOHIG;Hygophum hygomii;C;58.10.01;;Ao;0;Hygophum hygomii (Lütken, 1892);;
379;HYGOSPP;Hygophum spp.;C;58.1;;Ao;0;Hygophum Bolin, 1939;2011;MT
380;HYMEITA;Hymenocephalus italicus;C;99.05.01;;Ao;0;Hymenocephalus italicus Giglioli, 1884;;
381;HYMPSPP;Hymenopenaeus sp.;Z;47;? ?;B;m;Hymenopenaeus Smith, 1882;;
382;HYPESPP;Hyperiidae;;;;Bam;0;Hyperiidae;;
383;HYPOPIC;Hyporhamphus picarti;C;93.02.01;?;Ao;0;Hyporhamphus picarti (Valenciennes, 1847);;
384;HYPSSPP;Hypselodoris spp.;;;;Emo;0;Hypselodoris Stimpson, 1855;2011;MT
385;ICHTOVA;Ichthyococcus ovatus;C;37.06.01;;Ao;0;Ichthyococcus ovatus (Cocco, 1838);;
386;ILIANUC;Ilia nucleus;Z;322;;B;m;Ilia nucleus (Linnaeus, 1758);2011;SB
387;ILLECOI;Illex coindetii;F;OMMAS Ill 1;;C;0;Illex coindetii (Vérany, 1839);;
388;ILLESPP;Illex;F;OMMAS Ill;;C;0;Illex Steenstrup, 1880;;
389;INACCOM;Inachus communissimus;Z;470;;B;m;Inachus communissimus Rizza, 1839;;
390;INACDOR;Inachus dorsettensis;Z;472;;B;m;Inachus dorsettensis (Pennant, 1777);;
391;INACLEP;Inachus leptochirus;;;;B;;Inachus leptochirus Leach, 1817;2013;AJ
392;INACPAR;Inachus parvirostris;;;;B;m;Inachus parvirostris (Risso, 1816);2011;SB
393;INACSPP;Inachus spp.;Z;467;;B;m;Inachus Weber, 1795;2011;SB, LM, MT
394;INACTHO;Inachus thoracicus;Z;473;;B;m;Inachus thoracicus P. Roux, 1830;;
395;IRCISPP;Ircinia spp.;;;;Esp;0;Ircinia Nardo, 1833;2011;MT
396;ISIDELO;Isidella elongata;;;;Ecn;0;Isidella elongata (Esper, 1788);2011;LM, MT
397;JAXENOC;Jaxea nocturna;Z;226;;B;m;Jaxea nocturna Nardo, 1847;;
398;JORUTOM;Jorunna tomentosa;;;;Emo;0;Jorunna tomentosa (Cuvier, 1804);2011;MT
1214;KALORAM;Kaloplocamus ramosus;;;;Emg;;Kaloplocamus ramosus, (Cantraine, 1835);2013;AJ
399;LABIDIG;Labidoplax digitata;;;;Eec;0;Labidoplax digitata (Montagu, 1815);2011;MT
400;LABRVIR;Labrus viridis;C;145.01.04;;Ao;0;Labrus viridis Linnaeus, 1758;;
401;LABSBIM;Labrus bimaculatus;C;145.01.01;;Ao;0;Labrus mixtus Linnaeus, 1758;;
402;LAETHYS;Laetmonice hystrix;;;;Epo;0;Laetmonice hystrix (Savigny, 1820);2011;SB, LM
1215;LAETSPP;Laetmonice spp.;;;;Epo;;Laetmonice spp., Kinberg, 1856;2013;AJ
403;LAEVCAR;Laevicardium oblongum;F;CARD Laev 1;;Dmb;0;Laevicardium oblongum (Gmelin, 1791);;
404;LAGOLAG;Lagocephalus lagocephalus;C;204.02.01;;Ao;0;Lagocephalus lagocephalus lagocephalus (Linnaeus, 1758);;
405;LAMACRO;Lampanyctus crocodilus;C;58.12.01;;Ao;0;Lampanyctus crocodilus (Risso, 1810);;
406;LAMAPUS;Lampanyctus pusillus;C;58.12.10;;Ao;0;Lampanyctus pusillus (Johnson, 1890);;
407;LAMASPP;Lampanyctus spp.;C;58.12;;Ao;0;Lampanyctus Bonaparte, 1840;;
1216;LAMEPER;Lamellaria perspicua;;;;Emg;;Lamellaria perspicua, (Linnaeus, 1758);2013;AJ
408;LAMPGUT;Lampris guttatus;C;105.01.01;;Ao;0;Lampris guttatus (Brünnich, 1788);;
409;LAPPFAS;Lappanella fasciata;C;145.07.01;;Ao;0;Lappanella fasciata (Cocco, 1833);;
410;LATRELE;Latreillia elegans;Z;307;;B;m;Latreillia elegans Roux, 1830;2011;SB, LM, MT
411;LATRSPP;Lattreillia;Z;307;;B;m;Latreillia Roux, 1830;;
412;LEPALEP;Lepadogaster lepadogaster;C;208.04.01;;Ao;0;Lepadogaster lepadogaster (Bonnaterre, 1788);;
413;LEPASPP;Lepadogaster spp.;C;208.4;;Ao;0;Lepadogaster Goüan, 1770;2011;SB
414;LEPGSAR;Leptogorgia sarmentosa;;;;Ecn;0;Leptogorgia sarmentosa (Esper, 1789);2011;MT
415;LEPICAU;Lepidopus caudatus;C;155.04.01;;Ao;0;Lepidopus caudatus (Euphrasen, 1788);;
416;LEPMBOS;Lepidorhombus boscii;C;195.02.02;;Ao;0;Lepidorhombus boscii (Risso, 1810);;
417;LEPMWHS;Lepidorhombus whiffiagonis;C;195.02.01;;Ao;0;Lepidorhombus whiffiagonis (Walbaum, 1792);;
418;LEPOLEP;Lepidion lepidion;C;103.06.01;;Ao;0;Lepidion lepidion (Risso, 1810);;
419;LEPRPHA;Leptometra phalangium;;;;Eec;0;Leptometra phalangium (J. Müller, 1841);2011;SB, MT
1217;LEPRSPP;Leptometra;;;;Eec;;Leptometra, A.H. Clark, 1908;2013;AJ
420;LEPTCAV;Lepidotrigla cavillone;C;185.04.01;;Ao;0;Lepidotrigla cavillone (Lacepède, 1801);;
421;LEPTDIE;Lepidotrigla dieuzeidei;C;185.04.02;;Ao;0;Lepidotrigla dieuzeidei Blanc & Hureau, 1973;;
422;LESTSPD;Lestidiops sphyrenoides;C;63.02.01;;Ao;0;Lestidiops sphyrenoides (Risso, 1820);;
423;LESTSPP;Lestidiops spp.;C;63.2;;Ao;0;Lestidiops Hubbs, 1916;;
424;LICHAMI;Lichia amia;C;131.05.01;;Ao;0;Lichia amia (Linnaeus, 1758);;
425;LIGUENS;Ligur ensiferus;Z;133;;B;m;Ligur ensiferus (Risso, 1816);;
426;LISSCHI;Lissa chinagra;Z;459;;B;m;Lissa chiragra (J.C. Fabricius, 1775);;
427;LITHMOR;Lithognathus mormyrus;C;139.05.01;;Ao;0;Lithognathus mormyrus (Linnaeus, 1758);;
428;LIZAAUR;Liza aurata;C;181.03.02;;Ao;0;Liza aurata (Risso, 1810);;
429;LIZARAM;Liza ramada;C;181.03.01;;Ao;0;Liza ramado (Risso, 1810);;
430;LIZASAL;Liza saliens;C;181.03.04;;Ao;0;Liza saliens (Risso, 1810);;
431;LOBIDOF;Lobianchia dofleini;C;58.14.12;;Ao;0;Lobianchia dofleini (Zugmayer, 1911);;
432;LOBIGEM;Lobianchia gemellarii;C;58.14.01;;Ao;0;Lobianchia gemellarii (Cocco, 1838);;
433;LOLIFOR;Loligo forbesi;F;LOLIG Lolig 2;;C;0;Loligo forbesi Steenstrup, 1856;;
434;LOLISPP;Loligo;F;LOLIG Lolig;;C;0;Loligo Lamarck, 1798;;
435;LOLIVUL;Loligo vulgaris;F;LOLIG Lolig 1;;C;0;Loligo vulgaris Lamarck, 1798;;
436;LOPEPER;Lophelia pertusa;;;;Ecn;0;Lophelia pertusa (Linnaeus, 1758);2011;SB, LM
437;LOPHBUD;Lophius budegassa;C;210.01.02;;Ao;0;Lophius budegassa Spinola, 1807;;
438;LOPHPIS;Lophius piscatorius;C;210.01.01;;Ao;0;Lophius piscatorius Linnaeus, 1758;;
439;LOPHSPP;Lophius;C;210.1;;Ao;0;Lophius Linnaeus, 1758;;
440;LOPOTYP;Lophogaster typicus;;;;B;m;Lophogaster typicus M. Sars, 1857;;
1218;LPTOELO;Leptopentacta elongata;;;;Eec;;Leptopentacta elongata, (Düben & Koren, 1846);2013;AJ
441;LUIDCIL;Luidia ciliaris;;;;Eec;0;Luidia ciliaris (Philippi, 1837);2011;SB, MT
442;LUIDSAR;Luidia sarsi;;;;Eec;0;Luidia sarsi (Düben Koren, 1846);2011;MT
443;LUNACAT;Lunatia catena;F;NAT;;Emg;0;Polinices catena (da Costa, 1778);;
444;LUNAFUS;Lunatia fusca;;D'Onghia;;Emg;0;Polinices fusca (De Blainville, 1825);;
445;LUTRSPP;Lutraria spp.;R;p. 342;;Emb;0;Lutraria Lamarck, 1799;;
446;LYTOMYR;Lytocarpia myriophyllum;;;;Ecn;0;Lytocarpia myriophyllum (Linnaeus, 1758);2011;LM, MT
447;MACOSCO;Macrorhamphosus scolopax;C;96.01.01;;Ao;0;Macroramphosus scolopax (Linnaeus, 1758);;
448;MACRLIN;Macropodia linaresi;Z;479;;B;m;Macropodia linaresi Forest & Zariquiey-Alvarez, 1964;;
449;MACRLON;Macropodia longipes;Z;482;;B;m;Macropodia longipes (A. Milne-Edwards & Bouvier, 1899);;
450;MACRROS;Macropodia rostrata;F;MAJI;;B;m;Macropodia rostrata (Linnaeus, 1761);;
451;MACRSPP;Macropodia spp.;Z;476;;B;m;Macropodia Leach, 1814;2011;SB
452;MAJACRI;Maja crispata;F;MAJI Maja;;B;m;Maja crispata Risso, 1827;;
453;MAJAGOL;Maja goltziana;Z;447;;B;m;Maja goltziana d'Oliveira, 1888;2011;MT
454;MAJASQU;Maja squinado;F;MAJI Maja 1;;B;m;Maja squinado (Herbst, 1788);;
455;MARTGLA;Marthasterias glacialis;;;;Eec;0;Marthasterias glacialis (Linnaeus, 1758);2011;SB, LM, MT
456;MAURMUE;Maurolicus muelleri;C;37.08.01;;Ao;0;Maurolicus muelleri (Gmelin, 1789);;
457;MCPIARC;Liocarcinus arcuatus;F;PORT Lioc 3;;B;m;Liocarcinus navigator (Herbst, 1794);;
458;MCPICOR;Liocarcinus corrugatus;Z;372;;B;m;Liocarcinus corrugatus (Pennant, 1777);;
459;MCPIDEP;Liocarcinus (Macropipus) depurator;F;PORT Lioc 4;;B;m;Liocarcinus depurator (Linnaeus, 1758);;
460;MCPIMAC;Liocarcinus maculatus;F;PORT Lioc;;B;m;Liocarcinus maculatus (Risso, 1827);;
461;MCPIPUB;Necora (Macropipus) puber;F;PORT Neco 1;?;B;m;Necora puber (Linnaeus, 1767);;
462;MCPITUB;Macropipus tuberculatus;F;PORT Macro 1;;B;m;Macropipus tuberculatus (Roux, 1830);;
463;MCPIVER;Liocarcinus vernalis;Z;377;;B;m;Liocarcinus vernalis (Risso, 1827);2011;SB, MT
464;MEGANOR;Meganyctiphanes norvegica;;;;Beu;m;Meganyctiphanes norvegica (M. Sars, 1857);;
465;MELAATL;Melanostigma atlanticum;C;170.06.01;;Ao;0;Melanostigma atlanticum Koefoed, 1952;;
466;MERLMER;Merluccius merluccius;C;100.01.01;;Ao;0;Merluccius merluccius (Linnaeus, 1758);;
467;MICICOC;Microichthys coccoi;C;127.04.01;;Ao;0;Microichthys coccoi Rüppell, 1852;2011;SB, MT
468;MICMPOU;Micromesistius poutassou;C;101.08.01;;Ao;0;Micromesistius poutassou (Risso, 1826);;
469;MICOSAB;Microcosmus sabatieri;F;PYUR Micr 2;;Dtu;0;Microcosmus sabatieri Roule, 1885;;
470;MICOSPP;Microcosmus spp.;;;;Dtu;;Microcosmus Heller, 1877;2011;SB, MT
471;MICOSQU;Microcosmus squamiger;;;AL;Dtu;;Microcosmus squamiger Hartmeyer & Michaelsen, 1928;2011;MT
472;MICOVUL;Microcosmus vulgaris;;;;Dtu;;Microcosmus vulgaris Heller, 1877;2011;LM, MT
473;MICRMCS;Microstoma microstoma;C;46.01.03;;Ao;0;Microstoma microstoma (Risso, 1810);;
474;MICUAZE;Microchirus azevia;C;198.05.02;?;Ao;0;Microchirus theophila (Risso, 1810);;
475;MICUBOS;Microchirus boscanion;C;198.05.04;? ?;Ao;0;Microchirus boscanion (Chabanaud, 1926);;
476;MICUOCE;Microchirus ocellatus;C;198.05.03;;Ao;0;Microchirus ocellatus (Linnaeus, 1758);;
477;MICUVAR;Microchirus variegatus;C;198.05.01;;Ao;0;Microchirus variegatus (Donovan, 1808);;
1219;MIMAVAR;Mimachlamys varia;;;;Dmb;;Mimachlamys varia, (Linnaeus, 1758);2013;AJ
1220;MODIADR;Modiolus adriaticus;;;;Emb;;Modiolus adriaticus, (Lamarck, 1819);2013;AJ
478;MODIBAR;Modiolus barbatus;;;;Emb;0;Modiolus barbatus (Linnaeus, 1758);2011;MT
479;MODOSUB;Modiolarca subpicta;;;;Emb;0;Modiolarca subpicta (Cantraine, 1835);2011;MT
480;MOLAMOL;Mola mola;C;207.01.01;;Ao;0;Mola mola (Linnaeus, 1758);;
481;MOLGOCC;Molgula occulta;;;;Etu;0;Molgula occulta Kupffer, 1875;2011;MT
482;MOLGSPP;Molgula spp.;;;;Etu;0;Molgula Forbes, 1848;2011;LM
483;MOLVDYP;Molva dipterygia;C;101.14.02;;Ao;0;Molva dipterygia (Pennant, 1784);;
1221;MOLVMAC;Molva macrophthalma;;;;Ao;;Molva macrophthalma, (Rafinesque, 1810);2013;AJ
484;MOLVMOL;Molva molva;C;101.14.01;;Ao;0;Molva molva (Linnaeus, 1758);;
485;MONOHIS;Monochirus hispidus;C;198.06.01;;Ao;0;Monochirus hispidus Rafinesque, 1814;;
486;MORAMOR;Mora moro;C;103.07.01;;Ao;0;Mora moro (Risso, 1810);;
487;MORIRUG;Morio rugosa;;;;Dmg;0;Galeodea rugosa (Linnaeus, 1771);;
488;MUGICEP;Mugil cephalus;C;181.01.01;;Ao;0;Mugil cephalus Linnaeus, 1758;;
489;MUGISPP;Mugilidae;C;181;;Ao;0;Mugilidae;;
490;MULLBAR;Mullus barbatus;C;138.01.01;;Ao;0;Mullus barbatus Linnaeus, 1758;;
491;MULLSUR;Mullus surmuletus;C;138.01.02;;Ao;0;Mullus surmuletus Linnaeus, 1758;;
492;MUNICUR;Munida curvimana;Z;283;;B;m;Munida curvimana A. Milne-Edwards & Bouvier, 1894;;
493;MUNIINT;Munida intermedia;Z;286;;B;m;Munida intermedia A. Milne-Edwards & Bouvier, 1899;;
494;MUNIIRI;Munida iris;Z;283;;B;m;Munida rutllanti Zariquiey-Alvarez, 1952;;
495;MUNIPER;Munida perarmata (= tenuimana);Z;288;;B;m;Munida tenuimana G.O. Sars, 1872;;c3
496;MUNIRUG;Munida rugosa;Z;285;;B;m;Munida rugosa (J.C. Fabricius, 1775);;
497;MUNISPP;Munida;Z;281;;B;m;Munida Leach, 1820;;
498;MUNITEN;Munida tenuimana;Z;288;;B;m;Munida tenuimana G.O. Sars, 1872;;c3
499;MURAHEL;Muraena helena;C;73.01.01;;Ao;0;Muraena helena Linnaeus, 1758;;
500;MUREBRA;Bolinus (Murex) brandaris;F;MUR Bol 1;;Dmg;0;Bolinus brandaris (Linnaeus, 1758);;
501;MUREEGG;Capsule ovigere di Murex;;;;G;;Capsule ovigere di Murex;2011;MT
502;MURETRU;Murex trunculus;R;RIEDL;;Dmg;0;Hexaplex trunculus (Linnaeus, 1758);;d2
503;MUSTAST;Mustelus asterias;C;13c.5.2;;Ae;0;Mustelus asterias Cloquet, 1821;;
504;MUSTMED;Mustelus mediterraneus;C;13c.5.3;;Ae;0;Mustelus punctulatus Risso, 1827;;
505;MUSTMUS;Mustelus mustelus;C;13c.5.1;;Ae;0;Mustelus mustelus (Linnaeus, 1758);;
506;MYCOPUN;Myctophum punctatum;C;58.01.01;;Ao;0;Myctophum punctatum Rafinesque, 1810;;
507;MYCOSPP;Myctophidae;C;58;;Ao;0;Myctophidae;;
508;MYCTRUB;Mycteroperca rubra;C;124.06.01;;Ao;0;Mycteroperca rubra (Bloch, 1793);;
509;MYLIAQU;Myliobatis aquila;C;23.01.01;;Ae;0;Myliobatis aquila (Linnaeus, 1758);;
510;MYTIGAL;Mytilus galloprovincialis;F;MYTIL Mytil 1;;Dmb;0;Mytilus galloprovincialis Lamarck, 1819;;
511;MYTISPP;Mytilidae spp.;F;MYTIL;;Dmb;0;Mytilidae Rafinesque, 1815;;
512;NANSOBI;Nansenia oblita;C;46.04.02;;Ao;0;Nansenia oblita (Facciolà, 1887);;
513;NASSLIM;Nassarius lima;;;;Dmg;;Nassarius (Uzita) lima (Dillwin, 1817);2011;SB
514;NASSMUT;Nassarius (Sphaeronassa) mutabilis;;;;Dmg;;Nassarius (Sphaeronassa) mutabilis (Linnaeus, 1758);2011;SB
515;NASSSPP;Nassariidae;;;;Dmg;0;Nassariidae Iredale, 1916;;
516;NATIMIL;Naticarius millepunctatus;;D'Angelo;;Dmg;0;Natica (Naticarius) stercusmuscarum (Gmelin, 1791);;
517;NATISPP;Naticidae;F;NAT;;Dmg;0;Naticidae Guilding, 1834;;
518;NAUCDUC;Naucrates ductor;C;131.06.01;;Ao;0;Naucrates ductor (Linnaeus, 1758);;
519;NEMEANT;Nemertesia antennina;;;;Ecn;0;Nemertesia antennina (Linnaeus, 1758);2011;MT
520;NEMERAM;Nemertesia ramosa;;;;Ecn;0;Nemertesia ramosa (Lamarck, 1816);2011;MT
521;NEMISCO;Nemichthys scolopaceus;C;76.01.01;;Ao;0;Nemichthys scolopaceus Richardson, 1848;;
522;NEOPCOC;Neopycnodonte cochlear;;;;Emb;0;Neopycnodonte cochlear (Poli, 1795);2011;SB, LM, MT
523;NEORCAR;Neorossia caroli;F;SEPIOL;;C;0;Neorossia caroli (Joubin, 1902);;
524;NEPRNOR;Nephrops norvegicus;F;NEPH Neph 1;;B;m;Nephrops norvegicus (Linnaeus, 1758);;
525;NEROMAC;Nerophis maculatus;C;97.02.01;;Ao;0;Nerophis maculatus Rafinesque, 1810;;
526;NEROOPH;Nerophis ophidion;C;97.02.02;;Ao;0;Nerophis ophidion (Linnaeus, 1758);;
527;NETOBRE;Dysomma (Nettodarus) brevirostris;C;81.01.01;;Ao;0;Dysomma brevirostre (Facciolà, 1887);;
528;NETTMEL;Nettastoma melanurum;C;80.01.01;;Ao;0;Nettastoma melanurum Rafinesque, 1810;;
529;NEVEJOS;Neverita josephinia;;;;Emg;0;Neverita josephinia Risso, 1826;2011;SB
530;NEZUAEQ;Nezumia aequalis;C;99.09.01;;Ao;0;Nezumia aequalis (Günther, 1878);;
531;NEZUSCL;Nezumia sclerorhynchus;C;99.09.02;;Ao;0;Nezumia sclerorhynchus (Valenciennes, 1838);;
532;NOTABON;Notacanthus bonapartei;C;89.01.02;;Ao;0;Notacanthus bonaparte Risso, 1840;;
533;NOTORIS;Notolepis rissoi;C;63.04.01;;Ao;0;Arctozenus risso (Bonaparte, 1840);;
534;NOTRPUN;Notarchus punctatus;;;;Emo;0;Notarchus punctatus Philippi, 1836;2011;MT
535;NOTSBOL;Notoscopelus bolini;C;58.17.05;;Ao;0;Notoscopelus bolini Nafpaktitis, 1975;;a3
536;NOTSELO;Notoscopelus elongatus;C;58.17.03;;Ao;0;Notoscopelus elongatus (Costa, 1844);;
537;NOTSKRO;Notoscopelus kroeyerii;C;58.17.04;;Ao;0;Notoscopelus bolini Nafpaktitis, 1975;;a3
538;NOTSSPP;Notoscopelus spp.;C;58.17;;Ao;0;Notoscopelus Günther, 1864;2011;MT
539;NUCUNUC;Nucula nucleus;;;;Emb;0;Nucula nucleus (Linnaeus, 1758);2011;SB, LM
540;OBLAMEL;Oblada melanura;C;139.06.01;;Ao;0;Oblada melanura (Linnaeus, 1758);;
541;OCENERI;Ocenebra erinacea;R;RIEDL;;Dmg;0;Ocenebra erinaceus (Linnaeus, 1758);;
542;OCNUPLA;Ocnus planci;;;;Eec;0;Ocnus planci (Panning, 1962);2011;SB, MT
543;OCTESIC;Octopoteuthis sicula;F;OCTO Oct 1;;C;0;Octopoteuthis sicula Rüppell, 1844;2011;LM
544;OCTODEP;Octopus defilippi;F;OCT Oct 10;;C;0;Octopus defilippi Vérany, 1851;;
545;OCTOMAC;Octopus macropus;F;OCT Oct 2;;C;0;Octopus macropus Risso, 1826;;
546;OCTOSAL;Octopus salutii;F;OCT Oct 23;;C;0;Octopus salutii Vérany, 1839;;
547;OCTOSPP;Octopus spp.;F;OCT Oct;;C;0;Octopus Cuvier, 1797;;
548;OCTOTET;Pteroctopus tetracirrhus;F;OCT Pter 1;;C;0;Pteroctopus tetracirrhus (Delle Chiaje, 1830);;
549;OCTOVUL;Octopus vulgaris;F;OCT Oct 1;;C;0;Octopus vulgaris Cuvier, 1797;;
550;OCYTTUB;Ocythoe tuberculata;F;OCY ocy 1;;C;0;Ocythoe tuberculata Rafinesque, 1814;;
551;ODOAMED;Odontaster mediterraneus;;;;Eec;0;Odontaster mediterraneus Marenzeller, 1891;2011;LM, MT
552;ODONFER;Odontaspis ferox;C;5.01.01;;Ae;0;Odontaspis ferox (Risso, 1810);;
553;ODONTAU;Eugonphodus (Odontaspis) taurus;C;5.01.03;;Ae;0;Carcharias taurus Rafinesque, 1810;;
554;OEDALAB;Oedalechilus labeo;C;181.04.01;;Ao;0;Oedalechilus labeo (Cuvier, 1829);;
555;OLIGATE;Oligopus ater;C;172.01.01;;Ao;0;Grammonus ater (Risso, 1810);;
556;ONYCBAN;Onychoteuthis banksi;F;ONYCHO;;C;0;Onychoteuthis banksii (Leach, 1817);;
557;ONYCSPP;Onychoteuthis spp.;F;ONYCHO;;C;0;Onychoteuthis Lichtenstein, 1818;;
558;OPDELON;Ophioderma longicaudum;;;;Eec;0;Ophioderma longicaudum (Retzius, 1805);2011;MT
559;OPDIBAR;Ophidion barbatum;C;173.01.01;;Ao;0;Ophidion barbatum Linnaeus, 1758;;
560;OPDIROC;Ophidion rochei;C;173.1.2+3;;Ao;0;Ophidion rochei Müller, 1845;;
1222;OPHANIG;Ophiocomina nigra;;;;Eec;;Ophiocomina nigra, (Abildgaard, in O.F. Müller, 1789);2013;AJ
561;OPHCRUF;Ophichthus rufus;C;86.01.02;;Ao;0;Ophichthus rufus (Rafinesque, 1810);;
562;OPHDOPH;Ophidiaster ophidianus;;;;Eec;0;Ophidiaster ophidianus (Lamarck, 1816);2011;MT
563;OPHISER;Ophisurus serpens;C;86.04.01;;Ao;0;Ophisurus serpens (Linnaeus, 1758);;
564;OPHOFRA;Ophiothrix fragilis;R;p. 572 Tav. 226;;Eec;0;Ophiothrix fragilis (Abildgaard, 1789);;
565;OPHOSPP;Ophiothrix spp.;;;;Eec;0;Ophiothrix Müller-Troschel, 1842;2011;MT
566;OPHUOPH;Ophiura ophiura;;;;Eec;0;Ophiura ophiura (Linnaeus, 1816);2011;SB, LM, MT
567;OPISSPP;Opisthobranchia spp.;;;;Emo;0;Opisthobranchia Milne-Edwards, 1848;;
568;OPLOSPP;Oplophoridae;Z;83;;B;m;Oplophoridae Dana, 1852;;
569;OPTOAGA;Opistoteuthis agassizii;;FAUNA IBER;;C;m;Opisthoteuthis calypso Villanueva, Collins, Sánchez e Voss, 2002;;
570;OSMUVOL;Osmundaria volubilis;;;;V;;Osmundaria volubilis (Linnaeus) R.E. Norris, 1991;2011;MT
571;OSTREDU;Ostrea edulis;F;OSTR Ostr 1;;Dmb;0;Ostrea edulis Linnaeus, 1758;;
572;OSTRSPP;Ostrea spp.;R;RIEDL;;Dmb;0;Ostrea Linnaeus, 1758;;
573;OXYNCEN;Oxynotus centrina;C;15.01.01;;Ae;0;Oxynotus centrina (Linnaeus, 1758);;
574;PAGEACA;Pagellus acarne;C;139.07.02;;Ao;0;Pagellus acarne (Risso, 1827);;
575;PAGEBOG;Pagellus bogaraveo;C;139.07.03;;Ao;0;Pagellus bogaraveo (Brünnich, 1768);;
576;PAGEERY;Pagellus erythrinus;C;139.07.01;;Ao;0;Pagellus erythrinus (Linnaeus, 1758);;
577;PAGIERE;Paguristes eremita;;;;B;m;Paguristes eremita (Linnaeus, 1767);;
578;PAGUALA;Pagurus alatus;Z;247;;B;m;Pagurus alatus (J.C. Fabricius, 1775);;
579;PAGUCUA;Pagurus cuanensis;Z;247;;B;m;Pagurus cuanensis Bell, 1845;;
580;PAGUEXC;Pagurus excavatus;Z;247;;B;m;Pagurus excavatus (Herbst, 1791);;
581;PAGUFOR;Pagurus forbesii;Z;246 (sin.);;B;m;Pagurus forbesii Bell, 1845;;
582;PAGUPRI;Pagurus prideauxi;Z;250;;B;m;Pagurus prideaux Leach, 1815;;
583;PAGUSPP;Pagurus spp.;Z;243;;B;m;Pagurus Fabricius, 1775;2011;SB, LM, MT
584;PALIELE;Palinurus elephas;F;PALIN Palin 1;;B;m;Palinurus elephas (J.C. Fabricius, 1787);;
585;PALIMAU;Palinurus mauritanicus;F;PALIN Palin 3;;B;m;Palinurus mauritanicus Gruvel, 1911;;
586;PALISPP;Palinurus;F;PALIN;;B;m;Palinurus Weber, 1795;;
587;PANDPRO;Pandalina profonda;F;PANDL;;B;m;Pandalina profunda Holthuis, 1946;;
588;PAPANAR;Parapandalus narval;F;PANDL Parapnd;;B;m;Plesionika narval (J.C. Fabricius, 1787);;
589;PAPELON;Parapenaeus longirostris;F;PEN Parap 1;;B;m;Parapenaeus longirostris (Lucas, 1846);;
590;PAPOHUM;Parapristipoma humile;C;136.03.01;? ?;Ao;0;Parapristipoma humile (Bowdich, 1825);;
591;PAPOOCT;Parapristipoma octolineatum;C;136.03.02;?;Ao;0;Parapristipoma octolineatum (Valenciennes, 1833);;
592;PARALEP;Paraliparis leptochirus;C;192.03.03;;Ao;0;Eutelichthys leptochirus Tortonese, 1959;;
593;PARCLIV;Paracentrotus lividus;;;;Dec;;Paracentrotus lividus (Lamarck, 1816);2011;SB, MT
594;PARLCOR;Paralepis coregonoides;C;63.1;;Ao;0;Paralepis coregonoides Risso, 1820;;a4
595;PARLSPE;Paralepis speciosa;C;63.01.05;;Ao;0;Paralepis coregonoides Risso, 1820;;a4
596;PAROCUV;Paromola cuvieri;F;HOM Par 1;;B;m;Paromola cuvieri (Risso, 1816);;
597;PARSFER;Parasquilla ferussaci;;;;Bst;m;Parasquilla ferussaci (Roux, 1830);2011;MT
598;PARTANG;Partenope angulifrons;Z;439;;B;m;Derilambrus angulifrons (Latreille, 1825);;
599;PARTMAC;Parthenope macrochelos;Z;439;;B;m;Spinolambrus macrochelos (Herbst, 1790);;
600;PARTMAS;Parthenope massena;Z;441;;B;m;Parthenopoides massena (Roux, 1830);;
601;PARTSPP;Parthenopidae;Z;437;;B;m;Parthenopidae MacLeay, 1838;2011;LM, MT
602;PASIMUL;Pasiphaea multidentata;F;PASI Pasi 1;;B;m;Pasiphaea multidentata Esmark, 1866;;
603;PASISIV;Pasiphaea sivado;F;PASI Pasi 2;;B;m;Pasiphaea sivado (Risso, 1816);;
604;PASISPP;Pasiphaea spp.;Z;70;;B;m;Pasiphaea Savigny, 1816;2011;LM, MT
605;PECTJAC;Pecten jacobaeus;F;PECT Pect 1;;Dmb;0;Pecten jacobaeus (Linnaeus, 1758);;
606;PECTMAX;Pecten maximus;F;PECT;?;Dmb;0;Pecten maximus (Linnaeus, 1758);;
607;PECTSPP;Pecten;F;PECT;;Dmb;0;Pecten Müller O.F., 1776;;
608;PELANOC;Pelagia noctiluca;;;;Ecn;0;Pelagia noctiluca (Forsskål, 1775);2011;MT
609;PELSPLA;Peltaster placenta;;;;Eec;0;Peltaster placenta (Müller-Troschel, 1842);2011;LM, MT
610;PELTATR;Peltodoris atromaculata;R;p. 305 Tav. 117;;Emo;0;Discodoris atromaculata (Bergh, 1880);;
611;PENAKER;Penaeus kerathurus;F;PEN Pen 1;;B;m;Melicertus kerathurus (Forsskål, 1775);;
612;PENNPHO;Pennatula phosphorea;;;;Ecn;0;Pennatula phosphorea Linnaeus, 1758;;
613;PENNRUB;Pennatula rubra;;;;Ecn;0;Pennatula rubra (Ellis, 1764);2011;SB, LM, MT
614;PERCGRA;Periclimenes granulatus;Z;182;;B;m;Periclimenes granulatus Holthuis, 1950;;
615;PERICAT;Peristedion cataphractum;C;186.01.01;;Ao;0;Peristedion cataphractum (Linnaeus, 1758);;
616;PETRFIC;Petrosia ficiformis;;;;Esp;0;Petrosia (Petrosia) ficiformis (Poiret, 1789);2011;LM
617;PHALGRA;Phallium granulatum;F;CASS Phal 1;;Dmg;0;Phalium granulatum (Von Born, 1778);;
618;PHASMAM;Phallusia mammillata;;;;Etu;0;Phallusia mammillata (Cuvier, 1815);2011;SB, LM, MT
619;PHILECH;Philoceras echinulatus;F;CRANG;;B;m;Philocheras echinulatus (M. Sars, 1861);;
620;PHINAPE;Philine aperta;;;;Emo;0;Philine aperta (Linnaeus, 1767);2011;LM, MT
621;PHIPDEP;Philinopsis depicta;;;;Emo;0;Philinopsis depicta (Renier, 1807);2011;MT
622;PHROSED;Phronima sedentaria;;;;Bam;;Phronima sedentaria (Forsskal, 1775);2011;LM
623;PHRYREG;Phrynorhombus regius;C;195.03.01;;Ao;0;Zeugopterus regius (Bonnaterre, 1788);;
624;PHRYSPP;Phrynorhombus;C;195.03.01;;Ao;0;Zeugopterus Gottsche, 1835;;
625;PHYIBLE;Phycis blennoides;C;101.15.02;;Ao;0;Phycis blennoides (Brünnich, 1768);;
626;PHYIPHY;Phycis phycis;C;101.15.01;;Ao;0;Phycis phycis (Linnaeus, 1766);;
627;PHYLTRU;Phyllonotus (Murex)(=Trunculariopsis);F;MUR Phyl 1;;Dmg;0;Hexaplex trunculus (Linnaeus, 1758);;d2
628;PHYOURN;Phyllophorus urna;;;;Eec;0;Phyllophorus urna Grube, 1840;2011;SB
629;PHYSDAL;Physiculus dalwigki;C;103.08.01;;Ao;0;Physiculus dalwigki Kaup, 1858;;
630;PILUSPI;Pilumnus spinifer;Z;391;;B;m;Pilumnus spinifer H. Milne-Edwards, 1834;;
631;PILUVIL;Pilumnus villosissimus;Z;392;;B;m;Pilumnus villosissimus (Rafinesque, 1814);;
632;PINNNOB;Pinna nobilis;F;PINN Pinn 1;;Dmb;0;Pinna nobilis Linnaeus, 1758;;
633;PINNPEC;Pinna pectinata;R;p. 322 Tav. 123;;Emb;0;Atrina pectinata (Linnaeus, 1767);;
634;PINOPIN;Pinnotheres pinnotheres;Z;409;;B;m;Nepinnotheres pinnotheres (Linnaeus, 1758);;
635;PISAARN;Pisa armata;Z;454;;B;m;Pisa armata (Latreille, 1803);;
636;PISANOD;Pisa nodipes;Z;454;;B;m;Pisa nodipes (Leach, 1815);;
637;PISASPP;Pisa spp.;Z;448;;B;m;Pisa Leach, 1814;2011;SB
638;PISILON;Pisidia longicornis;Z;293;;B;m;Pisidia longicornis (Linnaeus, 1767);;
639;PLATFLE;Platichys flesus;C;197.08.01;;Ao;0;Platichthys flesus (Linnaeus, 1758);;
640;PLEOMED;Plectorhinchus mediterraneus;C;136.04.01;?;Ao;0;Plectorhinchus mediterraneus (Guichenot, 1850);;
641;PLERMEC;Pleurobranchea meckely;R;p. 289 Tav. 111;;Emo;0;Pleurobranchaea meckeli Meckel in Leue, 1813;;
642;PLESACA;Plesionika acanthonotus;Z;102;;B;m;Plesionika acanthonotus (S.I. Smith, 1882);;
643;PLESANT;Plesionika antigai;Z;100;;B;m;Plesionika antigai Zariquiey-Alvarez, 1955;;
644;PLESEDW;Plesionika edwardsii;F;PANDL Plesio 2;;B;m;Plesionika edwardsii (Brandt, 1851);;
645;PLESGIG;Plesionika gigliolii;Z;106;;B;m;Plesionika gigliolii (Senna, 1903);;
646;PLESHET;Plesionika heterocarpus;F;PANDL Plesio 8;;B;m;Plesionika heterocarpus (A. Costa, 1871);;
647;PLESMAR;Plesionika martia;F;PANDL Plesio 1;;B;m;Plesionika martia (A. Milne-Edwards, 1883);;
648;PLESSPP;Plesionika spp.;Z;99;;B;m;Plesionika Bate, 1888;2011;SB, LM
649;PLEUPIL;Pleurobrachia pileus;;;;Ect;0;Pleurobrachia pileus (O. F. Müller, 1776);;
650;POLARIS;Polyacanthonotus rissoanus;C;89.02.01;;Ao;0;Polyacanthonotus rissoanus (De Filippi & Verany, 1857);;
651;POLBHEN;Polybius henslowi;F;PORT;;B;m;Polybius henslowii Leach, 1820;;
652;POLCTYP;Polycheles typhlops;Z;209;;B;m;Polycheles typhlops Heller, 1862;;
653;POLYAME;Polyprion americanum;C;124.07.01;;Ao;0;Polyprion americanus (Bloch & Schneider, 1801);;
654;POMABEN;Pomadasys incisus (bennetti);C;136.01.01;;Ao;0;Pomadasys incisus (Bowdich, 1825);;
655;POMSMAR;Pomatoschistus marmoratus;C;162.21.04;;Ao;0;Pomatoschistus marmoratus (Risso, 1810);;
656;POMSMIC;Pomatoschistus microps;C;162.21.05;;Ao;0;Pomatoschistus microps (Krøyer, 1838);;
657;POMSMIN;Pomatoschistus minutus;C;162.21.01;;Ao;0;Pomatoschistus minutus (Pallas, 1770);;
1156;POMSSPP;Pomatoschistus spp;;;;Ao;;Pomatoschistus spp, Gill, 1864;2013;AJ
658;POMTSAL;Pomatomus saltator;C;129.01.01;;Ao;0;Pomatomus saltatrix (Linnaeus, 1766);;
659;PONIKUH;Pontinus kuhlii;C;184.03.01;;Ao;0;Pontinus kuhlii (Bowdich, 1825);;
660;PONOMUR;Pontobdella muricata;;;;Ehi;0;Pontobdella muricata (Linnaeus, 1758);2011;SB
661;PONPNOR;Pontophilus norvegicus;;;;B;m;Pontophilus norvegicus (M. Sars, 1861);;
662;PONPSPI;Pontophilus spinosus;F;CRANG Pontop 1;;B;m;Pontophilus spinosus (Leach, 1815);;
663;PONTCAT;Pontocaris cataphractus;Z;188;;B;m;Aegaeon cataphractus (Olivi, 1792);;
664;PONTLAC;Pontocaris lacazei;F;CRANG Pont 1;;B;m;Aegaeon lacazei (Gourret, 1887);;
665;POSIEGA;Egagropili di Posidonia oceanica;;;;H;;Egagropili di Posidonia oceanica;2011;MT
666;POSILEA;Fogli di Posidonia oceanica;;;;H;;Fogli di Posidonia oceanica;2011;MT
667;POSIOCE;Posidonia oceanica;;;;V;;Posidonia oceanica (Linnaeus) Delile, 1813;2011;SB
668;PRIOGLA;Prionace glauca;C;13.08.01;;Ae;0;Prionace glauca (Linnaeus, 1758);;
669;PROCEDU;Processa edulis;F;PROC Proc 2;;B;m;Processa edulis edulis  (Risso, 1816);;
670;PROCMED;Processa canaliculata (mediterranea);F;PROC Proc 1;;B;m;Processa canaliculata Leach, 1815;;
671;PROCNOU;Processa nouveli;F;PROC;;B;m;Processa nouveli Al-Adhub & Williamson, 1975;;
672;PROCSPP;Processa spp.;Z;151;;B;m;Processa Leach, 1815;2011;SB, LM, MT
673;PROSSPP;Prosobranchia spp.;;;;Emg;0;Prosobranchia Milne Edwards, 1848;;
674;PSAMMIC;Psamechinus microtuberculatus;R;p. 558 Tav. 221;;Eec;0;Psammechinus microtuberculatus (Blainville, 1825);;
675;PSEDCER;Pseudosquillopsis cerisii;;;;Bst;m;Pseudosquillopsis cerisii (Roux, 1828);2011;LM
676;PSENPEL;Psenes pellucidus;C / G;177.3.2 / 188;? AL;Ao;0;Psenes pellucidus Lütken, 1880;;
677;PSETMAX;Psetta maxima;C;195.04.01;;Ao;0;Psetta maxima (Linnaeus, 1758);;
678;PSEUSYR;Pseudocnus syracusanus;;;;Eec;0;Pseudocnus syracusanus (Panning, 1962);2011;MT
679;PSEVCAR;Pseudosimnia carnea;;D'Angelo;;Emg;m;Pseudosimnia carnea (Poiret, 1789);;
680;PTEAPEL;Pteragogus pelycus;G;162;AL;Ao;0;Pteragogus pelycus Randall, 1981;;
681;PTEDSPI;Pteroeides spinosum;;;;Ecn;0;Pteroeides spinosum (Ellis, 1764);2011;SB, LM, MT
682;PTEOBOV;Pteromylaeus bovinus;C;23.02.01;;Ae;0;Pteromylaeus bovinus (Geoffroy Saint-Hilaire, 1817);;
683;PTERHIR;Pteria hirundo;F;PTER;;Emb;0;Pteria hirundo (Linnaeus, 1758);;
684;PUNTPUN;Diplodus (Puntazzo) puntazzo;C;137.08.01;;Ao;0;Diplodus puntazzo (Cetti, 1777);;
685;PYROATL;Pyrosoma atlanticum;;;;Etu;0;Pyrosoma atlanticum Péron, 1804;2011;SB, LM
686;PYROSPP;Pyrosoma;;;;Etu;0;Pyrosoma Péron, 1804;2011;SB
687;PYRTMAR;Pyroteuthis margaritifera;F;ENOP;;C;0;Pyroteuthis margaritifera (Rüppell, 1844);2011;LM
688;PYURDUR;Pyura dura;;;;Etu;0;Pyura dura (Heller, 1877);2011;MT
689;PYURMIC;Pyura microcosmus;;;;Etu;0;Pyura microcosmus (Savigny, 1816);2011;LM, MT
690;PYURSPP;Pyura spp.;;;;Etu;0;Pyura Molina, 1782;2011;MT
691;RAJAALB;Raja alba;C;21.01.18;;Ae;0;Rostroraja alba (Lacepède, 1803);;
692;RAJAAST;Raja asterias;C;21.01.02;;Ae;0;Raja asterias Delaroche, 1809;;
693;RAJABAT;Raja batis;C;21.01.10;;Ae;0;Dipturus batis (Linnaeus, 1758);;
694;RAJABRA;Raja brachyura;C;21.01.03;;Ae;0;Raja brachyura Lafont, 1873;;
695;RAJACIR;Raja circularis;C;21.01.14;;Ae;0;Leucoraja circularis (Couch, 1838);;
696;RAJACLA;Raja clavata;C;21.01.04;;Ae;0;Raja clavata Linnaeus, 1758;;
697;RAJAEGG;Capsule ovigere di Raja spp.;;;;G;;Capsule ovigere di Raja spp.;2011;MT
698;RAJAFUL;Raja fullonica;C;21.01.13;;Ae;0;Leucoraja fullonica (Linnaeus, 1758);;
699;RAJAMEL;Raja melitensis;C;21.01.21;;Ae;0;Leucoraja melitensis (Clark, 1926);;
700;RAJAMIR;Raja miraletus;C;21.01.01;;Ae;0;Raja miraletus Linnaeus, 1758;;
701;RAJAMON;Raja montagui;C;21.01.07;;Ae;0;Raja montagui Fowler, 1910;;
702;RAJANAE;Raja naevus;C;21.01.15;;Ae;0;Leucoraja naevus (Müller & Henle, 1841);;
703;RAJAOXY;Raja oxyrinchus;C;21.01.12;;Ae;0;Dipturus oxyrinchus (Linnaeus, 1758);;
704;RAJAPOL;Raja polystigma;C;21.01.22;;Ae;0;Raja polystigma Regan, 1923;;
705;RAJARDA;Raja radula;C;21.01.23;;Ae;0;Raja radula Delaroche, 1809;;
706;RAJASPP;Raja;C;21.01.12;;Ae;0;Raja Linnaeus, 1758;;
707;RAJAUND;Raja undulata;C;21.01.25;;Ae;0;Raja undulata Lacepède, 1802;;
708;REGAGLE;Regalecus glesne;C;106.01.01;;Ao;0;Regalecus glesne Ascanius, 1772;;
709;RHINCEM;Rhinobatos cemiculus;C;19.01.02;;Ae;0;Rhinobatos cemiculus Geoffroy Saint-Hilaire, 1817;;
710;RHINRHI;Rhinobatos rhinobatos;C;19.01.01;;Ae;0;Rhinobatos rhinobatos (Linnaeus, 1758);;
711;RHIPMAR;Rhinoptera marginata;C;24.01.01;;Ae;0;Rhinoptera marginata (Geoffroy Saint-Hilaire, 1817);;
712;RHIZPYR;Rhizaxinella pyrifera;;;;Esp;0;Rhizaxinella pyrifera (Delle Chiaje, 1828);2011;SB, MT
713;RHYNHEP;Rhynchogadus hepaticus;C;103.09.01;;Ao;0;Rhynchogadus hepaticus (Facciolà, 1884);;
714;RICHFRE;Richardina fredericii;Z;68;;B;m;Richardina fredericii Lo Bianco, 1903;;
715;RISSDES;Rissoides desmaresti;F;SQUIL;;Bst;m;Rissoides desmaresti (Risso, 1816);;
716;RISSPAL;Rissoides pallidus;F;SQUIL;;Bst;m;Rissoides pallidus (Giesbrecht, 1910);;
717;RIZOPUL;Rhizostoma pulmo;;;;Ecn;0;Rhizostoma pulmo (Macri, 1778);2011;SB, MT
718;ROCHCAR;Rochinia carpenteri;Z;464;?;B;m;Rochinia carpenteri (Thomson, 1873);;
719;RONDMIN;Rondeletiola minor;F;SEPIOL;;C;0;Rondeletiola minor (Naef, 1912);;
720;ROSSMAC;Rossia macrosoma;F;SEPIOL Ross 1;;C;0;Rossia macrosoma (Delle Chiaje, 1830);;
721;SADASAR;Sarda sarda;C;158.04.01;;Ao;0;Sarda sarda (Bloch, 1793);;
722;SAGAELE;Sagartia elegans;;;;Ecn;0;Sagartia elegans (Dalyell, 1848);2011;MT
723;SALOTRU;Salmo trutta trutta;C;45.01.02;;Ao;0;Salmo trutta trutta Linnaeus, 1758;;
724;SARCFOE;Sarcotragus foetidus;;;;Esp;0;Sarcotragus foetidus Schmidt, 1862;2011;LM
725;SARDPIL;Sardina pilchardus;C;33.03.01;;Ao;0;Sardina pilchardus (Walbaum, 1792);;
726;SARIAUR;Sardinella aurita;C;33.04.01;;Ao;0;Sardinella aurita Valenciennes, 1847;;
727;SARIMAD;Sardinella maderensis;C;33.04.02;;Ao;0;Sardinella maderensis (Lowe, 1838);;
728;SARPSAL;Sarpa salpa;C;139.09.01;;Ao;0;Sarpa salpa (Linnaeus, 1758);;
729;SCAEUNI;Scaeurgus unicirrhus;F;OCT Scae 1;;C;0;Scaeurgus unicirrhus (Delle Chiaje, 1841);;
730;SCALSCA;Scalpellum scalpellum;R;Riedl;;Bci;m;Scalpellum scalpellum (Linnaeus, 1758);;
731;SCAPNIG;Scaphander lignarius;;;;Dmg;0;Scaphander lignarius (Linnaeus, 1758);;
732;SCHEMED;Schedophilus medusophagus;C;176.03.01;;Ao;0;Schedophilus medusophagus Cocco, 1829;2011;SB, MT
733;SCHEOVA;Schedophilus ovalis;C;176.03.02;;Ao;0;Schedophilus ovalis (Cuvier, 1833);;
734;SCHICAN;Schizaster canaliferus;;;;Eec;0;Schizaster canaliferus (Lamarck, 1816);2011;SB, MT
735;SCIAUMB;Sciaena umbra;C;137.01.01;;Ao;0;Sciaena umbra Linnaeus, 1758;;
736;SCOBSAU;Scomberesox saurus;C;91.01.01;;Ao;0;Scomberesox saurus saurus (Walbaum, 1792);;
737;SCOHRHO;Scophthalmus rhombus;C;195.01.01;;Ao;0;Scophthalmus rhombus (Linnaeus, 1758);;
738;SCOMPNE;Scomber (Pneumatophorus) japonicus;C;156.01.02;;Ao;0;Scomber colias Gmelin, 1789;;
739;SCOMSCO;Scomber scombrus;C;156.01.01;;Ao;0;Scomber scombrus Linnaeus, 1758;;
740;SCORELO;Scorpaena elongata;C;184.01.03;;Ao;0;Scorpaena elongata Cadenat, 1943;;
741;SCORLOP;Scorpaena loppei;C;184.01.05;;Ao;0;Scorpaena loppei Cadenat, 1943;;
742;SCORMAD;Scorpaena maderensis;C;184.01.06;;Ao;0;Scorpaena madurensis Valenciennes, 1833;;
743;SCORNOT;Scorpaena notata;C;184.01.07;;Ao;0;Scorpaena notata Rafinesque, 1810;;
744;SCORPOR;Scorpaena porcus;C;184.01.01;;Ao;0;Scorpaena porcus Linnaeus, 1758;;
745;SCORSCO;Scorpaena scrofa;C;184.01.08;;Ao;0;Scorpaena scrofa Linnaeus, 1758;;
746;SCORSPP;Scorpaena spp.;C;184.1;;Ao;0;Scorpaena Linnaeus, 1758;2011;MT
747;SCYLARC;Scyllarus arctus;F;SCYL Scylr 1;;B;m;Scyllarus arctus (Linnaeus, 1758);;
748;SCYLLAT;Scyllarides latus;F;SCYL Scyld 1;;B;m;Scyllarides latus (Latreille, 1803);;
749;SCYLPYG;Scyllarus pygmaeus;F;SCYL Scylr 2;;B;m;Scyllarus pygmaeus (Bate, 1888);;
750;SCYMLIC;Dalatias (Scymnorhinus) licha;C;16.04.03;;Ae;0;Dalatias licha (Bonnaterre, 1788);;
751;SCYOCAN;Scyliorhinus canicula;C;11.01.01;;Ae;0;Scyliorhinus canicula (Linnaeus, 1758);;
752;SCYOSTE;Scyliorhinus stellaris;C;11.01.02;;Ae;0;Scyliorhinus stellaris (Linnaeus, 1758);;
753;SEPENEG;Sepietta neglecta;F;SEPIOL;;C;0;Sepietta neglecta Naef, 1916;;
754;SEPEOBS;Sepietta obscura;F;SEPIOL;;C;0;Sepietta obscura Naef, 1916;;
755;SEPEOWE;Sepietta oweniana;F;SEPIOL;;C;0;Sepietta oweniana (d'Orbigny, 1841);;
756;SEPESPP;Sepietta spp.;F;SEPIOL;;C;0;Sepietta Naef, 1912;;
757;SEPIELE;Sepia elegans;F;SEP Sep 3;;C;0;Sepia elegans De Blainville, 1827;;
758;SEPIOFF;Sepia officinalis;F;SEP Sep 1;;C;0;Sepia officinalis Linnaeus, 1758;;
759;SEPIORB;Sepia orbignyana;F;SEP Sep 4;;C;0;Sepia orbignyana Férussac, 1826;;
760;SEPISPP;Sepia;F;SEP Sep 1;;C;0;Sepia Linnaeus, 1758;;
761;SEPOAFF;Sepiola affinis;F;SEPIOL;;C;0;Sepiola affinis Naef, 1912;;
762;SEPOINT;Sepiola intermedia;F;SEPIOL;;C;0;Sepiola intermedia Naef, 1912;;
763;SEPOLIG;Sepiola ligulata;F;SEPIOL;;C;0;Sepiola ligulata Naef, 1912;;
764;SEPOROB;Sepiola robusta;F;SEPIOL;;C;0;Sepiola robusta Naef, 1912;;
765;SEPORON;Sepiola rondeleti;F;SEPIOL;;C;0;Sepiola rondeleti Leach, 1817;;
766;SEPOSPP;Sepiola spp.;F;SEP;;C;0;Sepiola Leach, 1817;;
767;SERAATR;Serranus atricauda;C;124.01.02;?;Ao;0;Serranus atricauda Günther, 1874;;
768;SERACAB;Serranus cabrilla;C;124.01.01;;Ao;0;Serranus cabrilla (Linnaeus, 1758);;
769;SERAHEP;Serranus hepatus;C;124.01.03;;Ao;0;Serranus hepatus (Linnaeus, 1758);;
770;SERASCR;Serranus scriba;C;124.01.04;;Ao;0;Serranus scriba (Linnaeus, 1758);;
771;SERGARC;Sergestes arcticus;Z;61;;B;m;Eusergestes arcticus (Krøyer, 1855);;
772;SERGROB;Sergestes robustus;Z;61;;B;m;Sergia robusta (S.I. Smith, 1882);;
773;SERGSAR;Sergestes sargassi (= henseni);Z;62;;B;m;Allosergestes sargassi (Ortmann, 1893);;
774;SERIDUM;Seriola dumerili;C;131.09.01;;Ao;0;Seriola dumerili (Risso, 1810);;
775;SHELDEB;Shell drebis;;;;G;;Shell drebis;2011;MT
776;SICYCAR;Sicyonia carinata;Z;57;;B;m;Sicyonia carinata (Brünnich, 1768);2011;LM
1224;SIPSNUD;Sipunculus (Sipunculus) nudus;;;;Esip;;Sipunculus (Sipunculus) nudus, Linnaeus, 1766;2013;AJ
777;SOLEIMP;Solea impar;C;198.01.02;;Ao;0;Pegusa impar (Bennett, 1831);;
778;SOLEKLE;Solea kleini;C;198.01.03;;Ao;0;Synapturichthys kleinii (Risso, 1827);;
779;SOLELAS;Solea lascaris;C;198.01.04;;Ao;0;Pegusa lascaris (Risso, 1810);;
780;SOLESEN;Solea senegalensis;C / G;198.1.6 / 194;(*);Ao;0;Solea senegalensis Kaup, 1858;;
781;SOLESPP;Solea spp.;C;198.1;;Ao;0;Solea Quensel, 1906;2011;LM
782;SOLEVUL;Solea vulgaris;C;198.01.01;;Ao;0;Solea solea (Linnaeus, 1758);;
783;SOLOMEM;Solenocera membranacea;F;SOLENO Soleno;;B;m;Solenocera membranacea (Risso, 1816);;
784;SPARAUR;Sparus aurata;C;139.01.01;;Ao;0;Sparus aurata Linnaeus, 1758;;
785;SPARCAE;Pagrus (Sparus) coeruleostictus;C;139.11.02;;Ao;0;Pagrus caeruleostictus (Valenciennes, 1830);;
786;SPARPAG;Pagrus (Sparus) pagrus;C;139.11.03;;Ao;0;Pagrus pagrus (Linnaeus, 1758);;
787;SPATPUR;Spatangus purpureus;;;;Eec;0;Spatangus purpureus (O.F. Müller, 1776);2011;SB, MT
788;SPHAGRA;Sphaerechinus granularis;;;;Eec;0;Sphaerechinus granularis (Lamarck, 1816);2011;MT
789;SPHOCUT;Sphoeroides cutaneus;C / G;204.3.2 / 208;(*);Ao;0;Sphoeroides pachygaster (Müller & Troschel, 1848);;
790;SPHYSPY;Sphyraena sphyraena;C;180.01.01;;Ao;0;Sphyraena sphyraena (Linnaeus, 1758);;
791;SPICFLE;Spicara flexuosa;C;141.02.02;;Ao;0;Spicara flexuosa Rafinesque, 1810;;
792;SPICMAE;Spicara maena;C;141.02.01;;Ao;0;Spicara maena (Linnaeus, 1758);;
793;SPICSMA;Spicara smaris;C;141.02.03;;Ao;0;Spicara smaris (Linnaeus, 1758);;
794;SPICSPP;Spicara;C;141.2;;Ao;0;Spicara Rafinesque, 1810;;
795;SPISSPP;Spisula spp.;F;MACTR;;Emb;0;Spisula J.E. Gray , 1837;;
796;SPISSUB;Spisula subtrucata;F;MACTR;;Emb;0;Spisula subtruncata (Da Costa, 1778);;
797;SPODCAN;Spondyliosoma cantharus;C;139.10.01;;Ao;0;Spondyliosoma cantharus (Linnaeus, 1758);;
798;SPONOFF;Spongia officinalis officinalis;;;;Esp;0;Spongia (Spongia) officinalis officinalis Linné, 1759;2011;LM
799;SPRASPR;Sprattus sprattus;C;33.05.01;;Ao;0;Sprattus sprattus sprattus (Linnaeus, 1758);;
800;SQUAACA;Squalus acanthias;C;16.01.01;;Ae;0;Squalus acanthias Linnaeus, 1758;;
801;SQUABLA;Squalus blainvillei;C;16.01.02;;Ae;0;Squalus blainvillei (Risso, 1827);;
802;SQUIMAN;Squilla mantis;F;SQUIL Squil 5;;Bst;m;Squilla mantis (Linnaeus, 1758);;
803;SQUTACU;Squatina aculeata;C;17.01.02;;Ae;0;Squatina aculeata Cuvier, 1829;;
804;SQUTOCL;Squatina oculata;C;17.01.03;;Ae;0;Squatina oculata Bonaparte, 1840;;
805;SQUTSPP;Squatina spp.;C;17.1;;Ae;0;Squatina Duméril, 1806;;
806;SQUTSQU;Squatina squatina;C;17.01.01;;Ae;0;Squatina squatina (Linnaeus, 1758);;
807;STENSPI;Stenopus spinosus;Z;66;;B;m;Stenopus spinosus Risso, 1827;2011;SB
808;STEPDIA;Stephanolepis diaspros;C / G;202.1.2 / 200;AL;Ao;0;Stephanolepis diaspros Fraser-Brunner, 1940;;
809;STERSCU;Sternaspis scutata;;;;Epo;0;Sternaspis scutata (Ranzani, 1817);2011;SB, MT
810;STICREG;Stichopus regalis;F;STICH Stich 1;;Eec;0;Stichopus regalis (Cuvier, 1817);;
811;STOLLEU;Stoloteuthis leucoptera;F;SEPIOL;;C;0;Stoloteuthis leucoptera (Verrill, 1878);;
812;STOMBOA;Stomias boa;C;41.01.01;;Ao;0;Stomias boa boa (Risso, 1810);;
813;STROFIA;Stromateus fiatola;C;179.01.01;;Ao;0;Stromateus fiatola Linnaeus, 1758;;
814;STYESPP;Styela spp.;;;;Etu;0;Styela Fleming, 1822;2011;MT
815;STYLAFF;Stylocidaris affinis;;;;Eec;0;Stylocidaris affinis (Philippi, 1845);2011;MT
816;SUBECAR;Suberites carnosus;;;;Esp;0;Suberites carnosus (Johnston, 1842);;
817;SUBEDOM;Suberites domuncula;;;;Esp;0;Suberites domuncula (Olivi, 1792);;
1225;SUBEFIC;Suberites ficus;;;;Esp;;Suberites ficus, (Johnston, 1842);2013;AJ
818;SUBESPP;Suberites spp.;;;;Esp;0;Suberites Nardo, 1833;;
819;SUDIHYA;Sudis hyalina;C;63.05.01;;Ao;0;Sudis hyalina Rafinesque, 1810;2011;LM, MT
820;SYMBVER;Symbolophorus veranyi;C;58.19.01;;Ao;0;Symbolophorus veranyi (Moreau, 1888);;
821;SYMDCIN;Symphodus cinereus;C;145.09.03;;Ao;0;Symphodus cinereus (Bonnaterre, 1788);;
822;SYMDMED;Symphodus mediterraneus;C;145.09.06;;Ao;0;Symphodus mediterraneus (Linnaeus, 1758);;
823;SYMDOCE;Symphodus ocellatus;C;145.09.09;;Ao;0;Symphodus ocellatus (Forsskål, 1775);;
824;SYMDROI;Symphodus roissali;C;145.09.11;;Ao;0;Symphodus roissali (Risso, 1810);2011;SB, MT
825;SYMDROS;Symphodus rostratus;C;145.09.01;;Ao;0;Symphodus rostratus (Bloch, 1791);;
826;SYMDTIN;Symphodus tinca;C;145.09.12;;Ao;0;Symphodus tinca (Linnaeus, 1758);;
827;SYMPLIG;Symphurus ligulatus;C;199.02.02;;Ao;0;Symphurus ligulatus (Cocco, 1844);;
828;SYMPNIG;Symphurus nigrescens;C;199.02.01;;Ao;0;Symphurus nigrescens Rafinesque, 1810;;
829;SYNDSAU;Synodus saurus;C;51.01.02;;Ao;0;Synodus saurus (Linnaeus, 1758);;
830;SYNGACU;Syngnathus acus;C;97.01.01;;Ao;0;Syngnathus acus Linnaeus, 1758;;
831;SYNGPHL;Syngnathus phlegon;C;97.01.03;;Ao;0;Syngnathus phlegon Risso, 1827;;
832;SYNGSPP;Syngnathus spp.;C;97.1;;Ao;0;Syngnathus Linnaeus, 1758;2011;MT
833;SYNGTAE;Syngnathus taenionotus;C;97.01.06;;Ao;0;Syngnathus taenionotus Canestrini, 1871;;
834;SYNGTEN;Syngnathus tenuirostris;C;97.01.07;;Ao;0;Syngnathus tenuirostris Rathke, 1837;2011;LM
835;SYNGTYP;Syngnathus typhle;C;97.01.08;;Ao;0;Syngnathus typhle Linnaeus, 1758;;
836;TAENGRA;Taeniura grabata;C;22.04.01;;Ae;0;Taeniura grabata (Geoffroy Saint-Hilaire, 1817);;
837;TELLSPP;Tellina spp.;F;TELL;;Dmb;0;Tellina Linnaeus, 1758;;
838;TELMFOR;Telmatactis forskali;;;;Ecn;0;Telmatactis forskali (Ehrenberg, 1834);2011;MT
839;TETAAUR;Tethya aurantium;;;;Esp;0;Tethya aurantium (Pallas, 1766);2011;SB, MT
840;TETACIT;Tethya citrina;;;;Esp;0;Tethya citrina Sarà & Melone, 1965;2011;MT
841;TETHFIM;Tethys fimbria;;;;Emo;0;Tethys fimbria Linnaeus, 1767;;
842;TETYSUB;Tethyaster subinermis;;;;Eec;0;Tethyaster subinermis (Philippi, 1837);2011;SB, LM
843;THAMPOI;Thalamita poissonii;Y;Y;AL;B;m;Thalamita poissonii (Audouin, 1826);;
844;THENMUR;Thenea muricata;;;;Esp;0;Thenea muricata (Bowerbank, 1858);2011;SB
845;THYOELO;Trachythyone elongata;;;;Eec;0;Trachythyone elongata (Düben Koren, 1844);2011;SB, MT
846;THYOTER;Trachythyone tergestina;;;;Eec;0;Trachythyone tergestina (M. Sars, 1857);2011;SB
847;TODASAG;Todarodes sagittatus;F;OMMAS Todarod;;C;0;Todarodes sagittatus (Lamarck, 1798);;
848;TODIEBL;Todaropsis eblanae;F;OMMAS Todarod;;C;0;Todaropsis eblanae (Ball, 1841);;
849;TONNGAL;Tonna galea;;;;Dmg;;Tonna galea (Linnaeus, 1758);2011;MT
850;TORPMAR;Torpedo marmorata;C;20.01.02;;Ae;0;Torpedo marmorata Risso, 1810;;
851;TORPNOB;Torpedo nobiliana;C;20.01.03;;Ae;0;Torpedo nobiliana Bonaparte, 1835;;
852;TORPSPP;Torpedo;C;20.1;;Ae;0;Torpedo Houttuyn, 1764;;
853;TORPTOR;Torpedo torpedo;C;20.01.01;;Ae;0;Torpedo torpedo (Linnaeus, 1758);;
854;TRACMED;Trachurus mediterraneus;C;131.10.03;;Ao;0;Trachurus mediterraneus (Steindachner, 1868);;
855;TRACPIC;Trachurus picturatus;C;131.10.04;;Ao;0;Trachurus picturatus (Bowdich, 1825);;
856;TRACTRA;Trachurus trachurus;C;131.10.01;;Ao;0;Trachurus trachurus (Linnaeus, 1758);;
857;TRAHARA;Trachinus araneus;C;148.01.02;;Ao;0;Trachinus araneus Cuvier, 1829;;
858;TRAHDRA;Trachinus draco;C;148.01.01;;Ao;0;Trachinus draco Linnaeus, 1758;;
859;TRAHRAD;Trachinus radiatus;C;148.01.03;;Ao;0;Trachinus radiatus Cuvier, 1829;;
860;TRARTRA;Trachyrhynchus trachyrhynchus;C;99.01.01;;Ao;0;Trachyrincus scabrus (Rafinesque, 1810);;
861;TRAYCRI;Trachyscorpia cristulata;C / G;184.7.1 / 98;(*);Ao;0;Trachyscorpia cristulata echinata (Koehler, 1896);;
862;TRIGLUC;Trigla lucerna;C;185.01.02;;Ao;0;Chelidonichthys lucerna (Linnaeus, 1758);;
863;TRIGLYR;Trigla lyra;C;185.01.01;;Ao;0;Trigla lyra Linnaeus, 1758;;
864;TRIILEP;Trichiurus lepturus;C;155.01.01;;Ao;0;Trichiurus lepturus Linnaeus, 1758;;
865;TRIPLAS;Trigloporus lastoviza;C;185.05.01;;Ao;0;Trigloporus lastoviza (Bonnaterre, 1788);;
866;TRISCAP;Trisopterus minutus capelanus;C;101.11.01;;Ao;0;Trisopterus minutus (Linnaeus, 1758);;
867;TRISLUS;Trisopterus luscus;C;101.11.03;;Ao;0;Trisopterus luscus (Linnaeus, 1758);;
868;TRITNOD;Charonia (Triton) rubicunda (nodifer);F;CYM Char 1;;Dmg;0;Charonia lampas lampas (Linnaeus, 1758);;
869;TURRCOM;Turritella comunnis;F;D12;;Emg;0;Turritella communis Risso, 1826;;
870;TURRSIM;Turris similis;;D'Angelo;;Emg;0;Fusiturris similis (Bivona Ant., 1838);;
871;TURRSPP;Turritella spp.;F;TURR;;Emg;0;Turritella Lamarck, 1799;;
872;UMBAMED;Umbraculum mediterraneum;;;;Emo;0;Umbraculum umbraculum (Lightfoot, 1786);;
873;UMBRCAN;Umbrina canariensis;C;137.04.02;;Ao;0;Umbrina canariensis Valenciennes, 1843;;
874;UMBRCIR;Umbrina cirrosa;C;137.04.01;;Ao;0;Umbrina cirrosa (Linnaeus, 1758);;
875;UMBRRON;Umbrina ronchus;C;137.04.03;;Ao;0;Umbrina ronchus Valenciennes, 1843;;
876;UPENMOL;Upeneus moluccensis;C / G;138.3.1 / 134;AL;Ao;0;Upeneus moluccensis (Bleeker, 1855);;
877;URANSCA;Uranoscopus scaber;C;149.01.01;;Ao;0;Uranoscopus scaber Linnaeus, 1758;;
1226;VALOSPP;Valonia;;;;V;;Valonia, C. Agardh, 1823;2013;AJ
878;VENUSPP;Venus spp.;F;VEN;;Dmb;0;Venus Linnaeus, 1758;;
879;VENUVER;Venus verrucosa;F;VEN Ven 1;;Dmb;0;Venus verrucosa Linnaeus, 1758;;
1207;VERECYN;Veretillum cynomorium;;;;Ecn;;Veretillum cynomorium, (Pallas, 1766);2013;AJ
880;VINCATT;Vinciguerria attenuata;C;37.12.01;;Ao;0;Vinciguerria attenuata (Cocco, 1838);;
881;VINCPOW;Vinciguerria poweriae;C;37.12.03;;Ao;0;Vinciguerria poweriae (Cocco, 1838);;
882;XANTCOU;Medaeus (Xantho) couchi;Z;400;;B;m;Monodaeus couchi (Couch, 1851);;
883;XANTPIL;Xantho pilipes;Z;395;;B;m;Xantho pilipes A. Milne-Edwards, 1867;2011;MT
884;XENOCRI;Xenophora crispa;F;XENOPH;;Emg;m;Xenophora crispa (Koenig, 1825);;
885;XENOSPP;Xenophora spp.;F;XENOPH;;Emg;m;Xenophora Fischer Von Waldheim, 1807;;
886;XIPHGLA;Xiphias gladius;C;161.01.01;;Ao;0;Xiphias gladius Linnaeus, 1758;;
887;XYRINOV;Xyrichthys novacula;C;145.11.01;;Ao;0;Xyrichthys novacula (Linnaeus, 1758);2011;LM, MT
888;ZEUSFAB;Zeus faber;C;120.01.01;;Ao;0;Zeus faber Linnaeus, 1758;;
889;ZOSTOPH;Zostoricessor ophiocephalus;C;162.26.01;;Ao;0;Zosterisessor ophiocephalus (Pallas, 1814);;
