TYPE_OF_FILE;COUNTRY;AREA;VESSEL;YEAR;HAUL_NUMBER;CODEND_CLOSING;PART_OF_THE_CODEND;FAUNISTIC_CATEGORY;GENUS;SPECIES;NAME_OF_THE_REFERENCE_LIST;TOTAL_WEIGHT_IN_HAUL;TOTAL_NUMBER_IN_HAUL;NUMBER_OF_FEMALES;NUMBER_OF_MALES;NUMBER_OF_UNDETERMINED
TB;ITA;18;BIM;1994;75;S;S;C;ALLO;MED;FM;39.9999991059303;12;0;0;12
TB;ITA;18;BIM;1994;75;S;S;A;ASPI;CUC;FM;216.999992728233;6;0;0;6
TB;ITA;18;BIM;1994;75;S;S;A;BOOP;BOO;FM;836.000025272369;13;0;0;13
TB;ITA;18;BIM;1994;75;S;S;C;ELED;CIR;FM;1337.00001239777;5;4;1;0
TB;ITA;18;BIM;1994;75;S;S;C;ELED;MOS;FM;676.999986171722;7;0;0;7
TB;ITA;18;BIM;1994;75;S;S;A;ENGR;ENC;FM;21.9999998807907;1;0;0;1
TB;ITA;18;BIM;1994;75;S;S;A;EUTR;GUR;FM;12.0000001043081;2;0;0;2
TB;ITA;18;BIM;1994;75;S;S;A;LEPI;CAU;FM;10000;6;0;0;6
TB;ITA;18;BIM;1994;75;S;S;A;LEPT;CAV;FM;17.000000923872;1;0;0;1
TB;ITA;18;BIM;1994;75;S;S;A;LOPH;BUD;FM;201.00000500679;1;0;1;0
TB;ITA;18;BIM;1994;75;S;S;A;LOPH;PIS;FM;1264.00005817413;2;2;0;0
TB;ITA;18;BIM;1994;75;S;S;A;MERL;MER;FM;4500;120;49;67;4
TB;ITA;18;BIM;1994;75;S;S;A;MULL;SUR;FM;488.999992609024;5;2;3;0
TB;ITA;18;BIM;1994;75;S;S;A;PAGE;ACA;FM;1052.99997329712;14;2;12;0
TB;ITA;18;BIM;1994;75;S;S;A;SARD;PIL;FM;435.999989509583;101;0;0;101
TB;ITA;18;BIM;1994;75;S;S;C;SEPI;ELE;FM;43.9999997615814;3;0;0;3
TB;ITA;18;BIM;1994;75;S;S;A;SERA;CAB;FM;28.0000008642673;1;0;0;1
TB;ITA;18;BIM;1994;75;S;S;A;SPIC;SMA;FM;1171.0000038147;26;0;0;26
TB;ITA;18;BIM;1994;75;S;S;C;TODI;EBL;FM;8.00000037997961;1;0;0;1
TB;ITA;18;BIM;1994;75;S;S;A;TRAC;MED;FM;6.00000005215406;1;0;0;1
TB;ITA;18;BIM;1994;75;S;S;A;TRAC;TRA;FM;203.999996185303;31;1;0;30
TB;ITA;18;BIM;1994;75;S;S;A;TRAH;DRA;FM;294.999986886978;3;0;0;3
TB;ITA;18;BIM;1994;75;S;S;A;TRIP;LAS;FM;119.999997317791;2;0;0;2
TB;ITA;18;BIM;1994;75;S;S;A;TRIS;CAP;FM;232.999995350838;8;2;4;2
TB;ITA;18;BIM;1994;75;S;S;A;ZEUS;FAB;FM;7.00000021606684;1;0;0;1
TB;ITA;18;BIM;1994;76;S;S;C;ALLO;MED;FM;24.0000002086163;5;0;0;5
TB;ITA;18;BIM;1994;76;S;S;A;ASPI;CUC;FM;138.999998569489;9;0;0;9
TB;ITA;18;BIM;1994;76;S;S;A;BLEN;OCE;FM;9.99999977648258;1;0;0;1
TB;ITA;18;BIM;1994;76;S;S;A;BOOP;BOO;FM;129.999995231628;3;0;0;3
TB;ITA;18;BIM;1994;76;S;S;A;CEPO;MAC;FM;8.00000037997961;1;0;0;1
TB;ITA;18;BIM;1994;76;S;S;C;ELED;CIR;FM;675.000011920929;1;1;0;0
TB;ITA;18;BIM;1994;76;S;S;A;ENGR;ENC;FM;27.0000007003546;2;0;0;2
TB;ITA;18;BIM;1994;76;S;S;A;EUTR;GUR;FM;27.0000007003546;5;0;0;5
TB;ITA;18;BIM;1994;76;S;S;C;ILLE;COI;FM;9.99999977648258;2;0;0;2
TB;ITA;18;BIM;1994;76;S;S;A;LEPI;CAU;FM;1014.99998569489;1;0;0;1
TB;ITA;18;BIM;1994;76;S;S;A;LEPT;CAV;FM;9.99999977648258;1;0;0;1
TB;ITA;18;BIM;1994;76;S;S;A;LOPH;PIS;FM;135.000005364418;3;0;2;1
TB;ITA;18;BIM;1994;76;S;S;A;MERL;MER;FM;1705.00004291534;21;9;12;0
TB;ITA;18;BIM;1994;76;S;S;A;MULL;SUR;FM;296.000003814697;5;1;4;0
TB;ITA;18;BIM;1994;76;S;S;A;SARD;PIL;FM;648.999989032745;18;0;0;18
TB;ITA;18;BIM;1994;76;S;S;C;SEPI;ELE;FM;35.0000001490116;2;0;0;2
TB;ITA;18;BIM;1994;76;S;S;C;SEPI;ORB;FM;39.9999991059303;1;0;0;1
TB;ITA;18;BIM;1994;76;S;S;A;SERA;HEP;FM;86.0000029206276;16;0;0;16
TB;ITA;18;BIM;1994;76;S;S;A;SPIC;SMA;FM;8159.00039672852;347;0;0;347
TB;ITA;18;BIM;1994;76;S;S;C;TODI;EBL;FM;178.000003099442;1;0;0;1
TB;ITA;18;BIM;1994;76;S;S;A;TRAC;MED;FM;52.9999993741512;2;1;1;0
TB;ITA;18;BIM;1994;76;S;S;A;TRAC;TRA;FM;17.000000923872;5;0;0;5
TB;ITA;18;BIM;1994;76;S;S;A;TRAH;DRA;FM;483.000010251999;6;0;0;6
TB;ITA;18;BIM;1994;76;S;S;A;TRIS;CAP;FM;144.999995827675;2;1;1;0
TB;ITA;18;BIM;1994;77;S;S;A;MACO;SCO;FM;37.0000004768372;2;0;0;2
TB;ITA;18;BIM;1994;77;S;S;C;ROSS;MAC;FM;43.0000014603138;1;0;0;1
TB;ITA;18;BIM;1994;77;S;S;C;TODI;EBL;FM;135.000005364418;1;0;0;1
TB;ITA;18;BIM;1994;78;S;S;B;ARIS;FOL;FM;151.999995112419;9;3;6;0
TB;ITA;18;BIM;1994;78;S;S;A;COEL;COE;FM;4999.00007247925;96;0;0;96
TB;ITA;18;BIM;1994;78;S;S;A;ETMO;SPI;FM;314.999997615814;14;0;0;14
TB;ITA;18;BIM;1994;78;S;S;A;GALU;MEL;FM;1572.00002670288;51;0;0;51
TB;ITA;18;BIM;1994;78;S;S;B;GERY;LON;FM;105.999998748302;1;0;0;1
TB;ITA;18;BIM;1994;78;S;S;A;HELI;DAC;FM;621.999979019165;3;0;0;3
TB;ITA;18;BIM;1994;78;S;S;A;HYME;ITA;FM;34.000001847744;11;0;0;11
TB;ITA;18;BIM;1994;78;S;S;A;LEPM;BOS;FM;568.000018596649;5;2;3;0
TB;ITA;18;BIM;1994;78;S;S;A;LOPH;PIS;FM;3799.99995231628;2;0;2;0
TB;ITA;18;BIM;1994;78;S;S;A;MERL;MER;FM;5190.00005722046;18;8;10;0
TB;ITA;18;BIM;1994;78;S;S;A;MICM;POU;FM;2072.00002670288;11;1;10;0
TB;ITA;18;BIM;1994;78;S;S;B;NEPR;NOR;FM;474.999994039536;14;5;9;0
TB;ITA;18;BIM;1994;78;S;S;A;NEZU;SCL;FM;34.000001847744;10;0;0;10
TB;ITA;18;BIM;1994;78;S;S;B;PAPE;LON;FM;137.999996542931;11;1;10;0
TB;ITA;18;BIM;1994;78;S;S;B;PASI;MUL;FM;962.999999523163;760;0;0;760
TB;ITA;18;BIM;1994;78;S;S;A;PHYI;BLE;FM;501.999974250793;4;1;1;2
TB;ITA;18;BIM;1994;78;S;S;B;PLES;MAR;FM;541.000008583069;62;0;0;62
TB;ITA;18;BIM;1994;78;S;S;A;TRAR;TRA;FM;173.99999499321;7;0;0;7
TB;ITA;18;BIM;1994;79;S;S;A;CAPO;APE;FM;39.0000008046627;4;0;0;4
TB;ITA;18;BIM;1994;79;S;S;A;LEPI;CAU;FM;9500;50;0;0;50
TB;ITA;18;BIM;1994;79;S;S;C;LOLI;VUL;FM;2855.00001907349;24;0;0;24
TB;ITA;18;BIM;1994;79;S;S;A;MACO;SCO;FM;52.9999993741512;4;0;0;4
TB;ITA;18;BIM;1994;79;S;S;A;MOLV;DYP;FM;686.999976634979;1;0;0;1
TB;ITA;18;BIM;1994;79;S;S;C;ROSS;MAC;FM;61.999998986721;1;0;0;1
TB;ITA;18;BIM;1994;79;S;S;C;TODA;SAG;FM;122.000001370907;2;0;0;2
TB;ITA;18;BIM;1994;80;S;S;C;ALLO;MED;FM;8.00000037997961;2;0;0;2
TB;ITA;18;BIM;1994;80;S;S;A;ANTO;MEG;FM;6.00000005215406;1;0;0;1
TB;ITA;18;BIM;1994;80;S;S;A;ARNO;LAT;FM;41.9999994337559;7;0;0;7
TB;ITA;18;BIM;1994;80;S;S;A;ARNO;THO;FM;14.0000004321337;1;0;0;1
TB;ITA;18;BIM;1994;80;S;S;A;BOOP;BOO;FM;1379.99999523163;33;0;0;33
TB;ITA;18;BIM;1994;80;S;S;C;ELED;MOS;FM;189.999997615814;1;0;0;1
TB;ITA;18;BIM;1994;80;S;S;A;ENGR;ENC;FM;168.999999761581;19;0;0;19
TB;ITA;18;BIM;1994;80;S;S;A;GOBI;NIG;FM;27.0000007003546;1;0;0;1
TB;ITA;18;BIM;1994;80;S;S;A;MERL;MER;FM;944.999992847443;10;8;2;0
TB;ITA;18;BIM;1994;80;S;S;A;MULL;SUR;FM;287.999987602234;5;0;0;5
TB;ITA;18;BIM;1994;80;S;S;C;OCTO;VUL;FM;4885.00022888184;2;0;2;0
TB;ITA;18;BIM;1994;80;S;S;A;SARD;PIL;FM;754.000008106232;20;0;0;20
TB;ITA;18;BIM;1994;80;S;S;A;SCOR;NOT;FM;293.999999761581;6;0;0;6
TB;ITA;18;BIM;1994;80;S;S;A;SERA;CAB;FM;93.9999967813492;3;0;0;3
TB;ITA;18;BIM;1994;80;S;S;A;SERA;HEP;FM;35.9999984502792;3;0;0;3
TB;ITA;18;BIM;1994;80;S;S;A;SPIC;FLE;FM;275.999993085861;8;3;3;2
TB;ITA;18;BIM;1994;80;S;S;A;SPIC;SMA;FM;5183.00008773804;342;0;0;342
TB;ITA;18;BIM;1994;80;S;S;B;SQUI;MAN;FM;21.9999998807907;1;0;0;1
TB;ITA;18;BIM;1994;80;S;S;C;TODA;SAG;FM;338.99998664856;1;0;0;1
TB;ITA;18;BIM;1994;80;S;S;A;TRAC;MED;FM;24.0000002086163;1;1;0;0
TB;ITA;18;BIM;1994;80;S;S;A;TRAC;TRA;FM;1319.00000572205;75;6.08108108108108;19.2567567567568;49.6621621621622
TB;ITA;18;BIM;1994;80;S;S;A;TRAH;DRA;FM;37.9999987781048;1;0;0;1
TB;ITA;18;BIM;1994;81;S;S;A;ARNO;RUP;FM;17.000000923872;1;0;0;1
TB;ITA;18;BIM;1994;81;S;S;A;ASPI;CUC;FM;101.999998092651;2;0;0;2
TB;ITA;18;BIM;1994;81;S;S;A;CAPO;APE;FM;145.999997854233;24;0;0;24
TB;ITA;18;BIM;1994;81;S;S;A;CONG;CON;FM;1952.99994945526;2;0;0;2
TB;ITA;18;BIM;1994;81;S;S;C;ELED;CIR;FM;995.999991893768;1;1;0;0
TB;ITA;18;BIM;1994;81;S;S;A;GLOS;LEI;FM;246.999993920326;36;0;0;36
TB;ITA;18;BIM;1994;81;S;S;A;HELI;DAC;FM;92.0000001788139;11;0;0;11
TB;ITA;18;BIM;1994;81;S;S;A;LAPP;FAS;FM;3.00000002607703;1;0;0;1
TB;ITA;18;BIM;1994;81;S;S;A;LEPI;CAU;FM;3099.99990463257;294;0;0;294
TB;ITA;18;BIM;1994;81;S;S;A;LEPM;BOS;FM;393.999993801117;3;2;1;0
TB;ITA;18;BIM;1994;81;S;S;A;LEPM;WHS;FM;171.000003814697;2;0;0;2
TB;ITA;18;BIM;1994;81;S;S;C;LOLI;VUL;FM;123.000003397465;1;1;0;0
TB;ITA;18;BIM;1994;81;S;S;A;LOPH;BUD;FM;492.000013589859;2;2;0;0
TB;ITA;18;BIM;1994;81;S;S;A;MACO;SCO;FM;624.000012874603;50;0;0;50
TB;ITA;18;BIM;1994;81;S;S;A;MAUR;MUE;FM;1.00000004749745;1;0;0;1
TB;ITA;18;BIM;1994;81;S;S;A;MERL;MER;FM;3296.0000038147;84;36;48;0
TB;ITA;18;BIM;1994;81;S;S;A;MICM;POU;FM;150.000005960464;7;1;3;3
TB;ITA;18;BIM;1994;81;S;S;A;MULL;SUR;FM;503.000020980835;2;0;2;0
TB;ITA;18;BIM;1994;81;S;S;A;PAGE;BOG;FM;70.0000002980232;1;0;0;1
TB;ITA;18;BIM;1994;81;S;S;A;PHYI;BLE;FM;314.000010490417;1;1;0;0
TB;ITA;18;BIM;1994;81;S;S;A;RAJA;CLA;FM;1781.00001811981;1;1;0;0
TB;ITA;18;BIM;1994;81;S;S;C;ROSS;MAC;FM;79.0000036358833;2;0;0;2
TB;ITA;18;BIM;1994;81;S;S;C;TODI;EBL;FM;100.000001490116;1;0;0;1
TB;ITA;18;BIM;1994;81;S;S;A;TRAC;TRA;FM;3.00000002607703;1;0;0;1
TB;ITA;18;BIM;1994;81;S;S;A;TRIG;LUC;FM;1042.00005531311;1;0;0;1
TB;ITA;18;BIM;1994;81;S;S;A;TRIG;LYR;FM;50.0000007450581;2;0;0;2
TB;ITA;18;BIM;1994;82;S;S;A;CLOR;AGA;FM;8.99999961256981;1;0;0;1
TB;ITA;18;BIM;1994;82;S;S;A;CONG;CON;FM;409.999996423721;1;0;0;1
TB;ITA;18;BIM;1994;82;S;S;C;ELED;CIR;FM;1455.9999704361;3;2;1;0
TB;ITA;18;BIM;1994;82;S;S;A;HELI;DAC;FM;453.000009059906;7;0;0;7
TB;ITA;18;BIM;1994;82;S;S;A;LEPI;CAU;FM;4000;3;0;0;3
TB;ITA;18;BIM;1994;82;S;S;A;LEPM;BOS;FM;699.999988079071;11;6;5;0
TB;ITA;18;BIM;1994;82;S;S;A;LOPH;BUD;FM;3431.99992179871;3;1;2;0
TB;ITA;18;BIM;1994;82;S;S;A;LOPH;PIS;FM;952.000021934509;1;1;0;0
TB;ITA;18;BIM;1994;82;S;S;B;MCPI;DEP;FM;6.00000005215406;2;0;0;2
TB;ITA;18;BIM;1994;82;S;S;A;MERL;MER;FM;143.999993801117;5;2;3;0
TB;ITA;18;BIM;1994;82;S;S;A;MICM;POU;FM;577.000021934509;4;1;3;0
TB;ITA;18;BIM;1994;82;S;S;B;NEPR;NOR;FM;962.000012397766;25;13;12;0
TB;ITA;18;BIM;1994;82;S;S;A;PAGE;BOG;FM;216.999992728233;2;0;2;0
TB;ITA;18;BIM;1994;82;S;S;B;PAPE;LON;FM;224.000006914139;16;11;5;0
TB;ITA;18;BIM;1994;82;S;S;B;PASI;MUL;FM;14.0000004321337;11;0;0;11
TB;ITA;18;BIM;1994;82;S;S;A;PHYI;BLE;FM;300.000011920929;3;1;0;2
TB;ITA;18;BIM;1994;82;S;S;B;PLES;HET;FM;24.0000002086163;14;0;0;14
TB;ITA;18;BIM;1994;82;S;S;B;PLES;MAR;FM;20.9999997168779;3;0;0;3
TB;ITA;18;BIM;1994;82;S;S;B;POLC;TYP;FM;6.00000005215406;2;0;0;2
TB;ITA;18;BIM;1994;82;S;S;B;PROC;MED;FM;2.0000000949949;2;0;0;2
TB;ITA;18;BIM;1994;82;S;S;B;SOLO;MEM;FM;3.00000002607703;2;0;0;2
TB;ITA;18;BIM;1994;82;S;S;C;TODI;EBL;FM;305.999994277954;2;0;0;2
TB;ITA;18;BIM;1994;83;S;S;C;ALLO;MED;FM;3.00000002607703;2;0;0;2
TB;ITA;18;BIM;1994;83;S;S;A;ASPI;CUC;FM;17.000000923872;2;0;0;2
TB;ITA;18;BIM;1994;83;S;S;A;CAPO;APE;FM;26.0000005364418;8;0;0;8
TB;ITA;18;BIM;1994;83;S;S;A;CEPO;MAC;FM;48.0000004172325;5;0;0;5
TB;ITA;18;BIM;1994;83;S;S;C;ELED;CIR;FM;6820.00017166138;31;10;21;0
TB;ITA;18;BIM;1994;83;S;S;A;HELI;DAC;FM;61.0000006854534;3;0;0;3
TB;ITA;18;BIM;1994;83;S;S;A;LEPI;CAU;FM;2500;1;0;0;1
TB;ITA;18;BIM;1994;83;S;S;A;LEPT;CAV;FM;8.00000037997961;1;0;0;1
TB;ITA;18;BIM;1994;83;S;S;A;LOPH;BUD;FM;4895.99990844727;5;4;1;0
TB;ITA;18;BIM;1994;83;S;S;A;MACO;SCO;FM;25.000000372529;3;0;0;3
TB;ITA;18;BIM;1994;83;S;S;A;MERL;MER;FM;439.999997615814;4;0;4;0
TB;ITA;18;BIM;1994;83;S;S;A;PHYI;BLE;FM;14.0000004321337;2;0;0;2
TB;ITA;18;BIM;1994;83;S;S;C;ROSS;MAC;FM;300.000011920929;4;0;0;4
TB;ITA;18;BIM;1994;83;S;S;A;SCYO;CAN;FM;800.000011920929;5;0;0;5
TB;ITA;18;BIM;1994;83;S;S;A;SERA;HEP;FM;19.9999995529652;3;0;0;3
TB;ITA;18;BIM;1994;83;S;S;C;TODI;EBL;FM;144.999995827675;3;0;0;3
TB;ITA;18;BIM;1994;83;S;S;A;TRAC;TRA;FM;225.999996066093;58;0;0;58
TB;ITA;18;BIM;1994;83;S;S;A;TRIS;CAP;FM;416.000008583069;17;0;0;17
TB;ITA;18;BIM;1994;83;S;S;A;ZEUS;FAB;FM;252.999991178513;1;0;1;0
TB;ITA;18;BIM;1994;84;S;S;C;ALLO;MED;FM;3.00000002607703;2;0;0;2
TB;ITA;18;BIM;1994;84;S;S;C;ELED;CIR;FM;1675.99999904633;6;4;2;0
TB;ITA;18;BIM;1994;84;S;S;C;ILLE;COI;FM;10.9999999403954;2;0;0;2
TB;ITA;18;BIM;1994;84;S;S;A;LEPI;CAU;FM;500;1;0;0;1
TB;ITA;18;BIM;1994;84;S;S;A;LOPH;BUD;FM;442.00000166893;1;0;1;0
TB;ITA;18;BIM;1994;84;S;S;A;LOPH;PIS;FM;347.000002861023;1;1;0;0
TB;ITA;18;BIM;1994;84;S;S;A;MERL;MER;FM;178.000003099442;4;2;2;0
TB;ITA;18;BIM;1994;84;S;S;A;MULL;BAR;FM;533.999979496002;4;2;2;0
TB;ITA;18;BIM;1994;84;S;S;A;PAGE;BOG;FM;61.999998986721;1;0;1;0
TB;ITA;18;BIM;1994;84;S;S;C;ROSS;MAC;FM;175.999999046326;4;0;0;4
TB;ITA;18;BIM;1994;84;S;S;C;SEPI;ORB;FM;18.9999993890524;1;0;0;1
TB;ITA;18;BIM;1994;84;S;S;C;TODI;EBL;FM;28.0000008642673;1;0;0;1
TB;ITA;18;BIM;1994;84;S;S;A;TRIS;CAP;FM;360.000014305115;16;9;5;2
TB;ITA;18;BIM;1994;85;S;S;A;CAPO;APE;FM;52.0000010728836;2;0;0;2
TB;ITA;18;BIM;1994;85;S;S;B;CHLO;GRA;FM;18.9999993890524;8;0;0;8
TB;ITA;18;BIM;1994;85;S;S;A;CLOR;AGA;FM;37.0000004768372;6;0;0;6
TB;ITA;18;BIM;1994;85;S;S;A;COEL;COE;FM;619.000017642975;50;0;0;50
TB;ITA;18;BIM;1994;85;S;S;C;ELED;CIR;FM;474.000006914139;1;0;1;0
TB;ITA;18;BIM;1994;85;S;S;A;EPIG;DEN;FM;7.00000021606684;3;0;0;3
TB;ITA;18;BIM;1994;85;S;S;A;GADI;ARG;FM;71.0000023245811;8;0;0;8
TB;ITA;18;BIM;1994;85;S;S;A;GALU;MEL;FM;572.000026702881;21;0;0;21
TB;ITA;18;BIM;1994;85;S;S;A;HELI;DAC;FM;356.99999332428;4;0;0;4
TB;ITA;18;BIM;1994;85;S;S;A;LEPI;CAU;FM;10000;13;0;0;13
TB;ITA;18;BIM;1994;85;S;S;A;LEPM;BOS;FM;252.999991178513;2;1;1;0
TB;ITA;18;BIM;1994;85;S;S;A;LOPH;PIS;FM;4379.00018692017;1;1;0;0
TB;ITA;18;BIM;1994;85;S;S;A;MERL;MER;FM;7481.99987411499;68;40;13;15
TB;ITA;18;BIM;1994;85;S;S;A;MICM;POU;FM;1833.99999141693;17;6;7;4
TB;ITA;18;BIM;1994;85;S;S;B;NEPR;NOR;FM;259.00000333786;9;4;5;0
TB;ITA;18;BIM;1994;85;S;S;A;PAGE;BOG;FM;79.9999982118607;1;0;0;1
TB;ITA;18;BIM;1994;85;S;S;B;PAPE;LON;FM;86.0000029206276;7;4;3;0
TB;ITA;18;BIM;1994;85;S;S;A;PHYI;BLE;FM;111.000001430511;10;0;0;10
TB;ITA;18;BIM;1994;85;S;S;B;PLES;HET;FM;120.999999344349;47;0;0;47
TB;ITA;18;BIM;1994;85;S;S;B;PROC;MED;FM;14.9999996647239;7;0;0;7
TB;ITA;18;BIM;1994;85;S;S;C;ROSS;MAC;FM;74.0000009536743;2;0;0;2
TB;ITA;18;BIM;1994;85;S;S;A;SCYO;CAN;FM;275.999993085861;1;0;0;1
TB;ITA;18;BIM;1994;85;S;S;B;SOLO;MEM;FM;72.9999989271164;28;0;0;28
TB;ITA;18;BIM;1994;85;S;S;A;STOM;BOA;FM;4.00000018998981;1;0;0;1
TB;ITA;18;BIM;1994;85;S;S;C;TODI;EBL;FM;791.000008583069;5;0;0;5
TB;ITA;18;BIM;1994;85;S;S;A;TRIG;LYR;FM;37.0000004768372;1;0;0;1
TB;ITA;18;BIM;1994;86;S;S;B;ARIS;FOL;FM;98.9999994635582;8;1;7;0
TB;ITA;18;BIM;1994;86;S;S;A;CHIM;MON;FM;6135.00022888184;12;0;0;12
TB;ITA;18;BIM;1994;86;S;S;A;COEL;COE;FM;8253.00025939941;104;0;0;104
TB;ITA;18;BIM;1994;86;S;S;A;CONG;CON;FM;8000;1;0;0;1
TB;ITA;18;BIM;1994;86;S;S;A;EPIG;DEN;FM;8.99999961256981;4;0;0;4
TB;ITA;18;BIM;1994;86;S;S;A;ETMO;SPI;FM;4657.00006484985;42;0;0;42
TB;ITA;18;BIM;1994;86;S;S;A;GALU;MEL;FM;9751.00040435791;37;0;0;37
TB;ITA;18;BIM;1994;86;S;S;A;HELI;DAC;FM;3900.00009536743;16;0;0;16
TB;ITA;18;BIM;1994;86;S;S;A;HOPL;MED;FM;3154.00004386902;36;0;0;36
TB;ITA;18;BIM;1994;86;S;S;A;HYME;ITA;FM;108.999997377396;30;0;0;30
TB;ITA;18;BIM;1994;86;S;S;A;LOPH;BUD;FM;980.000019073486;1;1;0;0
TB;ITA;18;BIM;1994;86;S;S;A;MERL;MER;FM;4449.99980926514;4;4;0;0
TB;ITA;18;BIM;1994;86;S;S;A;MICM;POU;FM;1294.99995708466;6;0;4;2
TB;ITA;18;BIM;1994;86;S;S;B;NEPR;NOR;FM;432.99999833107;10;1;9;0
TB;ITA;18;BIM;1994;86;S;S;A;NEZU;SCL;FM;745.999991893768;79;0;0;79
TB;ITA;18;BIM;1994;86;S;S;A;NOTA;BON;FM;19.9999995529652;1;0;0;1
TB;ITA;18;BIM;1994;86;S;S;B;PASI;MUL;FM;54.9999997019768;13;0;0;13
TB;ITA;18;BIM;1994;86;S;S;A;PHYI;BLE;FM;2549.99995231628;10;6;4;0
TB;ITA;18;BIM;1994;86;S;S;B;PLES;MAR;FM;999.000012874603;135;0;0;135
TB;ITA;18;BIM;1994;86;S;S;B;POLC;TYP;FM;9.99999977648258;3;0;0;3
TB;ITA;18;BIM;1994;86;S;S;A;SCYM;LIC;FM;26.0000005364418;1;0;0;1
TB;ITA;18;BIM;1994;86;S;S;B;SOLO;MEM;FM;6.00000005215406;2;0;0;2
TB;ITA;18;BIM;1994;86;S;S;A;STOM;BOA;FM;23.0000000447035;3;0;0;3
TB;ITA;18;BIM;1994;86;S;S;A;TRAR;TRA;FM;2615.00000953674;111;0;0;111
TB;ITA;18;BIM;1994;87;S;S;A;CHIM;MON;FM;1975.99995136261;2;0;0;2
TB;ITA;18;BIM;1994;87;S;S;A;COEL;COE;FM;2316.99991226196;26;0;0;26
TB;ITA;18;BIM;1994;87;S;S;A;CONG;CON;FM;317.999988794327;1;0;0;1
TB;ITA;18;BIM;1994;87;S;S;A;ETMO;SPI;FM;314.000010490417;10;0;0;10
TB;ITA;18;BIM;1994;87;S;S;A;GALU;MEL;FM;2387.00008392334;9;0;0;9
TB;ITA;18;BIM;1994;87;S;S;A;HELI;DAC;FM;293.999999761581;1;0;0;1
TB;ITA;18;BIM;1994;87;S;S;A;HOPL;MED;FM;532.000005245209;8;0;0;8
TB;ITA;18;BIM;1994;87;S;S;A;HYME;ITA;FM;4.99999988824129;2;0;0;2
TB;ITA;18;BIM;1994;87;S;S;A;MERL;MER;FM;1141.99995994568;1;1;0;0
TB;ITA;18;BIM;1994;87;S;S;A;MICM;POU;FM;123.999997973442;5;1;2;2
TB;ITA;18;BIM;1994;87;S;S;A;NEZU;SCL;FM;93.0000022053719;5;0;0;5
TB;ITA;18;BIM;1994;87;S;S;B;PASI;MUL;FM;27.0000007003546;6;0;0;6
TB;ITA;18;BIM;1994;87;S;S;A;PHYI;BLE;FM;296.999990940094;1;0;1;0
TB;ITA;18;BIM;1994;87;S;S;B;PLES;MAR;FM;128.000006079674;19;0;0;19
TB;ITA;18;BIM;1994;87;S;S;A;STOM;BOA;FM;4.99999988824129;2;0;0;2
TB;ITA;18;BIM;1994;87;S;S;C;TODA;SAG;FM;829.999983310699;1;0;0;1
TB;ITA;18;BIM;1994;87;S;S;A;TRAR;TRA;FM;115.000002086163;4;0;0;4
TB;ITA;18;BIM;1994;88;S;S;C;ALLO;MED;FM;6.00000005215406;1;0;0;1
TB;ITA;18;BIM;1994;88;S;S;A;ALOS;FAL;FM;307.99999833107;3;0;0;3
TB;ITA;18;BIM;1994;88;S;S;A;ANTO;MEG;FM;13.0000002682209;2;0;0;2
TB;ITA;18;BIM;1994;88;S;S;A;ARNO;LAT;FM;39.0000008046627;3;0;0;3
TB;ITA;18;BIM;1994;88;S;S;A;ASPI;CUC;FM;28.999999165535;1;0;0;1
TB;ITA;18;BIM;1994;88;S;S;A;BOOP;BOO;FM;832.000017166138;15;0;0;15
TB;ITA;18;BIM;1994;88;S;S;A;CALM;MAC;FM;2.0000000949949;1;0;0;1
TB;ITA;18;BIM;1994;88;S;S;A;CEPO;MAC;FM;104.999996721745;11;0;0;11
TB;ITA;18;BIM;1994;88;S;S;C;ELED;CIR;FM;365.99999666214;1;1;0;0
TB;ITA;18;BIM;1994;88;S;S;C;ELED;MOS;FM;499.000012874603;3;0;0;3
TB;ITA;18;BIM;1994;88;S;S;A;ENGR;ENC;FM;128.000006079674;12;0;0;12
TB;ITA;18;BIM;1994;88;S;S;A;EUTR;GUR;FM;12.0000001043081;1;0;0;1
TB;ITA;18;BIM;1994;88;S;S;A;GOBI;FRI;FM;18.9999993890524;7;0;0;7
TB;ITA;18;BIM;1994;88;S;S;A;LOPH;PIS;FM;1531.99994564056;3;1;0;2
TB;ITA;18;BIM;1994;88;S;S;A;MERL;MER;FM;1422.00005054474;32;20;10;2
TB;ITA;18;BIM;1994;88;S;S;A;MULL;BAR;FM;37.9999987781048;1;0;1;0
TB;ITA;18;BIM;1994;88;S;S;C;OCTO;SAL;FM;41.0000011324883;1;0;0;1
TB;ITA;18;BIM;1994;88;S;S;C;OCTO;VUL;FM;1815.00005722046;2;1;1;0
TB;ITA;18;BIM;1994;88;S;S;A;SARD;PIL;FM;32.9999998211861;1;0;0;1
TB;ITA;18;BIM;1994;88;S;S;A;SCOR;SCO;FM;30.9999994933605;2;0;0;2
TB;ITA;18;BIM;1994;88;S;S;A;SERA;CAB;FM;152.999997138977;6;0;0;6
TB;ITA;18;BIM;1994;88;S;S;A;SERA;HEP;FM;146.999999880791;10;0;0;10
TB;ITA;18;BIM;1994;88;S;S;A;SPIC;FLE;FM;54.9999997019768;1;0;1;0
TB;ITA;18;BIM;1994;88;S;S;A;SPIC;SMA;FM;39.0000008046627;1;0;0;1
TB;ITA;18;BIM;1994;88;S;S;C;TODA;SAG;FM;234.999999403954;1;0;0;1
TB;ITA;18;BIM;1994;88;S;S;A;TRAC;MED;FM;148.000001907349;2;2;0;0
TB;ITA;18;BIM;1994;88;S;S;A;TRAC;TRA;FM;836.000025272369;18;3;13;2
TB;ITA;18;BIM;1994;88;S;S;A;TRAH;DRA;FM;83.9999988675117;1;0;0;1
TB;ITA;18;BIM;1994;88;S;S;A;TRIS;CAP;FM;57.9999983310699;7;0;1;6
TB;ITA;18;BIM;1994;88;S;S;A;URAN;SCA;FM;108.000002801418;1;0;0;1
TB;ITA;18;BIM;1994;89;S;S;C;ALLO;MED;FM;7.00000021606684;1;0;0;1
TB;ITA;18;BIM;1994;89;S;S;A;ARNO;LAT;FM;2.0000000949949;1;0;0;1
TB;ITA;18;BIM;1994;89;S;S;A;ASPI;CUC;FM;12.0000001043081;1;0;0;1
TB;ITA;18;BIM;1994;89;S;S;C;ELED;CIR;FM;2157.00006484985;10;6;4;0
TB;ITA;18;BIM;1994;89;S;S;A;GOBI;FRI;FM;6.00000005215406;3;0;0;3
TB;ITA;18;BIM;1994;89;S;S;A;HELI;DAC;FM;54.0000014007092;3;0;0;3
TB;ITA;18;BIM;1994;89;S;S;C;ILLE;COI;FM;629.999995231628;12;1;3;8
TB;ITA;18;BIM;1994;89;S;S;A;LEPI;CAU;FM;5000;3;0;0;3
TB;ITA;18;BIM;1994;89;S;S;A;LEPT;CAV;FM;70.0000002980232;4;0;0;4
TB;ITA;18;BIM;1994;89;S;S;A;LOPH;BUD;FM;3078.00006866455;4;3;1;0
TB;ITA;18;BIM;1994;89;S;S;A;MERL;MER;FM;773.000001907349;17;6;5;6
TB;ITA;18;BIM;1994;89;S;S;A;PHYI;BLE;FM;19.9999995529652;2;0;0;2
TB;ITA;18;BIM;1994;89;S;S;C;ROSS;MAC;FM;75.0000029802322;1;0;0;1
TB;ITA;18;BIM;1994;89;S;S;A;SCOR;SCO;FM;717.000007629395;1;0;0;1
TB;ITA;18;BIM;1994;89;S;S;C;SEPI;ORB;FM;46.000000089407;1;0;0;1
TB;ITA;18;BIM;1994;89;S;S;A;SERA;HEP;FM;8.99999961256981;1;0;0;1
TB;ITA;18;BIM;1994;89;S;S;A;TORP;MAR;FM;111.000001430511;1;0;0;1
TB;ITA;18;BIM;1994;89;S;S;A;TRAC;TRA;FM;842.000007629395;365;1.00550964187328;2.01101928374656;361.98347107438
TB;ITA;18;BIM;1994;89;S;S;A;TRIS;CAP;FM;123.000003397465;14;2;0;12
TB;ITA;18;BIM;1994;89;S;S;A;URAN;SCA;FM;268.00000667572;1;0;0;1
TB;ITA;18;BIM;1994;90;S;S;C;ALLO;MED;FM;10.9999999403954;1;0;0;1
TB;ITA;18;BIM;1994;90;S;S;A;ASPI;CUC;FM;653.999984264374;10;0;0;10
TB;ITA;18;BIM;1994;90;S;S;A;BOOP;BOO;FM;67.0000016689301;1;0;0;1
TB;ITA;18;BIM;1994;90;S;S;A;CAPO;APE;FM;10.9999999403954;5;0;0;5
TB;ITA;18;BIM;1994;90;S;S;A;CEPO;MAC;FM;20.9999997168779;1;0;0;1
TB;ITA;18;BIM;1994;90;S;S;A;COEL;COE;FM;158.999994397163;2;0;0;2
TB;ITA;18;BIM;1994;90;S;S;C;ELED;CIR;FM;2565.00005722046;10;7;3;0
TB;ITA;18;BIM;1994;90;S;S;A;HELI;DAC;FM;21.9999998807907;2;0;0;2
TB;ITA;18;BIM;1994;90;S;S;C;HIST;BON;FM;370.999991893768;1;0;0;1
TB;ITA;18;BIM;1994;90;S;S;A;LEPI;CAU;FM;1164.99996185303;2;0;0;2
TB;ITA;18;BIM;1994;90;S;S;A;LEPM;BOS;FM;481.99999332428;4;1;3;0
TB;ITA;18;BIM;1994;90;S;S;A;LEPT;CAV;FM;2030.99989891052;66;0;0;66
TB;ITA;18;BIM;1994;90;S;S;A;LOPH;BUD;FM;7190.99998474121;10;5;5;0
TB;ITA;18;BIM;1994;90;S;S;A;MACO;SCO;FM;1.00000004749745;1;0;0;1
TB;ITA;18;BIM;1994;90;S;S;A;MERL;MER;FM;263.000011444092;25;4;5;16
TB;ITA;18;BIM;1994;90;S;S;A;SCOR;NOT;FM;10.9999999403954;1;0;0;1
TB;ITA;18;BIM;1994;90;S;S;A;SCYO;CAN;FM;790.000021457672;11;0;0;11
TB;ITA;18;BIM;1994;90;S;S;A;SERA;CAB;FM;296.999990940094;4;0;0;4
TB;ITA;18;BIM;1994;90;S;S;A;SERA;HEP;FM;953.999996185303;58;0;0;58
TB;ITA;18;BIM;1994;90;S;S;A;TRAC;TRA;FM;289.000004529953;80;0;0;80
TB;ITA;18;BIM;1994;90;S;S;A;TRIS;CAP;FM;365.000009536743;15;8;6;1
TB;ITA;18;BIM;1994;90;S;S;A;ZEUS;FAB;FM;474.000006914139;1;1;0;0
TB;ITA;18;BIM;1994;91;S;S;B;ARIS;FOL;FM;50.0000007450581;3;2;1;0
TB;ITA;18;BIM;1994;91;S;S;B;BATY;SUP;FM;107.00000077486;7;0;0;7
TB;ITA;18;BIM;1994;91;S;S;A;CHIM;MON;FM;7781.0001373291;10;0;0;10
TB;ITA;18;BIM;1994;91;S;S;A;CLOR;AGA;FM;59.9999986588955;11;0;0;11
TB;ITA;18;BIM;1994;91;S;S;A;COEL;COE;FM;7859.00020599365;132;0;0;132
TB;ITA;18;BIM;1994;91;S;S;A;CONG;CON;FM;2954.99992370605;3;0;0;3
TB;ITA;18;BIM;1994;91;S;S;A;ETMO;SPI;FM;4103.00016403198;48;0;0;48
TB;ITA;18;BIM;1994;91;S;S;A;GALU;MEL;FM;11407.9999923706;44;0;0;44
TB;ITA;18;BIM;1994;91;S;S;A;GOBI;FRI;FM;3.00000002607703;3;0;0;3
TB;ITA;18;BIM;1994;91;S;S;B;GONE;RHO;FM;4.00000018998981;1;0;0;1
TB;ITA;18;BIM;1994;91;S;S;A;HELI;DAC;FM;3865.9999370575;20;0;0;20
TB;ITA;18;BIM;1994;91;S;S;A;HOPL;MED;FM;1516.99995994568;13;0;0;13
TB;ITA;18;BIM;1994;91;S;S;A;HYME;ITA;FM;231.000006198883;50;0;0;50
TB;ITA;18;BIM;1994;91;S;S;A;LEPT;CAV;FM;34.000001847744;1;0;0;1
TB;ITA;18;BIM;1994;91;S;S;A;MERL;MER;FM;5941.99991226196;6;6;0;0
TB;ITA;18;BIM;1994;91;S;S;A;MOLV;DYP;FM;527.999997138977;1;0;0;1
TB;ITA;18;BIM;1994;91;S;S;A;MORA;MOR;FM;52.9999993741512;1;0;0;1
TB;ITA;18;BIM;1994;91;S;S;B;NEPR;NOR;FM;59.9999986588955;5;3;2;0
TB;ITA;18;BIM;1994;91;S;S;A;NEZU;SCL;FM;1439.00001049042;100;0;0;100
TB;ITA;18;BIM;1994;91;S;S;A;NOTA;BON;FM;59.0000003576279;2;0;0;2
TB;ITA;18;BIM;1994;91;S;S;A;NOTO;RIS;FM;3.00000002607703;1;0;0;1
TB;ITA;18;BIM;1994;91;S;S;B;PASI;MUL;FM;13.0000002682209;2;0;0;2
TB;ITA;18;BIM;1994;91;S;S;A;PHYI;BLE;FM;1478.99997234344;9;7;1;1
TB;ITA;18;BIM;1994;91;S;S;B;PLES;MAR;FM;735.000014305115;93;0;0;93
TB;ITA;18;BIM;1994;91;S;S;A;SCYM;LIC;FM;9027.00042724609;2;0;0;2
TB;ITA;18;BIM;1994;91;S;S;A;SCYO;CAN;FM;247.999995946884;1;0;0;1
TB;ITA;18;BIM;1994;91;S;S;B;SOLO;MEM;FM;4.99999988824129;2;0;0;2
TB;ITA;18;BIM;1994;91;S;S;A;STOM;BOA;FM;8.99999961256981;3;0;0;3
TB;ITA;18;BIM;1994;91;S;S;A;SYMP;NIG;FM;3.00000002607703;1;0;0;1
TB;ITA;18;BIM;1994;91;S;S;A;TRAR;TRA;FM;8359.00020599365;307;0;0;307
TB;ITA;18;BIM;1994;92;S;S;A;CAPO;APE;FM;273.000001907349;29;0;0;29
TB;ITA;18;BIM;1994;92;S;S;A;CLOR;AGA;FM;7.00000021606684;2;0;0;2
TB;ITA;18;BIM;1994;92;S;S;A;COEL;COE;FM;405.000001192093;7;0;0;7
TB;ITA;18;BIM;1994;92;S;S;C;ELED;CIR;FM;477.999985218048;1;0;1;0
TB;ITA;18;BIM;1994;92;S;S;A;GADI;ARG;FM;19.9999995529652;4;0;0;4
TB;ITA;18;BIM;1994;92;S;S;A;GLOS;LEI;FM;21.9999998807907;3;0;0;3
TB;ITA;18;BIM;1994;92;S;S;A;HELI;DAC;FM;35.0000001490116;3;0;0;3
TB;ITA;18;BIM;1994;92;S;S;A;LEPI;CAU;FM;89000;227;0;0;227
TB;ITA;18;BIM;1994;92;S;S;A;LEPM;BOS;FM;104.000002145767;2;2;0;0
TB;ITA;18;BIM;1994;92;S;S;A;LOPH;BUD;FM;140.000000596046;1;0;1;0
TB;ITA;18;BIM;1994;92;S;S;A;LOPH;PIS;FM;3102.9999256134;1;1;0;0
TB;ITA;18;BIM;1994;92;S;S;A;MACO;SCO;FM;203.999996185303;20;0;0;20
TB;ITA;18;BIM;1994;92;S;S;A;MERL;MER;FM;607.999980449677;12;6;6;0
TB;ITA;18;BIM;1994;92;S;S;A;MICM;POU;FM;1417.00005531311;70;0;2;68
TB;ITA;18;BIM;1994;92;S;S;A;NEZU;SCL;FM;41.0000011324883;1;0;0;1
TB;ITA;18;BIM;1994;92;S;S;C;OCTO;SAL;FM;787.999987602234;2;0;0;2
TB;ITA;18;BIM;1994;92;S;S;A;PHYI;BLE;FM;12.0000001043081;1;0;0;1
TB;ITA;18;BIM;1994;92;S;S;C;ROSS;MAC;FM;64.9999976158142;1;0;0;1
TB;ITA;18;BIM;1994;92;S;S;A;SCYO;CAN;FM;442.999988794327;2;0;0;2
TB;ITA;18;BIM;1994;92;S;S;C;TODA;SAG;FM;483.000010251999;2;0;0;2
TB;ITA;18;BIM;1994;92;S;S;C;TODI;EBL;FM;1106.99999332428;10;0;0;10
TB;ITA;18;BIM;1994;92;S;S;A;TRAR;TRA;FM;46.000000089407;2;0;0;2
TB;ITA;18;BIM;1994;93;S;S;C;ALLO;MED;FM;16.0000007599592;21;0;0;21
TB;ITA;18;BIM;1994;93;S;S;A;ASPI;CUC;FM;34.000001847744;3;0;0;3
TB;ITA;18;BIM;1994;93;S;S;A;CALM;MAC;FM;3.00000002607703;1;0;0;1
TB;ITA;18;BIM;1994;93;S;S;A;CAPO;APE;FM;79.9999982118607;16;0;0;16
TB;ITA;18;BIM;1994;93;S;S;C;ELED;CIR;FM;681.999981403351;2;1;1;0
TB;ITA;18;BIM;1994;93;S;S;A;GOBI;FRI;FM;3.00000002607703;1;0;0;1
TB;ITA;18;BIM;1994;93;S;S;A;HELI;DAC;FM;465.000003576279;37;0;0;37
TB;ITA;18;BIM;1994;93;S;S;C;ILLE;COI;FM;83.9999988675117;5;0;0;5
TB;ITA;18;BIM;1994;93;S;S;A;LAPP;FAS;FM;25.000000372529;3;0;0;3
TB;ITA;18;BIM;1994;93;S;S;A;LEPM;WHS;FM;82.9999968409538;1;0;0;1
TB;ITA;18;BIM;1994;93;S;S;A;LEPT;CAV;FM;50.0000007450581;4;0;0;4
TB;ITA;18;BIM;1994;93;S;S;A;LOPH;BUD;FM;3302.00004577637;6;4;2;0
TB;ITA;18;BIM;1994;93;S;S;A;LOPH;PIS;FM;465.999990701675;1;1;0;0
TB;ITA;18;BIM;1994;93;S;S;A;MACO;SCO;FM;211.999997496605;22;0;0;22
TB;ITA;18;BIM;1994;93;S;S;A;MERL;MER;FM;1077.00002193451;63;9;6;48
TB;ITA;18;BIM;1994;93;S;S;A;MICM;POU;FM;30.9999994933605;4;0;0;4
TB;ITA;18;BIM;1994;93;S;S;A;MULL;BAR;FM;259.00000333786;2;2;0;0
TB;ITA;18;BIM;1994;93;S;S;C;OCTO;SAL;FM;647.000014781952;2;0;0;2
TB;ITA;18;BIM;1994;93;S;S;C;ROSS;MAC;FM;81.0000002384186;1;0;0;1
TB;ITA;18;BIM;1994;93;S;S;A;SCOR;NOT;FM;43.9999997615814;6;0;0;6
TB;ITA;18;BIM;1994;93;S;S;A;SCYO;CAN;FM;149.000003933907;1;0;0;1
TB;ITA;18;BIM;1994;93;S;S;C;SEPI;ELE;FM;52.0000010728836;2;0;0;2
TB;ITA;18;BIM;1994;93;S;S;C;SEPI;ORB;FM;32.9999998211861;1;0;0;1
TB;ITA;18;BIM;1994;93;S;S;C;SEPO;SPP;FM;4.99999988824129;3;0;0;3
TB;ITA;18;BIM;1994;93;S;S;A;SERA;CAB;FM;238.000005483627;5;0;0;5
TB;ITA;18;BIM;1994;93;S;S;C;TODI;EBL;FM;27.0000007003546;3;0;0;3
TB;ITA;18;BIM;1994;93;S;S;A;TRAC;TRA;FM;657.999992370605;181;0;0;181
TB;ITA;18;BIM;1994;93;S;S;A;TRIG;LYR;FM;90.0000035762787;2;0;0;2
TB;ITA;18;BIM;1994;93;S;S;A;TRIS;CAP;FM;352.999985218048;8;7;1;0
TB;ITA;18;BIM;1994;94;S;S;A;CAPO;APE;FM;24.0000002086163;1;0;0;1
TB;ITA;18;BIM;1994;94;S;S;A;CLOR;AGA;FM;24.0000002086163;7;0;0;7
TB;ITA;18;BIM;1994;94;S;S;A;COEL;COE;FM;100.000001490116;7;0;0;7
TB;ITA;18;BIM;1994;94;S;S;A;GADI;ARG;FM;34.000001847744;4;0;0;4
TB;ITA;18;BIM;1994;94;S;S;A;GALU;MEL;FM;149.000003933907;3;0;0;3
TB;ITA;18;BIM;1994;94;S;S;A;GOBI;FRI;FM;10.9999999403954;6;0;0;6
TB;ITA;18;BIM;1994;94;S;S;A;HELI;DAC;FM;14.0000004321337;2;0;0;2
TB;ITA;18;BIM;1994;94;S;S;A;LEPI;CAU;FM;14000;19;0;0;19
TB;ITA;18;BIM;1994;94;S;S;A;LOPH;BUD;FM;120.999999344349;1;0;1;0
TB;ITA;18;BIM;1994;94;S;S;B;MCPI;DEP;FM;21.9999998807907;1;0;0;1
TB;ITA;18;BIM;1994;94;S;S;A;MERL;MER;FM;3654.99997138977;41;20;21;0
TB;ITA;18;BIM;1994;94;S;S;A;MICM;POU;FM;1036.00001335144;10;3;7;0
TB;ITA;18;BIM;1994;94;S;S;A;MOLV;DYP;FM;13.0000002682209;1;0;0;1
TB;ITA;18;BIM;1994;94;S;S;B;NEPR;NOR;FM;616.999983787537;17;8;9;0
TB;ITA;18;BIM;1994;94;S;S;B;PAPE;LON;FM;101.000003516674;8;6;2;0
TB;ITA;18;BIM;1994;94;S;S;A;PHYI;BLE;FM;400.000005960464;19;1;0;18
TB;ITA;18;BIM;1994;94;S;S;B;PLES;HET;FM;29.9999993294477;10;0;0;10
TB;ITA;18;BIM;1994;94;S;S;B;POLC;TYP;FM;18.9999993890524;4;0;0;4
TB;ITA;18;BIM;1994;94;S;S;B;SOLO;MEM;FM;21.9999998807907;6;0;0;6
TB;ITA;18;BIM;1994;94;S;S;A;STOM;BOA;FM;10.9999999403954;3;0;0;3
TB;ITA;18;BIM;1994;94;S;S;A;TRAC;TRA;FM;54.0000014007092;14;0;0;14
TB;ITA;18;BIM;1994;95;S;S;A;ASPI;CUC;FM;312.999993562698;6;0;0;6
TB;ITA;18;BIM;1994;95;S;S;C;ELED;CIR;FM;2937.00003623962;9;5;4;0
TB;ITA;18;BIM;1994;95;S;S;A;HELI;DAC;FM;90.0000035762787;5;0;0;5
TB;ITA;18;BIM;1994;95;S;S;A;LEPM;BOS;FM;395.999997854233;2;1;1;0
TB;ITA;18;BIM;1994;95;S;S;A;LEPT;CAV;FM;17.000000923872;1;0;0;1
TB;ITA;18;BIM;1994;95;S;S;A;LOPH;BUD;FM;7632.99989700317;7;3;4;0
TB;ITA;18;BIM;1994;95;S;S;A;LOPH;PIS;FM;588.99998664856;1;0;1;0
TB;ITA;18;BIM;1994;95;S;S;A;MERL;MER;FM;1595.00002861023;47;10.2173913043478;21.4565217391304;15.3260869565217
TB;ITA;18;BIM;1994;95;S;S;A;MULL;BAR;FM;433.999985456467;6;3;3;0
TB;ITA;18;BIM;1994;95;S;S;C;OCTO;VUL;FM;356.000006198883;1;0;0;1
TB;ITA;18;BIM;1994;95;S;S;A;PHYI;BLE;FM;141.000002622604;1;1;0;0
TB;ITA;18;BIM;1994;95;S;S;A;SCOR;NOT;FM;57.9999983310699;3;0;0;3
TB;ITA;18;BIM;1994;95;S;S;C;SEPI;ELE;FM;50.9999990463257;2;0;0;2
TB;ITA;18;BIM;1994;95;S;S;C;SEPI;ORB;FM;48.9999987185001;2;0;0;2
TB;ITA;18;BIM;1994;95;S;S;A;SERA;CAB;FM;959.999978542328;15;0;0;15
TB;ITA;18;BIM;1994;95;S;S;A;SERA;HEP;FM;4.00000018998981;1;0;0;1
TB;ITA;18;BIM;1994;95;S;S;C;TODI;EBL;FM;143.00000667572;3;0;0;3
TB;ITA;18;BIM;1994;95;S;S;A;TORP;MAR;FM;14.9999996647239;1;0;0;1
TB;ITA;18;BIM;1994;95;S;S;A;TRAC;TRA;FM;462.000012397766;88;0;0;88
TB;ITA;18;BIM;1994;95;S;S;A;TRIS;CAP;FM;509.999990463257;16;7;7;2
TB;ITA;18;BIM;1994;95;S;S;A;URAN;SCA;FM;291.000008583069;2;0;0;2
TB;ITA;18;BIM;1994;95;S;S;A;ZEUS;FAB;FM;1794.0000295639;1;1;0;0
TB;ITA;18;BIM;1994;96;S;S;A;ARGR;HEM;FM;4.00000018998981;8;0;0;8
TB;ITA;18;BIM;1994;96;S;S;B;CHLO;GRA;FM;4.99999988824129;3;0;0;3
TB;ITA;18;BIM;1994;96;S;S;A;CLOR;AGA;FM;4.00000018998981;1;0;0;1
TB;ITA;18;BIM;1994;96;S;S;A;COEL;COE;FM;170.000001788139;7;0;0;7
TB;ITA;18;BIM;1994;96;S;S;A;ETMO;SPI;FM;37.0000004768372;1;0;0;1
TB;ITA;18;BIM;1994;96;S;S;A;LEPI;CAU;FM;14.9999996647239;1;0;0;1
TB;ITA;18;BIM;1994;96;S;S;A;LEPM;BOS;FM;149.000003933907;1;1;0;0
TB;ITA;18;BIM;1994;96;S;S;A;MAUR;MUE;FM;3.00000002607703;2;0;0;2
TB;ITA;18;BIM;1994;96;S;S;B;MCPI;DEP;FM;86.0000029206276;4;0;0;4
TB;ITA;18;BIM;1994;96;S;S;A;MERL;MER;FM;563.000023365021;2;2;0;0
TB;ITA;18;BIM;1994;96;S;S;A;MICM;POU;FM;125;1;1;0;0
TB;ITA;18;BIM;1994;96;S;S;B;NEPR;NOR;FM;180.000007152557;5;0;0;5
TB;ITA;18;BIM;1994;96;S;S;B;PAPE;LON;FM;26.0000005364418;2;0;2;0
TB;ITA;18;BIM;1994;96;S;S;B;PASI;MUL;FM;200.000002980232;336;0;0;336
TB;ITA;18;BIM;1994;96;S;S;A;PHYI;BLE;FM;14.0000004321337;1;0;0;1
TB;ITA;18;BIM;1994;96;S;S;B;PLES;HET;FM;8.99999961256981;3;0;0;3
TB;ITA;18;BIM;1994;96;S;S;B;PLES;MAR;FM;4.00000018998981;2;0;0;2
TB;ITA;18;BIM;1994;96;S;S;B;POLC;TYP;FM;100.000001490116;41;0;0;41
TB;ITA;18;BIM;1994;96;S;S;B;PROC;MED;FM;2.0000000949949;1;0;0;1
TB;ITA;18;BIM;1994;96;S;S;B;SOLO;MEM;FM;61.0000006854534;17;0;0;17
TB;ITA;18;BIM;1994;96;S;S;A;STOM;BOA;FM;8.99999961256981;3;0;0;3
TB;ITA;18;BIM;1994;96;S;S;A;TRAR;TRA;FM;18.9999993890524;1;0;0;1
TB;ITA;18;BIM;1994;97;S;S;A;ARGE;SPY;FM;8.00000037997961;1;0;0;1
TB;ITA;18;BIM;1994;97;S;S;A;ARNO;LAT;FM;3.00000002607703;2;0;0;2
TB;ITA;18;BIM;1994;97;S;S;A;CEPO;MAC;FM;4.00000018998981;1;0;0;1
TB;ITA;18;BIM;1994;97;S;S;B;CHLO;GRA;FM;1.00000004749745;1;0;0;1
TB;ITA;18;BIM;1994;97;S;S;A;CONG;CON;FM;17.000000923872;1;0;0;1
TB;ITA;18;BIM;1994;97;S;S;C;ELED;CIR;FM;3799.00002479553;11;8;3;0
TB;ITA;18;BIM;1994;97;S;S;A;GOBI;FRI;FM;17.000000923872;11;0;0;11
TB;ITA;18;BIM;1994;97;S;S;A;LOPH;BUD;FM;351.000010967255;3;2;0;1
TB;ITA;18;BIM;1994;97;S;S;A;MERL;MER;FM;774.999976158142;30;8;16;6
TB;ITA;18;BIM;1994;97;S;S;B;NEPR;NOR;FM;479.999989271164;10;4;6;0
TB;ITA;18;BIM;1994;97;S;S;B;PROC;MED;FM;8.99999961256981;3;0;0;3
TB;ITA;18;BIM;1994;97;S;S;B;SOLO;MEM;FM;7.00000021606684;4;0;0;4
TB;ITA;18;BIM;1994;97;S;S;A;TRAC;TRA;FM;1373.00002574921;233;0;0;233
TB;ITA;18;BIM;1994;97;S;S;A;TRIS;CAP;FM;46.000000089407;13;0;0;13
TB;ITA;18;BIM;1994;97;S;S;A;URAN;SCA;FM;287.999987602234;1;0;0;1
TB;ITA;18;BIM;1994;98;S;S;B;BATY;SUP;FM;52.0000010728836;4;0;0;4
TB;ITA;18;BIM;1994;98;S;S;A;CHIM;MON;FM;11954.9999237061;10;0;0;10
TB;ITA;18;BIM;1994;98;S;S;A;COEL;COE;FM;1312.00003623962;27;0;0;27
TB;ITA;18;BIM;1994;98;S;S;A;ETMO;SPI;FM;331.999987363815;4;0;0;4
TB;ITA;18;BIM;1994;98;S;S;A;GALU;MEL;FM;8057.00016021729;37;0;0;37
TB;ITA;18;BIM;1994;98;S;S;B;GERY;LON;FM;310.999989509583;4;0;0;4
TB;ITA;18;BIM;1994;98;S;S;A;HELI;DAC;FM;164.000004529953;1;0;0;1
TB;ITA;18;BIM;1994;98;S;S;A;HOPL;MED;FM;893.999993801117;9;0;0;9
TB;ITA;18;BIM;1994;98;S;S;A;HYME;ITA;FM;8.99999961256981;2;0;0;2
TB;ITA;18;BIM;1994;98;S;S;A;MERL;MER;FM;1250;2;2;0;0
TB;ITA;18;BIM;1994;98;S;S;A;MICM;POU;FM;1052.99997329712;3;2;1;0
TB;ITA;18;BIM;1994;98;S;S;A;MOLV;DYP;FM;202.000007033348;1;0;0;1
TB;ITA;18;BIM;1994;98;S;S;B;NEPR;NOR;FM;37.0000004768372;2;1;1;0
TB;ITA;18;BIM;1994;98;S;S;A;NEZU;SCL;FM;1075.99997520447;44;0;0;44
TB;ITA;18;BIM;1994;98;S;S;B;PASI;MUL;FM;1.00000004749745;1;0;0;1
TB;ITA;18;BIM;1994;98;S;S;A;PHYI;BLE;FM;1118.00003051758;2;2;0;0
TB;ITA;18;BIM;1994;98;S;S;B;PLES;MAR;FM;119.999997317791;16;0;0;16
TB;ITA;18;BIM;1994;98;S;S;B;POLC;TYP;FM;1075.00004768372;234;0;0;234
TB;ITA;18;BIM;1994;98;S;S;A;STOM;BOA;FM;3.00000002607703;1;0;0;1
TB;ITA;18;BIM;1994;98;S;S;A;TRAR;TRA;FM;3194.9999332428;118;0;0;118
TB;ITA;18;BIM;1994;99;S;S;C;ALLO;MED;FM;46.000000089407;5;0;0;5
TB;ITA;18;BIM;1994;99;S;S;A;ARNO;LAT;FM;8.00000037997961;1;0;0;1
TB;ITA;18;BIM;1994;99;S;S;A;BOOP;BOO;FM;157.000005245209;3;0;0;3
TB;ITA;18;BIM;1994;99;S;S;A;CEPO;MAC;FM;86.0000029206276;4;0;0;4
TB;ITA;18;BIM;1994;99;S;S;C;ELED;MOS;FM;950.999975204468;7;0;0;7
TB;ITA;18;BIM;1994;99;S;S;A;ENGR;ENC;FM;393.00000667572;11;0;0;11
TB;ITA;18;BIM;1994;99;S;S;A;GOBI;NIG;FM;23.0000000447035;1;0;0;1
TB;ITA;18;BIM;1994;99;S;S;A;LEPT;CAV;FM;2.0000000949949;1;0;0;1
TB;ITA;18;BIM;1994;99;S;S;A;MERL;MER;FM;726.999998092651;11;9;1;1
TB;ITA;18;BIM;1994;99;S;S;A;MULL;SUR;FM;270.000010728836;5;4;1;0
TB;ITA;18;BIM;1994;99;S;S;A;PAGE;ERY;FM;76.9999995827675;1;0;1;0
TB;ITA;18;BIM;1994;99;S;S;A;SARD;PIL;FM;416.999995708466;11;0;0;11
TB;ITA;18;BIM;1994;99;S;S;A;SERA;CAB;FM;108.000002801418;4;0;0;4
TB;ITA;18;BIM;1994;99;S;S;A;SERA;HEP;FM;30.9999994933605;5;0;0;5
TB;ITA;18;BIM;1994;99;S;S;A;SPIC;SMA;FM;21.9999998807907;1;0;0;1
TB;ITA;18;BIM;1994;99;S;S;C;TODA;SAG;FM;238.000005483627;1;0;0;1
TB;ITA;18;BIM;1994;99;S;S;A;TRAC;TRA;FM;119.999997317791;20;1.05263157894737;0;18.9473684210526
TB;ITA;18;BIM;1994;100;S;S;A;ARNO;LAT;FM;29.9999993294477;3;0;0;3
TB;ITA;18;BIM;1994;100;S;S;A;BOOP;BOO;FM;151.999995112419;2;0;0;2
TB;ITA;18;BIM;1994;100;S;S;A;CEPO;MAC;FM;65.9999996423721;5;0;0;5
TB;ITA;18;BIM;1994;100;S;S;C;ELED;CIR;FM;517.000019550323;2;0;0;2
TB;ITA;18;BIM;1994;100;S;S;A;ENGR;ENC;FM;17.9999992251396;2;0;0;2
TB;ITA;18;BIM;1994;100;S;S;A;GOBI;FRI;FM;19.9999995529652;6;0;0;6
TB;ITA;18;BIM;1994;100;S;S;A;GOBI;NIG;FM;32.0000015199184;1;0;0;1
TB;ITA;18;BIM;1994;100;S;S;A;MERL;MER;FM;1575.99997520447;29;21;7;1
TB;ITA;18;BIM;1994;100;S;S;A;MULL;SUR;FM;92.0000001788139;2;0;0;2
TB;ITA;18;BIM;1994;100;S;S;C;OCTO;VUL;FM;27.0000007003546;1;0;0;1
TB;ITA;18;BIM;1994;100;S;S;A;SARD;PIL;FM;192.00000166893;5;0;0;5
TB;ITA;18;BIM;1994;100;S;S;A;SCOR;NOT;FM;17.9999992251396;1;0;0;1
TB;ITA;18;BIM;1994;100;S;S;A;SERA;CAB;FM;70.0000002980232;3;0;0;3
TB;ITA;18;BIM;1994;100;S;S;A;SERA;HEP;FM;24.0000002086163;6;0;0;6
TB;ITA;18;BIM;1994;100;S;S;A;SPIC;SMA;FM;202.000007033348;5;0;0;5
TB;ITA;18;BIM;1994;100;S;S;A;TRAC;TRA;FM;136.000007390976;28;0;0;28
TB;ITA;18;BIM;1994;101;S;S;C;ALLO;MED;FM;39.9999991059303;6;0;0;6
TB;ITA;18;BIM;1994;101;S;S;A;ALOS;FAL;FM;289.000004529953;1;0;0;1
TB;ITA;18;BIM;1994;101;S;S;A;ARNO;LAT;FM;3.00000002607703;1;0;0;1
TB;ITA;18;BIM;1994;101;S;S;A;ASPI;CUC;FM;7.00000021606684;1;0;0;1
TB;ITA;18;BIM;1994;101;S;S;A;BOOP;BOO;FM;312.000006437302;7;0;0;7
TB;ITA;18;BIM;1994;101;S;S;A;CALM;MAC;FM;1.00000004749745;1;0;0;1
TB;ITA;18;BIM;1994;101;S;S;C;ELED;CIR;FM;1177.00004577637;4;4;0;0
TB;ITA;18;BIM;1994;101;S;S;A;ENGR;ENC;FM;902.00001001358;69;0;0;69
TB;ITA;18;BIM;1994;101;S;S;A;MERL;MER;FM;2492.00010299683;58;31;15;12
TB;ITA;18;BIM;1994;101;S;S;A;MULL;SUR;FM;87.9999995231628;1;0;1;0
TB;ITA;18;BIM;1994;101;S;S;A;SARD;PIL;FM;1463.00005912781;43;0;0;43
TB;ITA;18;BIM;1994;101;S;S;A;SARI;AUR;FM;24.0000002086163;1;0;0;1
TB;ITA;18;BIM;1994;101;S;S;A;SERA;CAB;FM;199.000000953674;6;0;0;6
TB;ITA;18;BIM;1994;101;S;S;A;SPIC;SMA;FM;148.000001907349;5;0;0;5
TB;ITA;18;BIM;1994;101;S;S;A;TRAC;TRA;FM;460.999995470047;30;0;0;30
TB;ITA;18;BIM;1994;101;S;S;A;TRAH;DRA;FM;71.0000023245811;1;0;0;1
TB;ITA;18;BIM;1994;101;S;S;A;TRIG;LUC;FM;225.999996066093;1;0;0;1
TB;ITA;18;BIM;1994;101;S;S;A;TRIP;LAS;FM;75.9999975562096;2;0;0;2
TB;ITA;18;BIM;1994;101;S;S;A;TRIS;CAP;FM;24.0000002086163;6;0;0;6
TB;ITA;18;BIM;1994;102;S;S;A;ALOS;FAL;FM;79.0000036358833;1;0;0;1
TB;ITA;18;BIM;1994;102;S;S;A;ANTO;MEG;FM;7.00000021606684;1;0;0;1
TB;ITA;18;BIM;1994;102;S;S;A;BOOP;BOO;FM;504.000008106232;6;0;0;6
TB;ITA;18;BIM;1994;102;S;S;A;CALM;MAC;FM;4.99999988824129;1;0;0;1
TB;ITA;18;BIM;1994;102;S;S;C;ELED;CIR;FM;2635.99991798401;16;7;9;0
TB;ITA;18;BIM;1994;102;S;S;A;ENGR;ENC;FM;12.0000001043081;1;0;0;1
TB;ITA;18;BIM;1994;102;S;S;A;LEPT;CAV;FM;26.0000005364418;5;0;0;5
TB;ITA;18;BIM;1994;102;S;S;A;MERL;MER;FM;1764.00005817413;63;27;25;11
TB;ITA;18;BIM;1994;102;S;S;A;MULL;SUR;FM;50.9999990463257;1;0;1;0
TB;ITA;18;BIM;1994;102;S;S;A;SARD;PIL;FM;86.9999974966049;3;0;0;3
TB;ITA;18;BIM;1994;102;S;S;C;SEPO;SPP;FM;4.99999988824129;2;0;0;2
TB;ITA;18;BIM;1994;102;S;S;A;SERA;HEP;FM;26.0000005364418;5;0;0;5
TB;ITA;18;BIM;1994;102;S;S;A;SPIC;SMA;FM;143.00000667572;5;0;0;5
TB;ITA;18;BIM;1994;102;S;S;A;SQUA;ACA;FM;3487.99991607666;1;0;0;1
TB;ITA;18;BIM;1994;102;S;S;A;TRAC;TRA;FM;5092.00000762939;239;11;74;154
TB;ITA;18;BIM;1994;102;S;S;A;TRIS;CAP;FM;64.0000030398369;14;0;0;14
TB;ITA;18;BIM;1994;103;S;S;C;ALLO;MED;FM;17.000000923872;5;0;0;5
TB;ITA;18;BIM;1994;103;S;S;C;ELED;CIR;FM;3236.99998855591;15;10;5;0
TB;ITA;18;BIM;1994;103;S;S;A;ENGR;ENC;FM;32.0000015199184;2;0;0;2
TB;ITA;18;BIM;1994;103;S;S;C;ILLE;COI;FM;13.0000002682209;2;0;0;2
TB;ITA;18;BIM;1994;103;S;S;A;LEPT;CAV;FM;24.0000002086163;6;0;0;6
TB;ITA;18;BIM;1994;103;S;S;A;LOPH;BUD;FM;317.00000166893;3;3;0;0
TB;ITA;18;BIM;1994;103;S;S;A;MERL;MER;FM;1294.0000295639;33;9;12;12
TB;ITA;18;BIM;1994;103;S;S;A;SPIC;SMA;FM;4.00000018998981;1;0;0;1
TB;ITA;18;BIM;1994;103;S;S;A;TRAC;TRA;FM;1888.00001144409;474;0;3;471
TB;ITA;18;BIM;1994;103;S;S;A;TRIS;CAP;FM;16.0000007599592;6;0;0;6
TB;ITA;18;BIM;1994;104;S;S;C;ALLO;MED;FM;14.9999996647239;2;0;0;2
TB;ITA;18;BIM;1994;104;S;S;A;ARNO;LAT;FM;43.9999997615814;3;0;0;3
TB;ITA;18;BIM;1994;104;S;S;A;ASPI;CUC;FM;19.9999995529652;1;0;0;1
TB;ITA;18;BIM;1994;104;S;S;A;BOOP;BOO;FM;43.9999997615814;1;0;0;1
TB;ITA;18;BIM;1994;104;S;S;A;CEPO;MAC;FM;6.00000005215406;1;0;0;1
TB;ITA;18;BIM;1994;104;S;S;C;ELED;CIR;FM;3375;18;0;0;18
TB;ITA;18;BIM;1994;104;S;S;A;ENGR;ENC;FM;90.0000035762787;8;0;0;8
TB;ITA;18;BIM;1994;104;S;S;A;EUTR;GUR;FM;9.99999977648258;3;0;0;3
TB;ITA;18;BIM;1994;104;S;S;A;GOBI;FRI;FM;1.00000004749745;1;0;0;1
TB;ITA;18;BIM;1994;104;S;S;A;LOPH;BUD;FM;41.9999994337559;1;0;0;1
TB;ITA;18;BIM;1994;104;S;S;A;MERL;MER;FM;1046.0000038147;11;7;4;0
TB;ITA;18;BIM;1994;104;S;S;C;SEPO;SPP;FM;8.99999961256981;1;0;0;1
TB;ITA;18;BIM;1994;104;S;S;A;SERA;CAB;FM;75.9999975562096;2;0;0;2
TB;ITA;18;BIM;1994;104;S;S;A;SPIC;SMA;FM;24.0000002086163;1;0;0;1
TB;ITA;18;BIM;1994;104;S;S;A;TRAC;TRA;FM;153.999999165535;33;0;0;33
TB;ITA;18;BIM;1994;104;S;S;A;TRAH;DRA;FM;109.999999403954;1;0;0;1
TB;ITA;18;BIM;1994;104;S;S;A;TRIS;CAP;FM;32.0000015199184;10;0;0;10
TB;ITA;18;BIM;1994;105;S;S;C;ALLO;MED;FM;57.0000000298023;9;0;0;9
TB;ITA;18;BIM;1994;105;S;S;A;ANTO;MEG;FM;4.99999988824129;1;0;0;1
TB;ITA;18;BIM;1994;105;S;S;A;ARNO;LAT;FM;52.0000010728836;7;0;0;7
TB;ITA;18;BIM;1994;105;S;S;A;BOOP;BOO;FM;131.999999284744;3;0;0;3
TB;ITA;18;BIM;1994;105;S;S;A;CALM;MAC;FM;4.00000018998981;1;0;0;1
TB;ITA;18;BIM;1994;105;S;S;A;CEPO;MAC;FM;70.0000002980232;3;0;0;3
TB;ITA;18;BIM;1994;105;S;S;C;ELED;MOS;FM;261.000007390976;1;0;0;1
TB;ITA;18;BIM;1994;105;S;S;A;ENGR;ENC;FM;405.000001192093;44;0;0;44
TB;ITA;18;BIM;1994;105;S;S;A;GOBI;FRI;FM;6.00000005215406;3;0;0;3
TB;ITA;18;BIM;1994;105;S;S;A;LOPH;BUD;FM;446.000009775162;1;1;0;0
TB;ITA;18;BIM;1994;105;S;S;A;LOPH;PIS;FM;172.999992966652;2;0;0;2
TB;ITA;18;BIM;1994;105;S;S;A;MERL;MER;FM;216.000005602837;6;2;2;2
TB;ITA;18;BIM;1994;105;S;S;A;MULL;SUR;FM;74.0000009536743;1;1;0;0
TB;ITA;18;BIM;1994;105;S;S;A;SARD;PIL;FM;118.000000715256;3;0;0;3
TB;ITA;18;BIM;1994;105;S;S;A;SERA;CAB;FM;63.000001013279;2;0;0;2
TB;ITA;18;BIM;1994;105;S;S;A;SERA;HEP;FM;57.0000000298023;8;0;0;8
TB;ITA;18;BIM;1994;105;S;S;A;SPRA;SPR;FM;593.999981880188;28;0;0;28
TB;ITA;18;BIM;1994;105;S;S;A;TRAC;TRA;FM;3036.99994087219;684;0;0;684
TB;ITA;18;BIM;1994;105;S;S;A;TRAH;DRA;FM;23.0000000447035;1;0;0;1
TB;ITA;18;BIM;1994;105;S;S;A;TRIS;CAP;FM;27.0000007003546;1;0;1;0
TB;ITA;18;BIM;1994;106;S;S;C;ALLO;MED;FM;34.000001847744;7;0;0;7
TB;ITA;18;BIM;1994;106;S;S;A;ANTO;MEG;FM;3.00000002607703;1;0;0;1
TB;ITA;18;BIM;1994;106;S;S;A;ASPI;CUC;FM;8.00000037997961;2;0;0;2
TB;ITA;18;BIM;1994;106;S;S;A;BOOP;BOO;FM;723.999977111816;10;0;0;10
TB;ITA;18;BIM;1994;106;S;S;A;CALM;MAC;FM;4.00000018998981;1;0;0;1
TB;ITA;18;BIM;1994;106;S;S;A;CEPO;MAC;FM;27.0000007003546;2;0;0;2
TB;ITA;18;BIM;1994;106;S;S;C;ELED;CIR;FM;2759.99999046326;10;6;4;0
TB;ITA;18;BIM;1994;106;S;S;A;ENGR;ENC;FM;65.9999996423721;5;0;0;5
TB;ITA;18;BIM;1994;106;S;S;A;GOBI;FRI;FM;7.00000021606684;7;0;0;7
TB;ITA;18;BIM;1994;106;S;S;A;MERL;MER;FM;1036.00001335144;22;6;15;1
TB;ITA;18;BIM;1994;106;S;S;A;SARD;PIL;FM;112.999998033047;3;0;0;3
TB;ITA;18;BIM;1994;106;S;S;C;SEPO;SPP;FM;4.00000018998981;2;0;0;2
TB;ITA;18;BIM;1994;106;S;S;A;SERA;CAB;FM;76.9999995827675;1;0;0;1
TB;ITA;18;BIM;1994;106;S;S;A;SERA;HEP;FM;4.00000018998981;1;0;0;1
TB;ITA;18;BIM;1994;106;S;S;A;SPIC;SMA;FM;50.0000007450581;2;0;0;2
TB;ITA;18;BIM;1994;106;S;S;A;TRAC;TRA;FM;1297.00005054474;154;0;0;154
TB;ITA;18;BIM;1994;106;S;S;A;TRAH;DRA;FM;94.9999988079071;1;0;0;1
TB;ITA;18;BIM;1994;106;S;S;A;TRIS;CAP;FM;150.000005960464;15;3;0;12
TB;ITA;18;BIM;1994;107;S;S;C;ALLO;MED;FM;13.0000002682209;3;0;0;3
TB;ITA;18;BIM;1994;107;S;S;A;ARGE;SPY;FM;87.9999995231628;11;0;0;11
TB;ITA;18;BIM;1994;107;S;S;A;BOOP;BOO;FM;93.9999967813492;1;0;0;1
TB;ITA;18;BIM;1994;107;S;S;A;CONG;CON;FM;170.000001788139;6;0;0;6
TB;ITA;18;BIM;1994;107;S;S;C;ELED;CIR;FM;6467.99993515015;32;11;21;0
TB;ITA;18;BIM;1994;107;S;S;A;ENGR;ENC;FM;101.000003516674;5;0;0;5
TB;ITA;18;BIM;1994;107;S;S;C;ILLE;COI;FM;136.000007390976;1;0;0;1
TB;ITA;18;BIM;1994;107;S;S;A;LOPH;BUD;FM;243.000000715256;5;0;0;5
TB;ITA;18;BIM;1994;107;S;S;A;MERL;MER;FM;2045.00007629395;39;15;24;0
TB;ITA;18;BIM;1994;107;S;S;B;NEPR;NOR;FM;21.9999998807907;1;0;1;0
TB;ITA;18;BIM;1994;107;S;S;A;PHYI;BLE;FM;7.00000021606684;1;0;0;1
TB;ITA;18;BIM;1994;107;S;S;B;PLES;HET;FM;6.00000005215406;2;0;0;2
TB;ITA;18;BIM;1994;107;S;S;C;SEPO;SPP;FM;2.0000000949949;1;0;0;1
TB;ITA;18;BIM;1994;107;S;S;A;TRAC;TRA;FM;546.000003814697;71;1;8;62
TB;ITA;18;BIM;1994;107;S;S;A;TRIS;CAP;FM;108.000002801418;7;0;0;7
TB;ITA;18;BIM;1994;108;S;S;A;BOOP;BOO;FM;1350.00002384186;24;0;0;24
TB;ITA;18;BIM;1994;108;S;S;A;CEPO;MAC;FM;24.0000002086163;2;0;0;2
TB;ITA;18;BIM;1994;108;S;S;C;ELED;CIR;FM;3239.00008201599;10;8;2;0
TB;ITA;18;BIM;1994;108;S;S;A;ENGR;ENC;FM;41.9999994337559;4;0;0;4
TB;ITA;18;BIM;1994;108;S;S;C;ILLE;COI;FM;194.999992847443;1;1;0;0
TB;ITA;18;BIM;1994;108;S;S;A;MERL;MER;FM;603.999972343445;14;7;4.66666666666667;2.33333333333333
TB;ITA;18;BIM;1994;108;S;S;A;SARD;PIL;FM;72.9999989271164;2;0;0;2
TB;ITA;18;BIM;1994;108;S;S;A;SERA;CAB;FM;29.9999993294477;1;0;0;1
TB;ITA;18;BIM;1994;108;S;S;A;SERA;HEP;FM;8.00000037997961;1;0;0;1
TB;ITA;18;BIM;1994;108;S;S;A;SPIC;SMA;FM;17.9999992251396;1;0;0;1
TB;ITA;18;BIM;1994;108;S;S;C;TODA;SAG;FM;150.000005960464;1;0;0;1
TB;ITA;18;BIM;1994;108;S;S;A;TRAC;TRA;FM;266.000002622604;82;0;0;82
TB;ITA;18;BIM;1994;109;S;S;A;ALOS;FAL;FM;105.999998748302;1;0;0;1
TB;ITA;18;BIM;1994;109;S;S;A;ANTO;MEG;FM;8.99999961256981;1;0;0;1
TB;ITA;18;BIM;1994;109;S;S;A;ARNO;LAT;FM;104.000002145767;18;0;0;18
TB;ITA;18;BIM;1994;109;S;S;A;ARNO;THO;FM;9.99999977648258;2;0;0;2
TB;ITA;18;BIM;1994;109;S;S;A;BOOP;BOO;FM;104.999996721745;4;0;0;4
TB;ITA;18;BIM;1994;109;S;S;A;CALM;MAC;FM;2.0000000949949;1;0;0;1
TB;ITA;18;BIM;1994;109;S;S;A;CEPO;MAC;FM;74.0000009536743;7;0;0;7
TB;ITA;18;BIM;1994;109;S;S;A;CONG;CON;FM;17.9999992251396;1;0;0;1
TB;ITA;18;BIM;1994;109;S;S;A;DIPL;ANN;FM;96.000000834465;3;0;0;3
TB;ITA;18;BIM;1994;109;S;S;A;ENGR;ENC;FM;82.9999968409538;7;0;0;7
TB;ITA;18;BIM;1994;109;S;S;A;GOBI;FRI;FM;3.00000002607703;1;0;0;1
TB;ITA;18;BIM;1994;109;S;S;A;GOBI;NIG;FM;143.00000667572;12;0;0;12
TB;ITA;18;BIM;1994;109;S;S;A;LEPT;CAV;FM;3.00000002607703;1;0;0;1
TB;ITA;18;BIM;1994;109;S;S;B;MCPI;DEP;FM;195.999994874001;14;0;0;14
TB;ITA;18;BIM;1994;109;S;S;A;MULL;BAR;FM;13.0000002682209;1;0;0;1
TB;ITA;18;BIM;1994;109;S;S;A;PAGE;ACA;FM;10.9999999403954;1;0;0;1
TB;ITA;18;BIM;1994;109;S;S;A;PAGE;BOG;FM;9.99999977648258;1;0;0;1
TB;ITA;18;BIM;1994;109;S;S;A;SARD;PIL;FM;994.000017642975;29;0;0;29
TB;ITA;18;BIM;1994;109;S;S;A;SERA;CAB;FM;35.0000001490116;3;0;0;3
TB;ITA;18;BIM;1994;109;S;S;A;SERA;HEP;FM;68.9999982714653;10;0;0;10
TB;ITA;18;BIM;1994;109;S;S;A;SPAR;PAG;FM;9.99999977648258;1;0;0;1
TB;ITA;18;BIM;1994;109;S;S;A;SPIC;SMA;FM;45.0000017881393;3;0;0;3
TB;ITA;18;BIM;1994;109;S;S;A;TRAC;TRA;FM;57.9999983310699;7;0;0;7
TB;ITA;18;BIM;1994;110;S;S;C;ALLO;MED;FM;8.99999961256981;1;0;0;1
TB;ITA;18;BIM;1994;110;S;S;A;ARGE;SPY;FM;14.0000004321337;2;0;0;2
TB;ITA;18;BIM;1994;110;S;S;A;BOOP;BOO;FM;115.000002086163;1;0;0;1
TB;ITA;18;BIM;1994;110;S;S;A;CAPO;APE;FM;18.9999993890524;5;0;0;5
TB;ITA;18;BIM;1994;110;S;S;C;ELED;CIR;FM;5730.00001907349;28;9;19;0
TB;ITA;18;BIM;1994;110;S;S;A;HELI;DAC;FM;194.999992847443;14;0;0;14
TB;ITA;18;BIM;1994;110;S;S;A;LEPM;BOS;FM;197.999998927116;1;1;0;0
TB;ITA;18;BIM;1994;110;S;S;A;LEPM;WHS;FM;46.9999983906746;1;0;0;1
TB;ITA;18;BIM;1994;110;S;S;A;LEPT;CAV;FM;7.00000021606684;1;0;0;1
TB;ITA;18;BIM;1994;110;S;S;A;LOPH;BUD;FM;1067.999958992;4;2;1;1
TB;ITA;18;BIM;1994;110;S;S;A;MERL;MER;FM;462.000012397766;12;7;1;4
TB;ITA;18;BIM;1994;110;S;S;A;MULL;BAR;FM;407.999992370605;10;3;7;0
TB;ITA;18;BIM;1994;110;S;S;A;PHYI;BLE;FM;19.9999995529652;2;0;0;2
TB;ITA;18;BIM;1994;110;S;S;A;RAJA;AST;FM;328.000009059906;1;0;0;1
TB;ITA;18;BIM;1994;110;S;S;C;ROSS;MAC;FM;266.999989748001;6;0;0;6
TB;ITA;18;BIM;1994;110;S;S;A;SCOR;NOT;FM;7.00000021606684;1;0;0;1
TB;ITA;18;BIM;1994;110;S;S;A;SERA;CAB;FM;103.000000119209;3;0;0;3
TB;ITA;18;BIM;1994;110;S;S;A;SERA;HEP;FM;4.00000018998981;1;0;0;1
TB;ITA;18;BIM;1994;110;S;S;C;TODI;EBL;FM;82.9999968409538;2;0;0;2
TB;ITA;18;BIM;1994;110;S;S;A;TRAC;TRA;FM;885.999977588654;54;2;7;45
TB;ITA;18;BIM;1994;110;S;S;A;TRIS;CAP;FM;1113.9999628067;47;6.1304347826087;5.10869565217391;35.7608695652174
TB;ITA;18;BIM;1994;111;S;S;C;ALLO;MED;FM;6.00000005215406;2;0;0;2
TB;ITA;18;BIM;1994;111;S;S;A;ARNO;LAT;FM;2.0000000949949;1;0;0;1
TB;ITA;18;BIM;1994;111;S;S;A;CALM;MAC;FM;2.0000000949949;1;0;0;1
TB;ITA;18;BIM;1994;111;S;S;A;CEPO;MAC;FM;93.0000022053719;6;0;0;6
TB;ITA;18;BIM;1994;111;S;S;C;ELED;CIR;FM;4590.00015258789;19;12;7;0
TB;ITA;18;BIM;1994;111;S;S;A;ENGR;ENC;FM;4.00000018998981;1;0;0;1
TB;ITA;18;BIM;1994;111;S;S;A;GOBI;FRI;FM;4.00000018998981;4;0;0;4
TB;ITA;18;BIM;1994;111;S;S;A;MERL;MER;FM;319.000005722046;13;7;4;2
TB;ITA;18;BIM;1994;111;S;S;B;NEPR;NOR;FM;107.00000077486;4;3;1;0
TB;ITA;18;BIM;1994;111;S;S;A;PHYI;BLE;FM;7.00000021606684;1;0;0;1
TB;ITA;18;BIM;1994;111;S;S;A;SERA;HEP;FM;4.00000018998981;1;0;0;1
TB;ITA;18;BIM;1994;111;S;S;A;TRAC;TRA;FM;1050.99999904633;190;0;0;190
TB;ITA;18;BIM;1994;111;S;S;A;TRIS;CAP;FM;46.9999983906746;15;0;0;15
TB;ITA;18;BIM;1994;112;S;S;C;ALLO;MED;FM;7.00000021606684;3;0;0;3
TB;ITA;18;BIM;1994;112;S;S;A;ANTO;MEG;FM;41.0000011324883;3;0;0;3
TB;ITA;18;BIM;1994;112;S;S;A;ARNO;LAT;FM;145.999997854233;19;0;0;19
TB;ITA;18;BIM;1994;112;S;S;A;BOOP;BOO;FM;629.999995231628;16;0;0;16
TB;ITA;18;BIM;1994;112;S;S;A;CALM;MAC;FM;2.0000000949949;1;0;0;1
TB;ITA;18;BIM;1994;112;S;S;A;CEPO;MAC;FM;27.0000007003546;1;0;0;1
TB;ITA;18;BIM;1994;112;S;S;A;CONG;CON;FM;14.9999996647239;1;0;0;1
TB;ITA;18;BIM;1994;112;S;S;C;ELED;MOS;FM;745.000004768372;5;0;0;5
TB;ITA;18;BIM;1994;112;S;S;A;ENGR;ENC;FM;6.00000005215406;1;0;0;1
TB;ITA;18;BIM;1994;112;S;S;A;EUTR;GUR;FM;2.0000000949949;1;0;0;1
TB;ITA;18;BIM;1994;112;S;S;A;GOBI;FRI;FM;20.9999997168779;12;0;0;12
TB;ITA;18;BIM;1994;112;S;S;A;LEPT;CAV;FM;1.00000004749745;1;0;0;1
TB;ITA;18;BIM;1994;112;S;S;A;LOPH;BUD;FM;120.999999344349;1;1;0;0
TB;ITA;18;BIM;1994;112;S;S;A;MERL;MER;FM;81.0000002384186;5;2;0;3
TB;ITA;18;BIM;1994;112;S;S;A;OPDI;BAR;FM;26.0000005364418;1;0;0;1
TB;ITA;18;BIM;1994;112;S;S;A;SARD;PIL;FM;349.000006914139;10;0;0;10
TB;ITA;18;BIM;1994;112;S;S;A;SERA;CAB;FM;57.9999983310699;3;0;0;3
TB;ITA;18;BIM;1994;112;S;S;A;SERA;HEP;FM;54.9999997019768;7;0;0;7
TB;ITA;18;BIM;1994;112;S;S;B;SOLO;MEM;FM;14.0000004321337;7;0;0;7
TB;ITA;18;BIM;1994;112;S;S;A;SPIC;FLE;FM;52.9999993741512;1;0;1;0
TB;ITA;18;BIM;1994;112;S;S;A;SPIC;SMA;FM;194.000005722046;13;0;0;13
TB;ITA;18;BIM;1994;112;S;S;A;TRAC;MED;FM;395.999997854233;2;2;0;0
TB;ITA;18;BIM;1994;112;S;S;A;TRAC;TRA;FM;171.000003814697;43;0;0;43
TB;ITA;18;BIM;1994;112;S;S;A;TRAH;DRA;FM;39.9999991059303;1;0;0;1
TB;ITA;18;BIM;1994;112;S;S;A;TRIS;CAP;FM;41.0000011324883;3;1;0;2
TB;ITA;18;BIM;1994;113;S;S;A;ALOS;FAL;FM;68.000003695488;1;0;0;1
TB;ITA;18;BIM;1994;113;S;S;A;BOOP;BOO;FM;90.0000035762787;1;0;0;1
TB;ITA;18;BIM;1994;113;S;S;A;CALM;MAC;FM;8.00000037997961;3;0;0;3
TB;ITA;18;BIM;1994;113;S;S;A;CEPO;MAC;FM;79.9999982118607;7;0;0;7
TB;ITA;18;BIM;1994;113;S;S;C;ELED;CIR;FM;3632.99989700317;19;12;7;0
TB;ITA;18;BIM;1994;113;S;S;A;ENGR;ENC;FM;96.000000834465;6;0;0;6
TB;ITA;18;BIM;1994;113;S;S;A;EUTR;GUR;FM;10.9999999403954;4;0;0;4
TB;ITA;18;BIM;1994;113;S;S;A;GOBI;FRI;FM;4.99999988824129;5;0;0;5
TB;ITA;18;BIM;1994;113;S;S;C;ILLE;COI;FM;175.999999046326;1;1;0;0
TB;ITA;18;BIM;1994;113;S;S;A;LOPH;BUD;FM;34.000001847744;1;0;1;0
TB;ITA;18;BIM;1994;113;S;S;A;MERL;MER;FM;293.000012636185;12;5;3;4
TB;ITA;18;BIM;1994;113;S;S;B;NEPR;NOR;FM;29.9999993294477;1;0;1;0
TB;ITA;18;BIM;1994;113;S;S;B;PAPE;LON;FM;8.00000037997961;1;0;1;0
TB;ITA;18;BIM;1994;113;S;S;A;SERA;HEP;FM;6.00000005215406;1;0;0;1
TB;ITA;18;BIM;1994;113;S;S;A;TRAC;TRA;FM;694.000005722046;127;0;0;127
TB;ITA;18;BIM;1994;113;S;S;A;TRIS;CAP;FM;17.9999992251396;7;0;0;7
TB;ITA;18;BIM;1994;114;S;S;A;ARNO;LAT;FM;45.0000017881393;4;0;0;4
TB;ITA;18;BIM;1994;114;S;S;A;BOOP;BOO;FM;3747.99990653992;72;0;0;72
TB;ITA;18;BIM;1994;114;S;S;A;CALM;MAC;FM;4.99999988824129;2;0;0;2
TB;ITA;18;BIM;1994;114;S;S;A;CEPO;MAC;FM;14.9999996647239;1;0;0;1
TB;ITA;18;BIM;1994;114;S;S;C;ELED;MOS;FM;799.000024795532;4;0;0;4
TB;ITA;18;BIM;1994;114;S;S;A;ENGR;ENC;FM;1134.99999046326;87;0;0;87
TB;ITA;18;BIM;1994;114;S;S;A;GOBI;QUA;FM;3.00000002607703;1;0;0;1
TB;ITA;18;BIM;1994;114;S;S;A;LEPT;CAV;FM;3.00000002607703;1;0;0;1
TB;ITA;18;BIM;1994;114;S;S;A;MERL;MER;FM;707.000017166138;15;4;6;5
TB;ITA;18;BIM;1994;114;S;S;A;MULL;SUR;FM;78.0000016093254;1;1;0;0
TB;ITA;18;BIM;1994;114;S;S;A;SARD;PIL;FM;527.999997138977;14;0;0;14
TB;ITA;18;BIM;1994;114;S;S;A;SCOM;SCO;FM;79.0000036358833;1;0;0;1
TB;ITA;18;BIM;1994;114;S;S;A;SERA;CAB;FM;75.0000029802322;3;0;0;3
TB;ITA;18;BIM;1994;114;S;S;A;SERA;HEP;FM;52.9999993741512;5;0;0;5
TB;ITA;18;BIM;1994;114;S;S;A;SPIC;SMA;FM;647.000014781952;31;0;0;31
TB;ITA;18;BIM;1994;114;S;S;A;TRAC;MED;FM;142.000004649162;1;1;0;0
TB;ITA;18;BIM;1994;114;S;S;A;TRAC;TRA;FM;252.999991178513;76;0;2;74
TB;ITA;18;BIM;1994;114;S;S;A;TRIS;CAP;FM;35.9999984502792;5;0;0;5
TB;ITA;18;BIM;1994;115;S;S;A;ALOS;FAL;FM;72.9999989271164;2;0;0;2
TB;ITA;18;BIM;1994;115;S;S;A;ARNO;LAT;FM;16.0000007599592;3;0;0;3
TB;ITA;18;BIM;1994;115;S;S;A;BOOP;BOO;FM;347.000002861023;9;0;0;9
TB;ITA;18;BIM;1994;115;S;S;A;DIPL;ANN;FM;865.99999666214;25;0;0;25
TB;ITA;18;BIM;1994;115;S;S;C;ELED;MOS;FM;428.000003099442;3;0;0;3
TB;ITA;18;BIM;1994;115;S;S;A;ENGR;ENC;FM;374.000012874603;47;0;0;47
TB;ITA;18;BIM;1994;115;S;S;A;MULL;BAR;FM;239.999994635582;7;2;5;0
TB;ITA;18;BIM;1994;115;S;S;A;MULL;SUR;FM;310.000002384186;6;2;4;0
TB;ITA;18;BIM;1994;115;S;S;C;OCTO;VUL;FM;1769.00005340576;1;1;0;0
TB;ITA;18;BIM;1994;115;S;S;A;PAGE;ACA;FM;27.0000007003546;2;0;0;2
TB;ITA;18;BIM;1994;115;S;S;A;SARD;PIL;FM;573.000013828278;15;0;0;15
TB;ITA;18;BIM;1994;115;S;S;A;SERA;CAB;FM;158.000007271767;4;0;0;4
TB;ITA;18;BIM;1994;115;S;S;A;SERA;HEP;FM;27.0000007003546;4;0;0;4
TB;ITA;18;BIM;1994;115;S;S;A;SPIC;SMA;FM;268.00000667572;13;0;0;13
TB;ITA;18;BIM;1994;115;S;S;B;SQUI;MAN;FM;597.99998998642;10;0;0;10
TB;ITA;18;BIM;1994;115;S;S;A;TRAC;TRA;FM;79.9999982118607;8;0;1;7
TB;ITA;18;BIM;1994;116;S;S;B;ARIS;FOL;FM;180.000007152557;9;2;7;0
TB;ITA;18;BIM;1994;116;S;S;A;CHIM;MON;FM;30346.0006713867;65;0;0;65
TB;ITA;18;BIM;1994;116;S;S;A;COEL;COE;FM;8779.99973297119;72;0;0;72
TB;ITA;18;BIM;1994;116;S;S;A;CONG;CON;FM;3484.99989509583;2;0;0;2
TB;ITA;18;BIM;1994;116;S;S;A;ETMO;SPI;FM;428.000003099442;7;0;0;7
TB;ITA;18;BIM;1994;116;S;S;A;GALU;MEL;FM;13218.9998626709;44;0;0;44
TB;ITA;18;BIM;1994;116;S;S;A;HELI;DAC;FM;10055.9997558594;55;0;0;55
TB;ITA;18;BIM;1994;116;S;S;C;HIST;BON;FM;412.999987602234;6;0;0;6
TB;ITA;18;BIM;1994;116;S;S;A;HOPL;MED;FM;1062.00003623962;97;0;0;97
TB;ITA;18;BIM;1994;116;S;S;A;HYME;ITA;FM;30.9999994933605;6;0;0;6
TB;ITA;18;BIM;1994;116;S;S;A;LOPH;PIS;FM;2181.99992179871;1;0;1;0
TB;ITA;18;BIM;1994;116;S;S;A;MERL;MER;FM;8192.00038909912;10;7;3;0
TB;ITA;18;BIM;1994;116;S;S;A;MOLV;DYP;FM;268.999993801117;1;0;0;1
TB;ITA;18;BIM;1994;116;S;S;B;NEPR;NOR;FM;533.999979496002;9;1;8;0
TB;ITA;18;BIM;1994;116;S;S;A;NEZU;SCL;FM;3605.00001907349;155;0;0;155
TB;ITA;18;BIM;1994;116;S;S;A;PHYI;BLE;FM;3262.00008392334;6;4;1;1
TB;ITA;18;BIM;1994;116;S;S;B;PLES;MAR;FM;2144.99998092651;259;0;0;259
TB;ITA;18;BIM;1994;116;S;S;A;RAJA;CIR;FM;6185.99987030029;4;0;0;4
TB;ITA;18;BIM;1994;116;S;S;A;STOM;BOA;FM;4.00000018998981;1;0;0;1
TB;ITA;18;BIM;1994;116;S;S;C;TODA;SAG;FM;1373.99995326996;2;0;0;2
TB;ITA;18;BIM;1994;116;S;S;C;TODI;EBL;FM;234.999999403954;1;0;0;1
TB;ITA;18;BIM;1994;116;S;S;A;TRAR;TRA;FM;63.000001013279;2;0;0;2
TB;ITA;18;BIM;1994;117;S;S;C;ALLO;MED;FM;179.000005125999;78;0;0;78
TB;ITA;18;BIM;1994;117;S;S;A;ARNO;LAT;FM;21.9999998807907;4;0;0;4
TB;ITA;18;BIM;1994;117;S;S;A;CEPO;MAC;FM;39.9999991059303;1;0;0;1
TB;ITA;18;BIM;1994;117;S;S;A;CONG;CON;FM;24.0000002086163;1;0;0;1
TB;ITA;18;BIM;1994;117;S;S;C;ELED;MOS;FM;597.000002861023;4;0;0;4
TB;ITA;18;BIM;1994;117;S;S;A;ENGR;ENC;FM;261.999994516373;25;0;0;25
TB;ITA;18;BIM;1994;117;S;S;A;LOPH;BUD;FM;150.000005960464;1;1;0;0
TB;ITA;18;BIM;1994;117;S;S;A;MERL;MER;FM;662.999987602234;27;3;4;20
TB;ITA;18;BIM;1994;117;S;S;A;MULL;SUR;FM;337.999999523163;4;2;0;2
TB;ITA;18;BIM;1994;117;S;S;A;SERA;CAB;FM;179.000005125999;6;0;0;6
TB;ITA;18;BIM;1994;117;S;S;A;SPIC;SMA;FM;29.9999993294477;2;0;0;2
TB;ITA;18;BIM;1994;117;S;S;A;SPRA;SPR;FM;5554.99982833862;270;0;0;270
TB;ITA;18;BIM;1994;117;S;S;A;TRAC;TRA;FM;114.000000059605;27;0;0;27
TB;ITA;18;BIM;1994;117;S;S;A;TRAH;DRA;FM;89.0000015497208;1;0;0;1
TB;ITA;18;BIM;1994;118;S;S;C;ALLO;MED;FM;218.999996781349;92;0;0;92
TB;ITA;18;BIM;1994;118;S;S;A;ALOS;FAL;FM;57.0000000298023;1;0;0;1
TB;ITA;18;BIM;1994;118;S;S;A;ARNO;LAT;FM;20.9999997168779;4;0;0;4
TB;ITA;18;BIM;1994;118;S;S;A;BOOP;BOO;FM;37.9999987781048;1;0;0;1
TB;ITA;18;BIM;1994;118;S;S;A;CEPO;MAC;FM;39.9999991059303;2;0;0;2
TB;ITA;18;BIM;1994;118;S;S;C;ELED;MOS;FM;1338.99998664856;8;0;0;8
TB;ITA;18;BIM;1994;118;S;S;A;ENGR;ENC;FM;112.000003457069;25;0;0;25
TB;ITA;18;BIM;1994;118;S;S;A;GOBI;QUA;FM;3.00000002607703;1;0;0;1
TB;ITA;18;BIM;1994;118;S;S;A;LEPT;CAV;FM;2.0000000949949;1;0;0;1
TB;ITA;18;BIM;1994;118;S;S;A;LOPH;BUD;FM;104.000002145767;1;0;0;1
TB;ITA;18;BIM;1994;118;S;S;A;MERL;MER;FM;1059.99994277954;35;3;4;28
TB;ITA;18;BIM;1994;118;S;S;A;MULL;SUR;FM;217.999994754791;4;1;1;2
TB;ITA;18;BIM;1994;118;S;S;A;SARD;PIL;FM;307.000011205673;9;0;0;9
TB;ITA;18;BIM;1994;118;S;S;A;SCOR;POR;FM;34.000001847744;1;0;0;1
TB;ITA;18;BIM;1994;118;S;S;C;SEPO;SPP;FM;17.9999992251396;9;0;0;9
TB;ITA;18;BIM;1994;118;S;S;A;SERA;CAB;FM;103.000000119209;6;0;0;6
TB;ITA;18;BIM;1994;118;S;S;A;SERA;HEP;FM;41.9999994337559;5;0;0;5
TB;ITA;18;BIM;1994;118;S;S;A;SPIC;SMA;FM;64.0000030398369;2;0;0;2
TB;ITA;18;BIM;1994;118;S;S;A;SPRA;SPR;FM;340.999990701675;19;0;0;19
TB;ITA;18;BIM;1994;118;S;S;B;SQUI;MAN;FM;46.000000089407;1;0;0;1
TB;ITA;18;BIM;1994;118;S;S;A;TRAC;TRA;FM;39.0000008046627;5;0;0;5
TB;ITA;18;BIM;1994;119;S;S;A;ARNO;LAT;FM;54.0000014007092;7;0;0;7
TB;ITA;18;BIM;1994;119;S;S;A;ENGR;ENC;FM;190.999999642372;38;0;0;38
TB;ITA;18;BIM;1994;119;S;S;A;GOBI;FRI;FM;4.00000018998981;2;0;0;2
TB;ITA;18;BIM;1994;119;S;S;A;MULL;SUR;FM;149.000003933907;3;1;2;0
TB;ITA;18;BIM;1994;119;S;S;A;PAGE;ACA;FM;9.99999977648258;1;0;0;1
TB;ITA;18;BIM;1994;119;S;S;A;SARD;PIL;FM;74.0000009536743;2;0;0;2
TB;ITA;18;BIM;1994;119;S;S;A;SERA;CAB;FM;32.9999998211861;1;0;0;1
TB;ITA;18;BIM;1994;119;S;S;A;SERA;HEP;FM;17.9999992251396;2;0;0;2
TB;ITA;18;BIM;1994;119;S;S;A;SOLE;VUL;FM;104.999996721745;1;1;0;0
TB;ITA;18;BIM;1994;119;S;S;A;SPAR;PAG;FM;24.0000002086163;3;0;1;2
TB;ITA;18;BIM;1994;119;S;S;A;SPIC;SMA;FM;223.000004887581;8;0;0;8
TB;ITA;18;BIM;1994;119;S;S;B;SQUI;MAN;FM;1611.99998855591;40;0;0;40
TB;ITA;18;BIM;1994;119;S;S;A;TRAC;MED;FM;86.0000029206276;2;1;1;0
TB;ITA;18;BIM;1994;119;S;S;A;TRAC;TRA;FM;32.0000015199184;26;0;0;26
TB;ITA;18;BIM;1994;119;S;S;A;TRAH;DRA;FM;30.9999994933605;1;0;0;1
TB;ITA;18;BIM;1994;119;S;S;A;TRIG;LUC;FM;28.0000008642673;1;0;0;1
TB;ITA;18;BIM;1994;120;S;S;C;ALLO;MED;FM;12.0000001043081;1;0;0;1
TB;ITA;18;BIM;1994;120;S;S;A;ALOS;FAL;FM;50.0000007450581;1;0;0;1
TB;ITA;18;BIM;1994;120;S;S;A;ARNO;LAT;FM;8.00000037997961;1;0;0;1
TB;ITA;18;BIM;1994;120;S;S;A;BOOP;BOO;FM;81.0000002384186;2;0;0;2
TB;ITA;18;BIM;1994;120;S;S;A;DIPL;ANN;FM;173.99999499321;5;0;0;5
TB;ITA;18;BIM;1994;120;S;S;A;ENGR;ENC;FM;207.000002264977;62;0;0;62
TB;ITA;18;BIM;1994;120;S;S;A;GOBI;NIG;FM;29.9999993294477;4;0;0;4
TB;ITA;18;BIM;1994;120;S;S;C;LOLI;VUL;FM;200.000002980232;61;0;0;61
TB;ITA;18;BIM;1994;120;S;S;A;MULL;BAR;FM;9.99999977648258;9;0;0;9
TB;ITA;18;BIM;1994;120;S;S;A;PAGE;ACA;FM;9.99999977648258;1;0;0;1
TB;ITA;18;BIM;1994;120;S;S;A;SARD;PIL;FM;43.9999997615814;2;0;0;2
TB;ITA;18;BIM;1994;120;S;S;C;SEPI;ELE;FM;2.0000000949949;1;0;0;1
TB;ITA;18;BIM;1994;120;S;S;C;SEPI;OFF;FM;335.00000834465;1;0;1;0
TB;ITA;18;BIM;1994;120;S;S;C;SEPO;SPP;FM;4.99999988824129;1;0;0;1
TB;ITA;18;BIM;1994;120;S;S;A;SERA;CAB;FM;29.9999993294477;1;0;0;1
TB;ITA;18;BIM;1994;120;S;S;A;SPIC;SMA;FM;59.0000003576279;4;0;0;4
TB;ITA;18;BIM;1994;120;S;S;B;SQUI;MAN;FM;469.00001168251;16;0;0;16
TB;ITA;18;BIM;1994;120;S;S;A;TRAC;MED;FM;412.000000476837;8;5;2;1
TB;ITA;18;BIM;1994;120;S;S;A;TRAC;TRA;FM;305.999994277954;35;0;0;35
TB;ITA;18;BIM;1994;120;S;S;A;TRIG;LUC;FM;136.999994516373;3;0;0;3
TB;ITA;18;BIM;1994;121;S;S;A;ALOS;FAL;FM;41.0000011324883;1;0;0;1
TB;ITA;18;BIM;1994;121;S;S;A;ARNO;LAT;FM;93.0000022053719;14;0;0;14
TB;ITA;18;BIM;1994;121;S;S;A;BUGL;LUT;FM;17.000000923872;3;0;0;3
TB;ITA;18;BIM;1994;121;S;S;A;CALM;MAC;FM;6.00000005215406;3;0;0;3
TB;ITA;18;BIM;1994;121;S;S;A;DIPL;ANN;FM;59.0000003576279;3;0;0;3
TB;ITA;18;BIM;1994;121;S;S;A;ENGR;ENC;FM;2641.99995994568;377;0;0;377
TB;ITA;18;BIM;1994;121;S;S;A;GOBI;NIG;FM;573.000013828278;96;0;0;96
TB;ITA;18;BIM;1994;121;S;S;A;GOBI;QUA;FM;4.00000018998981;2;0;0;2
TB;ITA;18;BIM;1994;121;S;S;C;LOLI;VUL;FM;143.999993801117;41;0;0;41
TB;ITA;18;BIM;1994;121;S;S;A;MULL;BAR;FM;26.0000005364418;18;0;0;18
TB;ITA;18;BIM;1994;121;S;S;A;SARD;PIL;FM;215.000003576279;6;0;0;6
TB;ITA;18;BIM;1994;121;S;S;C;SEPI;ORB;FM;3.00000002607703;1;0;0;1
TB;ITA;18;BIM;1994;121;S;S;C;SEPO;SPP;FM;6.00000005215406;2;0;0;2
TB;ITA;18;BIM;1994;121;S;S;A;SERA;CAB;FM;37.9999987781048;2;0;0;2
TB;ITA;18;BIM;1994;121;S;S;A;SERA;HEP;FM;9.99999977648258;1;0;0;1
TB;ITA;18;BIM;1994;121;S;S;A;SPAR;PAG;FM;4.00000018998981;1;0;0;1
TB;ITA;18;BIM;1994;121;S;S;A;SPIC;SMA;FM;172.000005841255;15;0;0;15
TB;ITA;18;BIM;1994;121;S;S;A;TRAC;TRA;FM;187.999993562698;17;0;0;17
TB;ITA;18;BIM;1994;121;S;S;A;TRIG;LUC;FM;41.0000011324883;1;0;0;1
TB;ITA;18;BIM;1994;122;S;S;A;ANTO;MEG;FM;26.0000005364418;2;0;0;2
TB;ITA;18;BIM;1994;122;S;S;A;ARNO;LAT;FM;27.0000007003546;3;0;0;3
TB;ITA;18;BIM;1994;122;S;S;A;CEPO;MAC;FM;16.0000007599592;1;0;0;1
TB;ITA;18;BIM;1994;122;S;S;A;CONG;CON;FM;50.0000007450581;1;0;0;1
TB;ITA;18;BIM;1994;122;S;S;C;ELED;MOS;FM;1299.00002479553;8;0;0;8
TB;ITA;18;BIM;1994;122;S;S;A;MERL;MER;FM;416.000008583069;7;5;1;1
TB;ITA;18;BIM;1994;122;S;S;A;MULL;SUR;FM;61.0000006854534;1;1;0;0
TB;ITA;18;BIM;1994;122;S;S;A;SARD;PIL;FM;30.9999994933605;1;0;0;1
TB;ITA;18;BIM;1994;122;S;S;A;SCOH;RHO;FM;368.000000715256;1;0;0;1
TB;ITA;18;BIM;1994;122;S;S;A;SERA;CAB;FM;46.9999983906746;2;0;0;2
TB;ITA;18;BIM;1994;122;S;S;A;SPRA;SPR;FM;23.0000000447035;1;0;0;1
TB;ITA;18;BIM;1994;122;S;S;B;SQUI;MAN;FM;455.000013113022;17;0;0;17
TB;ITA;18;BIM;1994;122;S;S;A;TRAC;TRA;FM;16.0000007599592;1;0;0;1
TB;ITA;18;BIM;1994;123;S;S;A;ARNO;LAT;FM;68.000003695488;10;0;0;10
TB;ITA;18;BIM;1994;123;S;S;A;CEPO;MAC;FM;119.000002741814;7;0;0;7
TB;ITA;18;BIM;1994;123;S;S;A;ENGR;ENC;FM;238.000005483627;20;0;0;20
TB;ITA;18;BIM;1994;123;S;S;A;LEPT;CAV;FM;9.99999977648258;1;0;0;1
TB;ITA;18;BIM;1994;123;S;S;A;MERL;MER;FM;196.999996900558;3;3;0;0
TB;ITA;18;BIM;1994;123;S;S;A;MULL;SUR;FM;74.0000009536743;1;1;0;0
TB;ITA;18;BIM;1994;123;S;S;C;OCTO;SAL;FM;211.999997496605;1;0;0;1
TB;ITA;18;BIM;1994;123;S;S;A;SARD;PIL;FM;337.999999523163;10;0;0;10
TB;ITA;18;BIM;1994;123;S;S;C;SEPI;OFF;FM;280.99998831749;1;0;0;1
TB;ITA;18;BIM;1994;123;S;S;A;SERA;CAB;FM;150.999993085861;6;0;0;6
TB;ITA;18;BIM;1994;123;S;S;A;SERA;HEP;FM;24.0000002086163;3;0;0;3
TB;ITA;18;BIM;1994;123;S;S;A;SPIC;SMA;FM;28.0000008642673;1;0;0;1
TB;ITA;18;BIM;1994;123;S;S;B;SQUI;MAN;FM;286.00001335144;7;0;0;7
TB;ITA;18;BIM;1994;123;S;S;A;TRAC;TRA;FM;50.9999990463257;3;0;0;3
TB;ITA;18;BIM;1994;123;S;S;A;TRAH;DRA;FM;41.9999994337559;1;0;0;1
TB;ITA;18;BIM;1994;124;S;S;C;ALLO;MED;FM;71.0000023245811;19;0;0;19
TB;ITA;18;BIM;1994;124;S;S;A;ARNO;LAT;FM;61.0000006854534;8;0;0;8
TB;ITA;18;BIM;1994;124;S;S;A;BOOP;BOO;FM;515.999972820282;9;0;0;9
TB;ITA;18;BIM;1994;124;S;S;A;CEPO;MAC;FM;252.999991178513;12;0;0;12
TB;ITA;18;BIM;1994;124;S;S;C;ELED;MOS;FM;1319.00000572205;7;0;0;7
TB;ITA;18;BIM;1994;124;S;S;A;ENGR;ENC;FM;71.0000023245811;8;0;0;8
TB;ITA;18;BIM;1994;124;S;S;A;GOBI;FRI;FM;3.00000002607703;2;0;0;2
TB;ITA;18;BIM;1994;124;S;S;A;GOBI;QUA;FM;1.00000004749745;1;0;0;1
TB;ITA;18;BIM;1994;124;S;S;A;LEPT;CAV;FM;1.00000004749745;1;0;0;1
TB;ITA;18;BIM;1994;124;S;S;A;MERL;MER;FM;486.000001430511;11;7;2;2
TB;ITA;18;BIM;1994;124;S;S;A;SARD;PIL;FM;694.000005722046;19;0;0;19
TB;ITA;18;BIM;1994;124;S;S;A;SCOR;NOT;FM;18.9999993890524;1;0;0;1
TB;ITA;18;BIM;1994;124;S;S;A;SERA;CAB;FM;134.00000333786;5;0;0;5
TB;ITA;18;BIM;1994;124;S;S;A;SERA;HEP;FM;101.000003516674;10;0;0;10
TB;ITA;18;BIM;1994;124;S;S;A;SPIC;SMA;FM;32.9999998211861;1;0;0;1
TB;ITA;18;BIM;1994;124;S;S;B;SQUI;MAN;FM;9.99999977648258;1;0;0;1
TB;ITA;18;BIM;1994;124;S;S;A;TRAC;TRA;FM;1243.99995803833;275;0;0;275
TB;ITA;18;BIM;1994;124;S;S;A;TRAH;DRA;FM;14.9999996647239;1;0;0;1
TB;ITA;18;BIM;1994;124;S;S;A;TRIS;CAP;FM;21.9999998807907;2;0;0;2
TB;ITA;18;BIM;1994;125;S;S;C;ALLO;MED;FM;26.0000005364418;17;0;0;17
TB;ITA;18;BIM;1994;125;S;S;A;ARNO;LAT;FM;23.0000000447035;2;0;0;2
TB;ITA;18;BIM;1994;125;S;S;A;BOOP;BOO;FM;48.9999987185001;1;0;0;1
TB;ITA;18;BIM;1994;125;S;S;A;CEPO;MAC;FM;76.9999995827675;4;0;0;4
TB;ITA;18;BIM;1994;125;S;S;C;ELED;MOS;FM;814.999997615814;5;0;0;5
TB;ITA;18;BIM;1994;125;S;S;A;ENGR;ENC;FM;395.000010728836;43;0;0;43
TB;ITA;18;BIM;1994;125;S;S;A;GOBI;FRI;FM;7.00000021606684;3;0;0;3
TB;ITA;18;BIM;1994;125;S;S;A;LEPT;CAV;FM;7.00000021606684;1;0;0;1
TB;ITA;18;BIM;1994;125;S;S;A;MERL;MER;FM;4.99999988824129;1;0;0;1
TB;ITA;18;BIM;1994;125;S;S;A;MULL;BAR;FM;1.00000004749745;1;0;0;1
TB;ITA;18;BIM;1994;125;S;S;A;SARD;PIL;FM;291.000008583069;8;0;0;8
TB;ITA;18;BIM;1994;125;S;S;C;SEPO;SPP;FM;8.99999961256981;2;0;0;2
TB;ITA;18;BIM;1994;125;S;S;A;SERA;CAB;FM;108.999997377396;4;0;0;4
TB;ITA;18;BIM;1994;125;S;S;A;SERA;HEP;FM;37.0000004768372;6;0;0;6
TB;ITA;18;BIM;1994;125;S;S;B;SQUI;MAN;FM;21.9999998807907;1;0;0;1
TB;ITA;18;BIM;1994;125;S;S;A;TRAC;TRA;FM;224.999994039536;52;0;0;52
TB;ITA;18;BIM;1994;126;S;S;C;ALLO;MED;FM;61.999998986721;37;0;0;37
TB;ITA;18;BIM;1994;126;S;S;A;ARNO;LAT;FM;21.9999998807907;7;0;0;7
TB;ITA;18;BIM;1994;126;S;S;A;BOOP;BOO;FM;108.999997377396;2;0;0;2
TB;ITA;18;BIM;1994;126;S;S;A;CALM;MAC;FM;28.0000008642673;14;0;0;14
TB;ITA;18;BIM;1994;126;S;S;A;CEPO;MAC;FM;45.0000017881393;2;0;0;2
TB;ITA;18;BIM;1994;126;S;S;A;CONG;CON;FM;8.00000037997961;1;0;0;1
TB;ITA;18;BIM;1994;126;S;S;C;ELED;CIR;FM;388.999998569489;1;1;0;0
TB;ITA;18;BIM;1994;126;S;S;C;ELED;MOS;FM;517.000019550323;3;0;0;3
TB;ITA;18;BIM;1994;126;S;S;A;ENGR;ENC;FM;4.99999988824129;1;0;0;1
TB;ITA;18;BIM;1994;126;S;S;A;EUTR;GUR;FM;4.99999988824129;1;0;0;1
TB;ITA;18;BIM;1994;126;S;S;A;GOBI;FRI;FM;30.9999994933605;18;0;0;18
TB;ITA;18;BIM;1994;126;S;S;A;LOPH;BUD;FM;508.000016212463;1;1;0;0
TB;ITA;18;BIM;1994;126;S;S;A;MERL;MER;FM;340.000003576279;16;0;0;16
TB;ITA;18;BIM;1994;126;S;S;B;NEPR;NOR;FM;34.000001847744;1;1;0;0
TB;ITA;18;BIM;1994;126;S;S;A;SERA;CAB;FM;37.9999987781048;2;0;0;2
TB;ITA;18;BIM;1994;126;S;S;A;SERA;HEP;FM;8.99999961256981;1;0;0;1
TB;ITA;18;BIM;1994;126;S;S;B;SOLO;MEM;FM;29.9999993294477;11;0;0;11
TB;ITA;18;BIM;1994;126;S;S;A;TRAC;TRA;FM;615.000009536743;124;0;0;124
TB;ITA;18;BIM;1994;126;S;S;A;TRIS;CAP;FM;82.9999968409538;11;1;0;10
TB;ITA;18;BIM;1994;127;S;S;C;ALLO;MED;FM;25.000000372529;22;0;0;22
TB;ITA;18;BIM;1994;127;S;S;A;ANTO;MEG;FM;7.00000021606684;1;0;0;1
TB;ITA;18;BIM;1994;127;S;S;A;ARNO;LAT;FM;52.0000010728836;8;0;0;8
TB;ITA;18;BIM;1994;127;S;S;A;CEPO;MAC;FM;151.999995112419;4;0;0;4
TB;ITA;18;BIM;1994;127;S;S;C;ELED;MOS;FM;407.999992370605;2;0;0;2
TB;ITA;18;BIM;1994;127;S;S;A;ENGR;ENC;FM;65.9999996423721;8;0;0;8
TB;ITA;18;BIM;1994;127;S;S;A;GOBI;FRI;FM;14.9999996647239;9;0;0;9
TB;ITA;18;BIM;1994;127;S;S;C;LOLI;VUL;FM;8.00000037997961;1;0;0;1
TB;ITA;18;BIM;1994;127;S;S;A;MERL;MER;FM;791.000008583069;14;2;8;4
TB;ITA;18;BIM;1994;127;S;S;A;MULL;SUR;FM;35.9999984502792;1;0;1;0
TB;ITA;18;BIM;1994;127;S;S;B;NEPR;NOR;FM;57.9999983310699;1;0;1;0
TB;ITA;18;BIM;1994;127;S;S;A;SARD;PIL;FM;39.0000008046627;1;0;0;1
TB;ITA;18;BIM;1994;127;S;S;A;SCOM;SCO;FM;101.000003516674;1;0;0;1
TB;ITA;18;BIM;1994;127;S;S;C;SEPO;SPP;FM;4.99999988824129;2;0;0;2
TB;ITA;18;BIM;1994;127;S;S;B;SOLO;MEM;FM;3.00000002607703;1;0;0;1
TB;ITA;18;BIM;1994;127;S;S;A;SPIC;SMA;FM;19.9999995529652;1;0;0;1
TB;ITA;18;BIM;1994;127;S;S;A;TRAC;TRA;FM;663.999974727631;119;0;0;119
TB;ITA;18;BIM;1994;127;S;S;A;TRAH;DRA;FM;54.9999997019768;1;0;0;1
TB;ITA;18;BIM;1994;127;S;S;A;TRIP;LAS;FM;50.9999990463257;1;0;0;1
TB;ITA;18;BIM;1994;127;S;S;A;TRIS;CAP;FM;93.0000022053719;9;2;0;7
TB;ITA;18;BIM;1994;128;S;S;C;ALLO;MED;FM;16.0000007599592;10;0;0;10
TB;ITA;18;BIM;1994;128;S;S;A;ARNO;LAT;FM;3.00000002607703;1;0;0;1
TB;ITA;18;BIM;1994;128;S;S;A;CALM;MAC;FM;4.00000018998981;2;0;0;2
TB;ITA;18;BIM;1994;128;S;S;A;CEPO;MAC;FM;72.9999989271164;4;0;0;4
TB;ITA;18;BIM;1994;128;S;S;C;ELED;CIR;FM;2438.99989128113;8;6;2;0
TB;ITA;18;BIM;1994;128;S;S;C;ELED;MOS;FM;289.000004529953;1;0;0;1
TB;ITA;18;BIM;1994;128;S;S;A;ENGR;ENC;FM;17.000000923872;2;0;0;2
TB;ITA;18;BIM;1994;128;S;S;A;EUTR;GUR;FM;9.99999977648258;2;0;0;2
TB;ITA;18;BIM;1994;128;S;S;A;GOBI;FRI;FM;8.00000037997961;5;0;0;5
TB;ITA;18;BIM;1994;128;S;S;A;LOPH;BUD;FM;143.999993801117;3;1.5;0;1.5
TB;ITA;18;BIM;1994;128;S;S;A;MERL;MER;FM;1853.00004482269;25;10;6;9
TB;ITA;18;BIM;1994;128;S;S;A;SERA;HEP;FM;35.9999984502792;3;0;0;3
TB;ITA;18;BIM;1994;128;S;S;A;SPIC;SMA;FM;64.9999976158142;3;0;0;3
TB;ITA;18;BIM;1994;128;S;S;A;TRAC;TRA;FM;1243.99995803833;241;0;0;241
TB;ITA;18;BIM;1994;128;S;S;A;TRIS;CAP;FM;83.9999988675117;5;1;0;4
TB;ITA;18;BIM;1994;129;S;S;C;ALLO;MED;FM;74.0000009536743;22;0;0;22
TB;ITA;18;BIM;1994;129;S;S;A;ANTO;MEG;FM;8.00000037997961;1;0;0;1
TB;ITA;18;BIM;1994;129;S;S;A;ARNO;LAT;FM;68.9999982714653;9;0;0;9
TB;ITA;18;BIM;1994;129;S;S;A;CEPO;MAC;FM;109.999999403954;6;0;0;6
TB;ITA;18;BIM;1994;129;S;S;C;ELED;MOS;FM;256.000012159348;2;0;0;2
TB;ITA;18;BIM;1994;129;S;S;A;ENGR;ENC;FM;8.00000037997961;1;0;0;1
TB;ITA;18;BIM;1994;129;S;S;A;GOBI;FRI;FM;10.9999999403954;4;0;0;4
TB;ITA;18;BIM;1994;129;S;S;A;LEPT;CAV;FM;7.00000021606684;1;0;0;1
TB;ITA;18;BIM;1994;129;S;S;A;MERL;MER;FM;137.999996542931;3;3;0;0
TB;ITA;18;BIM;1994;129;S;S;A;SARD;PIL;FM;737.999975681305;21;0;0;21
TB;ITA;18;BIM;1994;129;S;S;A;SCOR;NOT;FM;12.0000001043081;1;0;0;1
TB;ITA;18;BIM;1994;129;S;S;C;SEPO;SPP;FM;3.00000002607703;1;0;0;1
TB;ITA;18;BIM;1994;129;S;S;A;SERA;CAB;FM;160.999998450279;6;0;0;6
TB;ITA;18;BIM;1994;129;S;S;A;SERA;HEP;FM;37.9999987781048;4;0;0;4
TB;ITA;18;BIM;1994;129;S;S;A;SPIC;SMA;FM;32.0000015199184;1;0;0;1
TB;ITA;18;BIM;1994;129;S;S;B;SQUI;MAN;FM;52.9999993741512;1;0;0;1
TB;ITA;18;BIM;1994;129;S;S;A;TRAC;TRA;FM;892.000019550323;208;1;1;206
TB;ITA;18;BIM;1994;129;S;S;A;URAN;SCA;FM;100.000001490116;1;0;0;1
TB;ITA;18;BIM;1994;130;S;S;C;ALLO;MED;FM;35.9999984502792;30;0;0;30
TB;ITA;18;BIM;1994;130;S;S;A;ANTO;MEG;FM;1.00000004749745;1;0;0;1
TB;ITA;18;BIM;1994;130;S;S;A;ARNO;LAT;FM;14.9999996647239;5;0;0;5
TB;ITA;18;BIM;1994;130;S;S;A;ASPI;CUC;FM;9.99999977648258;2;0;0;2
TB;ITA;18;BIM;1994;130;S;S;A;BOOP;BOO;FM;367.000013589859;8;0;0;8
TB;ITA;18;BIM;1994;130;S;S;A;CALM;MAC;FM;4.99999988824129;3;0;0;3
TB;ITA;18;BIM;1994;130;S;S;A;CEPO;MAC;FM;70.0000002980232;5;0;0;5
TB;ITA;18;BIM;1994;130;S;S;C;ELED;CIR;FM;1406.00001811981;4;4;0;0
TB;ITA;18;BIM;1994;130;S;S;C;ELED;MOS;FM;351.999998092651;2;0;0;2
TB;ITA;18;BIM;1994;130;S;S;A;ENGR;ENC;FM;300.999999046326;25;0;0;25
TB;ITA;18;BIM;1994;130;S;S;A;GOBI;FRI;FM;16.0000007599592;11;0;0;11
TB;ITA;18;BIM;1994;130;S;S;A;MERL;MER;FM;587.999999523163;7;3;2;2
TB;ITA;18;BIM;1994;130;S;S;B;NEPR;NOR;FM;29.9999993294477;1;1;0;0
TB;ITA;18;BIM;1994;130;S;S;A;SARD;PIL;FM;143.00000667572;5;0;0;5
TB;ITA;18;BIM;1994;130;S;S;C;SEPO;SPP;FM;23.0000000447035;3;0;0;3
TB;ITA;18;BIM;1994;130;S;S;A;SERA;CAB;FM;17.9999992251396;1;0;0;1
TB;ITA;18;BIM;1994;130;S;S;A;SPIC;SMA;FM;35.0000001490116;2;0;0;2
TB;ITA;18;BIM;1994;130;S;S;A;TRAC;TRA;FM;6210.00003814697;1361;0;0;1361
TB;ITA;18;BIM;1994;130;S;S;A;TRIS;CAP;FM;72.9999989271164;11;1;0;10
TB;ITA;18;BIM;1994;131;S;S;A;CEPO;MAC;FM;29.9999993294477;1;0;0;1
TB;ITA;18;BIM;1994;131;S;S;C;ELED;CIR;FM;168.999999761581;1;1;0;0
TB;ITA;18;BIM;1994;131;S;S;C;ELED;MOS;FM;168.999999761581;1;0;0;1
TB;ITA;18;BIM;1994;131;S;S;A;EUTR;GUR;FM;4.99999988824129;1;0;0;1
TB;ITA;18;BIM;1994;131;S;S;B;MCPI;DEP;FM;469.999998807907;19;0;0;19
TB;ITA;18;BIM;1994;131;S;S;B;NEPR;NOR;FM;291.000008583069;7;3;4;0
TB;ITA;18;BIM;1994;131;S;S;A;SARD;PIL;FM;87.9999995231628;3;0;0;3
TB;ITA;18;BIM;1994;131;S;S;B;SOLO;MEM;FM;32.0000015199184;12;0;0;12
TB;ITA;18;BIM;1994;131;S;S;A;TRAH;DRA;FM;238.000005483627;2;0;0;2
TB;ITA;18;BIM;1994;132;S;S;A;ALOS;FAL;FM;82.9999968409538;1;0;0;1
TB;ITA;18;BIM;1994;132;S;S;A;ANTO;MEG;FM;8.00000037997961;2;0;0;2
TB;ITA;18;BIM;1994;132;S;S;A;ARGE;SPY;FM;4.99999988824129;1;0;0;1
TB;ITA;18;BIM;1994;132;S;S;A;ARNO;LAT;FM;2.0000000949949;1;0;0;1
TB;ITA;18;BIM;1994;132;S;S;A;CALM;MAC;FM;3.00000002607703;1;0;0;1
TB;ITA;18;BIM;1994;132;S;S;A;CAPO;APE;FM;7.00000021606684;2;0;0;2
TB;ITA;18;BIM;1994;132;S;S;A;CEPO;MAC;FM;37.0000004768372;4;0;0;4
TB;ITA;18;BIM;1994;132;S;S;A;EUTR;GUR;FM;4.00000018998981;1;0;0;1
TB;ITA;18;BIM;1994;132;S;S;A;GOBI;FRI;FM;6.00000005215406;5;0;0;5
TB;ITA;18;BIM;1994;132;S;S;C;ILLE;COI;FM;4.00000018998981;1;0;0;1
TB;ITA;18;BIM;1994;132;S;S;A;LEPM;BOS;FM;57.0000000298023;1;1;0;0
TB;ITA;18;BIM;1994;132;S;S;A;LOPH;BUD;FM;460.00000834465;1;0;1;0
TB;ITA;18;BIM;1994;132;S;S;A;MERL;MER;FM;1600.00002384186;44;12;20;12
TB;ITA;18;BIM;1994;132;S;S;B;PAPE;LON;FM;4.00000018998981;1;0;1;0
TB;ITA;18;BIM;1994;132;S;S;B;PROC;MED;FM;3.00000002607703;1;0;0;1
TB;ITA;18;BIM;1994;132;S;S;A;SERA;HEP;FM;8.00000037997961;2;0;0;2
TB;ITA;18;BIM;1994;132;S;S;A;SPIC;SMA;FM;37.0000004768372;2;0;0;2
TB;ITA;18;BIM;1994;132;S;S;A;TRAC;TRA;FM;193.000003695488;62;0;0;62
TB;ITA;18;BIM;1994;132;S;S;A;TRIS;CAP;FM;483.999997377396;52;5;2;45
TB;ITA;18;BIM;1994;132;S;S;A;URAN;SCA;FM;180.000007152557;1;0;0;1
TB;ITA;18;BIM;1994;133;S;S;C;ALLO;MED;FM;23.0000000447035;7;0;0;7
TB;ITA;18;BIM;1994;133;S;S;A;ALOS;FAL;FM;57.9999983310699;1;0;0;1
TB;ITA;18;BIM;1994;133;S;S;A;ANTO;MEG;FM;48.9999987185001;9;0;0;9
TB;ITA;18;BIM;1994;133;S;S;A;ARGE;SPY;FM;18.9999993890524;3;0;0;3
TB;ITA;18;BIM;1994;133;S;S;A;CALM;MAC;FM;1.00000004749745;1;0;0;1
TB;ITA;18;BIM;1994;133;S;S;A;CAPO;APE;FM;8.99999961256981;4;0;0;4
TB;ITA;18;BIM;1994;133;S;S;A;CONG;CON;FM;293.000012636185;7;0;0;7
TB;ITA;18;BIM;1994;133;S;S;C;ELED;CIR;FM;4940.99998474121;20;5;15;0
TB;ITA;18;BIM;1994;133;S;S;A;EUTR;GUR;FM;4.99999988824129;2;0;0;2
TB;ITA;18;BIM;1994;133;S;S;A;GOBI;FRI;FM;35.9999984502792;25;0;0;25
TB;ITA;18;BIM;1994;133;S;S;A;HELI;DAC;FM;8.99999961256981;1;0;0;1
TB;ITA;18;BIM;1994;133;S;S;A;LEPM;BOS;FM;46.000000089407;1;0;1;0
TB;ITA;18;BIM;1994;133;S;S;A;LEPM;WHS;FM;81.0000002384186;1;0;0;1
TB;ITA;18;BIM;1994;133;S;S;A;LOPH;BUD;FM;777.999997138977;5;3;0;2
TB;ITA;18;BIM;1994;133;S;S;A;LOPH;PIS;FM;1980.99994659424;2;1;1;0
TB;ITA;18;BIM;1994;133;S;S;A;MERL;MER;FM;3148.9999294281;100;37;25;38
TB;ITA;18;BIM;1994;133;S;S;A;MICM;POU;FM;96.000000834465;2;0;0;2
TB;ITA;18;BIM;1994;133;S;S;A;MULL;BAR;FM;814.000010490417;12;9;3;0
TB;ITA;18;BIM;1994;133;S;S;C;OCTO;SAL;FM;421.000003814697;1;0;0;1
TB;ITA;18;BIM;1994;133;S;S;A;PHYI;BLE;FM;17.9999992251396;3;0;0;3
TB;ITA;18;BIM;1994;133;S;S;A;SARD;PIL;FM;46.9999983906746;1;0;0;1
TB;ITA;18;BIM;1994;133;S;S;C;SEPI;ORB;FM;29.9999993294477;4;0;0;4
TB;ITA;18;BIM;1994;133;S;S;C;SEPO;SPP;FM;35.9999984502792;7;0;0;7
TB;ITA;18;BIM;1994;133;S;S;A;SERA;CAB;FM;9.99999977648258;1;0;0;1
TB;ITA;18;BIM;1994;133;S;S;A;SERA;HEP;FM;34.000001847744;4;0;0;4
TB;ITA;18;BIM;1994;133;S;S;A;SPIC;SMA;FM;17.9999992251396;1;0;0;1
TB;ITA;18;BIM;1994;133;S;S;A;SYMP;NIG;FM;23.0000000447035;1;0;0;1
TB;ITA;18;BIM;1994;133;S;S;A;TRAC;TRA;FM;2892.99988746643;347;6;9;332
TB;ITA;18;BIM;1994;133;S;S;A;TRIS;CAP;FM;347.000002861023;20;4;0;16
TB;ITA;18;BIM;1994;134;S;S;C;ALLO;MED;FM;10.9999999403954;2;0;0;2
TB;ITA;18;BIM;1994;134;S;S;A;ARGE;SPY;FM;64.0000030398369;4;0;0;4
TB;ITA;18;BIM;1994;134;S;S;A;BOOP;BOO;FM;120.999999344349;1;0;0;1
TB;ITA;18;BIM;1994;134;S;S;A;CONG;CON;FM;291.000008583069;7;0;0;7
TB;ITA;18;BIM;1994;134;S;S;C;ELED;CIR;FM;3753.00002098083;23;7;16;0
TB;ITA;18;BIM;1994;134;S;S;A;EUTR;GUR;FM;14.0000004321337;3;0;0;3
TB;ITA;18;BIM;1994;134;S;S;A;HELI;DAC;FM;50.9999990463257;3;0;0;3
TB;ITA;18;BIM;1994;134;S;S;C;ILLE;COI;FM;116.999998688698;1;1;0;0
TB;ITA;18;BIM;1994;134;S;S;A;LOPH;BUD;FM;1779.99997138977;10;0;7;3
TB;ITA;18;BIM;1994;134;S;S;A;LOPH;PIS;FM;1889.99998569489;2;2;0;0
TB;ITA;18;BIM;1994;134;S;S;A;MERL;MER;FM;1613.9999628067;59;15;11;33
TB;ITA;18;BIM;1994;134;S;S;A;MULL;BAR;FM;203.999996185303;2;2;0;0
TB;ITA;18;BIM;1994;134;S;S;C;OCTO;SAL;FM;370.000004768372;2;0;0;2
TB;ITA;18;BIM;1994;134;S;S;A;PHYI;BLE;FM;35.0000001490116;3;0;0;3
TB;ITA;18;BIM;1994;134;S;S;B;POLC;TYP;FM;3.00000002607703;1;0;0;1
TB;ITA;18;BIM;1994;134;S;S;C;SEPI;ORB;FM;48.0000004172325;5;0;0;5
TB;ITA;18;BIM;1994;134;S;S;C;SEPO;SPP;FM;64.0000030398369;7;0;0;7
TB;ITA;18;BIM;1994;134;S;S;A;SERA;CAB;FM;65.9999996423721;2;0;0;2
TB;ITA;18;BIM;1994;134;S;S;A;SPIC;SMA;FM;50.0000007450581;2;0;0;2
TB;ITA;18;BIM;1994;134;S;S;C;TODI;EBL;FM;86.9999974966049;1;0;0;1
TB;ITA;18;BIM;1994;134;S;S;A;TRAC;TRA;FM;799.000024795532;156;0;0;156
TB;ITA;18;BIM;1994;134;S;S;A;TRIS;CAP;FM;472.99998998642;21;8;1;12
TB;ITA;18;BIM;1994;135;S;S;C;ALLO;MED;FM;14.9999996647239;6;0;0;6
TB;ITA;18;BIM;1994;135;S;S;A;ALOS;FAL;FM;174.999997019768;2;0;0;2
TB;ITA;18;BIM;1994;135;S;S;A;ANTO;MEG;FM;6.00000005215406;1;0;0;1
TB;ITA;18;BIM;1994;135;S;S;A;ARNO;LAT;FM;4.99999988824129;1;0;0;1
TB;ITA;18;BIM;1994;135;S;S;A;BOOP;BOO;FM;100.000001490116;1;0;0;1
TB;ITA;18;BIM;1994;135;S;S;A;CALM;MAC;FM;18.9999993890524;7;0;0;7
TB;ITA;18;BIM;1994;135;S;S;A;CAPO;APE;FM;4.00000018998981;1;0;0;1
TB;ITA;18;BIM;1994;135;S;S;A;CEPO;MAC;FM;112.999998033047;9;0;0;9
TB;ITA;18;BIM;1994;135;S;S;C;ELED;CIR;FM;2838.99998664856;12;7;5;0
TB;ITA;18;BIM;1994;135;S;S;A;ENGR;ENC;FM;115.99999666214;7;0;0;7
TB;ITA;18;BIM;1994;135;S;S;A;EUTR;GUR;FM;8.99999961256981;1;0;0;1
TB;ITA;18;BIM;1994;135;S;S;A;GOBI;FRI;FM;4.00000018998981;3;0;0;3
TB;ITA;18;BIM;1994;135;S;S;C;ILLE;COI;FM;17.9999992251396;2;0;0;2
TB;ITA;18;BIM;1994;135;S;S;A;LOPH;BUD;FM;68.9999982714653;1;0;0;1
TB;ITA;18;BIM;1994;135;S;S;A;MERL;MER;FM;2023.00000190735;36;15;17;4
TB;ITA;18;BIM;1994;135;S;S;A;PHYI;BLE;FM;7.00000021606684;1;0;0;1
TB;ITA;18;BIM;1994;135;S;S;B;PLES;MAR;FM;3.00000002607703;1;0;0;1
TB;ITA;18;BIM;1994;135;S;S;A;SERA;HEP;FM;24.0000002086163;3;0;0;3
TB;ITA;18;BIM;1994;135;S;S;A;SPIC;SMA;FM;32.0000015199184;1;0;0;1
TB;ITA;18;BIM;1994;135;S;S;A;TRAC;MED;FM;222.000002861023;1;0;1;0
TB;ITA;18;BIM;1994;135;S;S;A;TRAC;TRA;FM;927.999973297119;201;0;0;201
TB;ITA;18;BIM;1994;135;S;S;A;TRIS;CAP;FM;70.0000002980232;12;0;0;12
TB;ITA;18;BIM;1994;136;S;S;A;ALOS;FAL;FM;74.0000009536743;1;0;0;1
TB;ITA;18;BIM;1994;136;S;S;A;ARGE;SPY;FM;16.0000007599592;1;0;0;1
TB;ITA;18;BIM;1994;136;S;S;A;ARNO;LAT;FM;24.0000002086163;1;0;0;1
TB;ITA;18;BIM;1994;136;S;S;A;BOOP;BOO;FM;195.999994874001;2;0;0;2
TB;ITA;18;BIM;1994;136;S;S;A;CAPO;APE;FM;4.99999988824129;2;0;0;2
TB;ITA;18;BIM;1994;136;S;S;A;CEPO;MAC;FM;228.000000119209;17;0;0;17
TB;ITA;18;BIM;1994;136;S;S;C;ELED;CIR;FM;3901.99995040894;17;5;11;1
TB;ITA;18;BIM;1994;136;S;S;A;ENGR;ENC;FM;273.000001907349;16;0;0;16
TB;ITA;18;BIM;1994;136;S;S;A;EUTR;GUR;FM;2.0000000949949;1;0;0;1
TB;ITA;18;BIM;1994;136;S;S;A;GOBI;FRI;FM;6.00000005215406;5;0;0;5
TB;ITA;18;BIM;1994;136;S;S;A;HELI;DAC;FM;18.9999993890524;1;0;0;1
TB;ITA;18;BIM;1994;136;S;S;C;ILLE;COI;FM;18.9999993890524;2;0;0;2
TB;ITA;18;BIM;1994;136;S;S;A;LEPM;BOS;FM;340.999990701675;2;1;1;0
TB;ITA;18;BIM;1994;136;S;S;A;LOPH;BUD;FM;509.999990463257;5;3;0;2
TB;ITA;18;BIM;1994;136;S;S;A;MERL;MER;FM;1246.00005149841;35;9;11;15
TB;ITA;18;BIM;1994;136;S;S;A;MICM;POU;FM;14.0000004321337;2;0;0;2
TB;ITA;18;BIM;1994;136;S;S;B;NEPR;NOR;FM;28.0000008642673;1;1;0;0
TB;ITA;18;BIM;1994;136;S;S;C;ROSS;MAC;FM;57.0000000298023;2;0;0;2
TB;ITA;18;BIM;1994;136;S;S;C;SEPO;SPP;FM;6.00000005215406;2;0;0;2
TB;ITA;18;BIM;1994;136;S;S;A;SERA;HEP;FM;12.0000001043081;2;0;0;2
TB;ITA;18;BIM;1994;136;S;S;A;SPIC;SMA;FM;17.9999992251396;1;0;0;1
TB;ITA;18;BIM;1994;136;S;S;C;TODA;SAG;FM;30.9999994933605;1;0;0;1
TB;ITA;18;BIM;1994;136;S;S;A;TRAC;TRA;FM;1504.99999523163;251;0;0;251
TB;ITA;18;BIM;1994;136;S;S;A;TRAH;DRA;FM;372.000008821487;2;0;0;2
TB;ITA;18;BIM;1994;136;S;S;A;TRIS;CAP;FM;395.000010728836;28;4;1;23
TB;ITA;18;BIM;1994;137;S;S;A;ARGE;SPY;FM;14.0000004321337;2;0;0;2
TB;ITA;18;BIM;1994;137;S;S;A;ASPI;CUC;FM;90.0000035762787;4;0;0;4
TB;ITA;18;BIM;1994;137;S;S;A;CAPO;APE;FM;4.00000018998981;1;0;0;1
TB;ITA;18;BIM;1994;137;S;S;C;ELED;CIR;FM;1483.99996757507;7;2;5;0
TB;ITA;18;BIM;1994;137;S;S;A;GOBI;FRI;FM;2.0000000949949;2;0;0;2
TB;ITA;18;BIM;1994;137;S;S;A;HELI;DAC;FM;67.0000016689301;3;0;0;3
TB;ITA;18;BIM;1994;137;S;S;A;LOPH;BUD;FM;247.999995946884;1;0;1;0
TB;ITA;18;BIM;1994;137;S;S;A;MERL;MER;FM;67.0000016689301;4;0;0;4
TB;ITA;18;BIM;1994;137;S;S;A;MULL;BAR;FM;352.999985218048;6;4;2;0
TB;ITA;18;BIM;1994;137;S;S;A;MULL;SUR;FM;32.9999998211861;1;0;1;0
TB;ITA;18;BIM;1994;137;S;S;C;ROSS;MAC;FM;41.0000011324883;1;0;0;1
TB;ITA;18;BIM;1994;137;S;S;A;SARD;PIL;FM;145.999997854233;3;0;0;3
TB;ITA;18;BIM;1994;137;S;S;A;TRAC;TRA;FM;572.000026702881;175;0;0;175
TB;ITA;18;BIM;1994;137;S;S;A;TRIS;CAP;FM;116.999998688698;3;1;2;0
TB;ITA;18;BIM;1994;137;S;S;A;ZEUS;FAB;FM;114.000000059605;1;0;1;0
TB;ITA;18;BIM;1994;138;S;S;A;CALM;MAC;FM;3.00000002607703;1;0;0;1
TB;ITA;18;BIM;1994;138;S;S;C;ELED;CIR;FM;2246.00005149841;11;6;5;0
TB;ITA;18;BIM;1994;138;S;S;A;ENGR;ENC;FM;270.000010728836;18;0;0;18
TB;ITA;18;BIM;1994;138;S;S;A;GOBI;FRI;FM;6.00000005215406;4;0;0;4
TB;ITA;18;BIM;1994;138;S;S;A;HELI;DAC;FM;61.0000006854534;1;0;0;1
TB;ITA;18;BIM;1994;138;S;S;A;LOPH;BUD;FM;245.000004768372;1;0;1;0
TB;ITA;18;BIM;1994;138;S;S;A;MERL;MER;FM;100.000001490116;5;1;2;2
TB;ITA;18;BIM;1994;138;S;S;A;SARD;PIL;FM;131.999999284744;3;0;0;3
TB;ITA;18;BIM;1994;138;S;S;A;TRAC;TRA;FM;326.00000500679;80;0;0;80
TB;ITA;18;BIM;1994;138;S;S;A;TRIS;CAP;FM;52.9999993741512;5;1;1;3
TB;ITA;18;BIM;1994;139;S;S;A;ARGE;SPY;FM;435.000002384186;29;0;0;29
TB;ITA;18;BIM;1994;139;S;S;A;ARNO;RUP;FM;41.0000011324883;4;0;0;4
TB;ITA;18;BIM;1994;139;S;S;A;ASPI;CUC;FM;6199.99980926514;135;0;0;135
TB;ITA;18;BIM;1994;139;S;S;A;CONG;CON;FM;300.000011920929;1;0;0;1
TB;ITA;18;BIM;1994;139;S;S;C;ELED;CIR;FM;3114.00008201599;9;4;5;0
TB;ITA;18;BIM;1994;139;S;S;A;HELI;DAC;FM;398.000001907349;11;0;0;11
TB;ITA;18;BIM;1994;139;S;S;C;ILLE;COI;FM;182.99999833107;3;0;1;2
TB;ITA;18;BIM;1994;139;S;S;A;LEPI;CAU;FM;6500;68;0;0;68
TB;ITA;18;BIM;1994;139;S;S;A;LEPM;BOS;FM;46.000000089407;4;4;0;0
TB;ITA;18;BIM;1994;139;S;S;A;LEPT;CAV;FM;21.9999998807907;1;0;0;1
TB;ITA;18;BIM;1994;139;S;S;A;LOPH;BUD;FM;2940.00005722046;2;2;0;0
TB;ITA;18;BIM;1994;139;S;S;A;LOPH;PIS;FM;2283.99991989136;2;2;0;0
TB;ITA;18;BIM;1994;139;S;S;A;MERL;MER;FM;1656.99994564056;167;12;8;147
TB;ITA;18;BIM;1994;139;S;S;A;MICM;POU;FM;21.9999998807907;8;0;0;8
TB;ITA;18;BIM;1994;139;S;S;A;MULL;SUR;FM;27.0000007003546;1;0;1;0
TB;ITA;18;BIM;1994;139;S;S;C;OCTO;SAL;FM;400.999993085861;5;0;0;5
TB;ITA;18;BIM;1994;139;S;S;A;RAJA;AST;FM;509.00000333786;1;0;0;1
TB;ITA;18;BIM;1994;139;S;S;A;RAJA;MON;FM;3604.00009155273;14;0;0;14
TB;ITA;18;BIM;1994;139;S;S;C;SEPO;SPP;FM;10.9999999403954;1;0;0;1
TB;ITA;18;BIM;1994;139;S;S;A;SQUA;ACA;FM;1924.99995231628;1;0;0;1
TB;ITA;18;BIM;1994;139;S;S;C;TODI;EBL;FM;1498.99995326996;11;0;0;11
TB;ITA;18;BIM;1994;139;S;S;A;TRAC;TRA;FM;2.0000000949949;1;0;0;1
TB;ITA;18;BIM;1994;139;S;S;A;TRIG;LYR;FM;72.9999989271164;1;0;0;1
TB;ITA;18;BIM;1994;140;S;S;A;ARGE;SPY;FM;52.9999993741512;2;0;0;2
TB;ITA;18;BIM;1994;140;S;S;A;ARNO;RUP;FM;115.99999666214;6;0;0;6
TB;ITA;18;BIM;1994;140;S;S;A;ASPI;CUC;FM;157.000005245209;2;0;0;2
TB;ITA;18;BIM;1994;140;S;S;C;ELED;CIR;FM;257.999986410141;1;1;0;0
TB;ITA;18;BIM;1994;140;S;S;A;HELI;DAC;FM;1503.00002098083;39;0;0;39
TB;ITA;18;BIM;1994;140;S;S;C;ILLE;COI;FM;150.000005960464;1;0;1;0
TB;ITA;18;BIM;1994;140;S;S;A;LEPI;CAU;FM;11699.9998092651;279;0;0;279
TB;ITA;18;BIM;1994;140;S;S;A;LEPM;WHS;FM;202.000007033348;1;0;0;1
TB;ITA;18;BIM;1994;140;S;S;A;LOPH;BUD;FM;2721.99988365173;1;1;0;0
TB;ITA;18;BIM;1994;140;S;S;A;MERL;MER;FM;1735.99994182587;13;6;4;3
TB;ITA;18;BIM;1994;140;S;S;A;MICM;POU;FM;160.999998450279;4;0;1;3
TB;ITA;18;BIM;1994;140;S;S;C;OCTO;SAL;FM;223.000004887581;2;0;0;2
TB;ITA;18;BIM;1994;140;S;S;A;PHYI;BLE;FM;906.000018119812;4;3;1;0
TB;ITA;18;BIM;1994;140;S;S;C;ROSS;MAC;FM;82.0000022649765;1;0;0;1
TB;ITA;18;BIM;1994;140;S;S;A;SCOR;NOT;FM;26.0000005364418;2;0;0;2
TB;ITA;18;BIM;1994;140;S;S;C;TODI;EBL;FM;307.000011205673;2;0;0;2
TB;ITA;18;BIM;1994;140;S;S;A;TRAC;TRA;FM;4559.99994277954;14;10;3;1
TB;ITA;18;BIM;1994;141;S;S;A;ARGE;SPY;FM;456.999987363815;25;0;0;25
TB;ITA;18;BIM;1994;141;S;S;A;ARNO;RUP;FM;64.0000030398369;3;0;0;3
TB;ITA;18;BIM;1994;141;S;S;A;ASPI;CUC;FM;2380.00011444092;40;0;0;40
TB;ITA;18;BIM;1994;141;S;S;A;CAPO;APE;FM;79.0000036358833;1;0;0;1
TB;ITA;18;BIM;1994;141;S;S;C;ELED;CIR;FM;4467.99993515015;10;10;0;0
TB;ITA;18;BIM;1994;141;S;S;A;HELI;DAC;FM;4544.00014877319;43;0;0;43
TB;ITA;18;BIM;1994;141;S;S;A;LEPM;BOS;FM;303.000003099442;2;2;0;0
TB;ITA;18;BIM;1994;141;S;S;A;LEPM;WHS;FM;607.999980449677;3;0;0;3
TB;ITA;18;BIM;1994;141;S;S;A;LOPH;PIS;FM;1559.99994277954;1;0;1;0
TB;ITA;18;BIM;1994;141;S;S;A;MERL;MER;FM;2588.00005912781;51;23;16;12
TB;ITA;18;BIM;1994;141;S;S;A;MULL;SUR;FM;444.999992847443;5;1;4;0
TB;ITA;18;BIM;1994;141;S;S;C;OCTO;SAL;FM;236.000001430511;1;0;0;1
TB;ITA;18;BIM;1994;141;S;S;A;PAGE;ACA;FM;1756.00004196167;11;1;10;0
TB;ITA;18;BIM;1994;141;S;S;A;PHYI;BLE;FM;166.999995708466;1;0;1;0
TB;ITA;18;BIM;1994;141;S;S;A;RAJA;MON;FM;4650.00009536743;7;0;0;7
TB;ITA;18;BIM;1994;141;S;S;C;TODI;EBL;FM;574.000000953674;4;0;0;4
TB;ITA;18;BIM;1994;141;S;S;A;TRAC;TRA;FM;328.999996185303;1;1;0;0
TB;ITA;18;BIM;1994;141;S;S;A;TRIG;LYR;FM;189.999997615814;2;0;0;2
TB;ITA;18;BIM;1994;141;S;S;A;TRIS;CAP;FM;52.0000010728836;2;0;2;0
TB;ITA;18;BIM;1994;142;S;S;A;ANTO;MEG;FM;14.0000004321337;2;0;0;2
TB;ITA;18;BIM;1994;142;S;S;A;ARGE;SPY;FM;1669.99995708466;108;0;0;108
TB;ITA;18;BIM;1994;142;S;S;A;ARNO;RUP;FM;358.000010251999;28;0;0;28
TB;ITA;18;BIM;1994;142;S;S;A;ASPI;CUC;FM;1143.00000667572;22;0;0;22
TB;ITA;18;BIM;1994;142;S;S;A;CALL;RUB;FM;126.000002026558;3;0;0;3
TB;ITA;18;BIM;1994;142;S;S;A;CALM;MAC;FM;17.000000923872;5;0;0;5
TB;ITA;18;BIM;1994;142;S;S;A;CAPO;APE;FM;1337.00001239777;33;0;0;33
TB;ITA;18;BIM;1994;142;S;S;B;CHLO;GRA;FM;7.00000021606684;2;0;0;2
TB;ITA;18;BIM;1994;142;S;S;A;CONG;CON;FM;61.0000006854534;1;0;0;1
TB;ITA;18;BIM;1994;142;S;S;C;ELED;CIR;FM;4968.9998626709;14;8;6;0
TB;ITA;18;BIM;1994;142;S;S;A;GADI;ARG;FM;12.0000001043081;4;0;0;4
TB;ITA;18;BIM;1994;142;S;S;A;GLOS;LEI;FM;2799.00002479553;327;0;0;327
TB;ITA;18;BIM;1994;142;S;S;A;GOBI;FRI;FM;2.0000000949949;1;0;0;1
TB;ITA;18;BIM;1994;142;S;S;A;HELI;DAC;FM;16794.0006256104;236;0;0;236
TB;ITA;18;BIM;1994;142;S;S;C;ILLE;COI;FM;435.000002384186;4;0;4;0
TB;ITA;18;BIM;1994;142;S;S;A;LAPP;FAS;FM;555.999994277954;9;0;0;9
TB;ITA;18;BIM;1994;142;S;S;A;LEPI;CAU;FM;12000;22;0;0;22
TB;ITA;18;BIM;1994;142;S;S;A;LEPM;BOS;FM;119.000002741814;6;3;3;0
TB;ITA;18;BIM;1994;142;S;S;A;LOPH;BUD;FM;19.9999995529652;1;0;0;1
TB;ITA;18;BIM;1994;142;S;S;A;MACO;SCO;FM;363.999992609024;19;0;0;19
TB;ITA;18;BIM;1994;142;S;S;A;MERL;MER;FM;4017.00019836426;117;18;4;95
TB;ITA;18;BIM;1994;142;S;S;A;MULL;SUR;FM;609.000027179718;1;1;0;0
TB;ITA;18;BIM;1994;142;S;S;C;OCTO;SAL;FM;1343.99998188019;6;0;0;6
TB;ITA;18;BIM;1994;142;S;S;A;PAGE;ACA;FM;83.9999988675117;1;0;1;0
TB;ITA;18;BIM;1994;142;S;S;B;PAPE;LON;FM;90.999998152256;22;10;12;0
TB;ITA;18;BIM;1994;142;S;S;B;PLES;HET;FM;1.00000004749745;1;0;0;1
TB;ITA;18;BIM;1994;142;S;S;A;SCOR;ELO;FM;11107.9998016357;21;0;0;21
TB;ITA;18;BIM;1994;142;S;S;A;SCYO;CAN;FM;365.99999666214;2;0;0;2
TB;ITA;18;BIM;1994;142;S;S;C;SEPO;SPP;FM;45.0000017881393;1;0;0;1
TB;ITA;18;BIM;1994;142;S;S;A;SYMP;NIG;FM;41.9999994337559;5;0;0;5
TB;ITA;18;BIM;1994;142;S;S;C;TODI;EBL;FM;1159.9999666214;9;0;0;9
TB;ITA;18;BIM;1994;142;S;S;A;TRIG;LYR;FM;50.0000007450581;1;0;0;1
TB;ITA;18;BIM;1994;142;S;S;A;TRIS;CAP;FM;90.999998152256;2;1;0;1
TB;ITA;18;BIM;1994;143;S;S;B;ARIS;FOL;FM;79.9999982118607;5;3;2;0
TB;ITA;18;BIM;1994;143;S;S;A;CHIM;MON;FM;6401.00002288818;15;0;0;15
TB;ITA;18;BIM;1994;143;S;S;A;EPIG;DEN;FM;37.9999987781048;12;0;0;12
TB;ITA;18;BIM;1994;143;S;S;A;ETMO;SPI;FM;131.999999284744;7;0;0;7
TB;ITA;18;BIM;1994;143;S;S;A;GALU;MEL;FM;6014.9998664856;22;0;0;22
TB;ITA;18;BIM;1994;143;S;S;B;GERY;LON;FM;537.999987602234;5;0;0;5
TB;ITA;18;BIM;1994;143;S;S;A;HELI;DAC;FM;1562.00003623962;13;0;0;13
TB;ITA;18;BIM;1994;143;S;S;C;HIST;BON;FM;986.999988555908;6;0;0;6
TB;ITA;18;BIM;1994;143;S;S;A;HOPL;MED;FM;238.999992609024;2;0;0;2
TB;ITA;18;BIM;1994;143;S;S;A;HYME;ITA;FM;85.0000008940697;19;0;0;19
TB;ITA;18;BIM;1994;143;S;S;A;LEPM;BOS;FM;168.999999761581;1;1;0;0
TB;ITA;18;BIM;1994;143;S;S;A;MERL;MER;FM;5456.99977874756;6;5;1;0
TB;ITA;18;BIM;1994;143;S;S;B;NEPR;NOR;FM;628.000020980835;15;8;7;0
TB;ITA;18;BIM;1994;143;S;S;A;NEZU;SCL;FM;1335.00003814697;99;0;0;99
TB;ITA;18;BIM;1994;143;S;S;B;PAPE;LON;FM;16.0000007599592;1;0;1;0
TB;ITA;18;BIM;1994;143;S;S;A;PHYI;BLE;FM;1156.00001811981;6;6;0;0
TB;ITA;18;BIM;1994;143;S;S;B;PLES;MAR;FM;625;87;0;0;87
TB;ITA;18;BIM;1994;143;S;S;C;SEPO;SPP;FM;8.00000037997961;1;0;0;1
TB;ITA;18;BIM;1994;143;S;S;A;SYMP;NIG;FM;4.00000018998981;1;0;0;1
TB;ITA;18;BIM;1994;143;S;S;C;TODA;SAG;FM;1143.00000667572;2;0;0;2
TB;ITA;18;BIM;1994;143;S;S;A;TRAR;TRA;FM;324.000000953674;14;0;0;14
TB;ITA;18;BIM;1994;144;S;S;A;CHIM;MON;FM;2888.99993896484;3;0;0;3
TB;ITA;18;BIM;1994;144;S;S;A;EPIG;DEN;FM;3.00000002607703;1;0;0;1
TB;ITA;18;BIM;1994;144;S;S;A;HELI;DAC;FM;105.999998748302;1;0;0;1
TB;ITA;18;BIM;1994;144;S;S;C;HIST;BON;FM;462.999999523163;1;0;0;1
TB;ITA;18;BIM;1994;144;S;S;A;HYME;ITA;FM;10.9999999403954;2;0;0;2
TB;ITA;18;BIM;1994;144;S;S;A;MERL;MER;FM;2967.00000762939;3;2;1;0
TB;ITA;18;BIM;1994;144;S;S;A;NEZU;SCL;FM;71.0000023245811;3;0;0;3
TB;ITA;18;BIM;1994;144;S;S;B;PLES;MAR;FM;9.99999977648258;1;0;0;1
TB;ITA;18;BIM;1994;145;S;S;A;CHIM;MON;FM;3434.99994277954;5;0;0;5
TB;ITA;18;BIM;1994;145;S;S;A;COEL;COE;FM;2503.00002098083;24;0;0;24
TB;ITA;18;BIM;1994;145;S;S;A;EPIG;DEN;FM;14.0000004321337;2;0;0;2
TB;ITA;18;BIM;1994;145;S;S;A;ETMO;SPI;FM;159.999996423721;2;0;0;2
TB;ITA;18;BIM;1994;145;S;S;A;GADI;ARG;FM;2073.99988174438;7;0;0;7
TB;ITA;18;BIM;1994;145;S;S;A;HELI;DAC;FM;7414.99996185303;39;0;0;39
TB;ITA;18;BIM;1994;145;S;S;A;HOPL;MED;FM;1667.00005531311;19;0;0;19
TB;ITA;18;BIM;1994;145;S;S;A;MERL;MER;FM;2184.99994277954;2;2;0;0
TB;ITA;18;BIM;1994;145;S;S;B;NEPR;NOR;FM;395.000010728836;7;1;6;0
TB;ITA;18;BIM;1994;145;S;S;A;NEZU;SCL;FM;643.999993801117;29;0;0;29
TB;ITA;18;BIM;1994;145;S;S;A;PAGE;BOG;FM;816.999971866608;2;1;0;1
TB;ITA;18;BIM;1994;145;S;S;B;PASI;MUL;FM;6.00000005215406;1;0;0;1
TB;ITA;18;BIM;1994;145;S;S;A;PHYI;BLE;FM;300.000011920929;1;1;0;0
TB;ITA;18;BIM;1994;145;S;S;B;PLES;MAR;FM;312.999993562698;37;0;0;37
TB;ITA;18;BIM;1994;146;S;S;B;ARIS;FOL;FM;43.9999997615814;2;1;1;0
TB;ITA;18;BIM;1994;146;S;S;A;CHIM;MON;FM;10680.9997558594;40;0;0;40
TB;ITA;18;BIM;1994;146;S;S;A;CLOR;AGA;FM;16.0000007599592;8;0;0;8
TB;ITA;18;BIM;1994;146;S;S;A;COEL;COE;FM;4370.99981307983;68;0;0;68
TB;ITA;18;BIM;1994;146;S;S;A;ETMO;SPI;FM;819.000005722046;17;0;0;17
TB;ITA;18;BIM;1994;146;S;S;A;GALU;MEL;FM;8246.99974060059;27;0;0;27
TB;ITA;18;BIM;1994;146;S;S;A;GOBI;FRI;FM;4.99999988824129;1;0;0;1
TB;ITA;18;BIM;1994;146;S;S;A;HELI;DAC;FM;16753.0002593994;83;0;0;83
TB;ITA;18;BIM;1994;146;S;S;A;HOPL;MED;FM;10071.0000991821;112;0;0;112
TB;ITA;18;BIM;1994;146;S;S;A;HYME;ITA;FM;10.9999999403954;1;0;0;1
TB;ITA;18;BIM;1994;146;S;S;A;LOPH;BUD;FM;460.00000834465;1;0;1;0
TB;ITA;18;BIM;1994;146;S;S;A;LOPH;PIS;FM;18659.9998474121;2;2;0;0
TB;ITA;18;BIM;1994;146;S;S;A;MERL;MER;FM;21497.9991912842;15;14;1;0
TB;ITA;18;BIM;1994;146;S;S;A;MICM;POU;FM;2065.99998474121;6;3;3;0
TB;ITA;18;BIM;1994;146;S;S;B;NEPR;NOR;FM;861.000001430511;26;12;14;0
TB;ITA;18;BIM;1994;146;S;S;A;NEZU;SCL;FM;2315.99998474121;103;0;0;103
TB;ITA;18;BIM;1994;146;S;S;A;PAGE;BOG;FM;282.000005245209;1;1;0;0
TB;ITA;18;BIM;1994;146;S;S;A;PHYI;BLE;FM;1766.00003242493;3;3;0;0
TB;ITA;18;BIM;1994;146;S;S;B;PLES;HET;FM;3.00000002607703;1;0;0;1
TB;ITA;18;BIM;1994;146;S;S;B;PLES;MAR;FM;81.0000002384186;15;0;0;15
TB;ITA;18;BIM;1994;146;S;S;A;TRAR;TRA;FM;17.000000923872;1;0;0;1
