TYPE_OF_FILE;COUNTRY;AREA;VESSEL;YEAR;MONTH;DAY;HAUL_NUMBER;LITTER_CATEGORY;LITTER_SUB-CATEGORY;TOTAL_WEIGHT_IN_THE_HAUL_CATEGORY;TOTAL_NUMBER_IN_THE_HAUL_CATEGORY;TOTAL_WEIGHT_IN_THE_HAUL_SUB-CATEGORY;TOTAL_NUMBER_IN_THE_HAUL_SUB-CATEGORY;NOTE
TL;MON;18;PEC;2013;7;21;173;L1;A;680;4;30;1;
TL;MON;18;PEC;2013;7;21;173;L1;B;680;4;620;2;
TL;MON;18;PEC;2013;7;21;173;L1;C;680;4;30;1;
TL;MON;18;PEC;2013;7;21;172;L1;A;890;12;450;7;
TL;MON;18;PEC;2013;7;21;172;L1;B;890;12;160;1;
TL;MON;18;PEC;2013;7;21;172;L1;C;890;12;280;4;
TL;MON;18;PEC;2013;7;21;172;L3;A;40;1;40;1;
TL;MON;18;PEC;2013;7;21;172;L4;B;360;1;360;1;
TL;MON;18;PEC;2013;7;21;171;L1;A;9190;38;2400;8;
TL;MON;18;PEC;2013;7;21;171;L1;B;9190;38;6500;25;
TL;MON;18;PEC;2013;7;21;171;L1;C;9190;38;120;4;
TL;MON;18;PEC;2013;7;21;171;L1;E;9190;38;170;1;
TL;MON;18;PEC;2013;7;21;171;L4;A;300;2;300;2;
TL;MON;18;PEC;2013;7;21;171;L5;A;600;2;600;2;
TL;MON;18;PEC;2013;7;21;171;L8;0;400;1;400;1;spugna
TL;MON;18;PEC;2013;7;21;174;L1;A;660;5;20;2;
TL;MON;18;PEC;2013;7;21;174;L1;B;660;5;640;3;
TL;MON;18;PEC;2013;7;21;174;L8;0;50;1;50;1;spugna
TL;MON;18;PEC;2013;7;22;180;L1;A;220;3;140;1;
TL;MON;18;PEC;2013;7;22;180;L1;B;220;3;80;2;
TL;MON;18;PEC;2013;7;22;178;L1;A;780;7;420;5;
TL;MON;18;PEC;2013;7;22;178;L1;B;780;7;360;2;
TL;MON;18;PEC;2013;7;22;178;L3;A;20;1;20;1;
TL;MON;18;PEC;2013;7;22;179;L1;B;80;2;80;2;
TL;MON;18;PEC;2013;7;22;179;L5;D;30;1;30;1;assorbenti igienici
TL;MON;18;PEC;2013;7;22;177;L0;0;0;0;0;0;
TL;MON;18;PEC;2013;7;22;176;L1;A;140;5;40;2;
TL;MON;18;PEC;2013;7;22;176;L1;B;140;5;80;2;
TL;MON;18;PEC;2013;7;22;176;L1;E;140;5;20;1;
TL;MON;18;PEC;2013;7;22;175;L1;A;3140;21;200;4;
TL;MON;18;PEC;2013;7;22;175;L1;B;3140;21;2600;13;
TL;MON;18;PEC;2013;7;22;175;L1;C;3140;21;140;3;
TL;MON;18;PEC;2013;7;22;175;L1;E;3140;21;200;1;
TL;MON;18;PEC;2013;7;22;175;L3;A;60;2;60;2;
TL;ITA;18;PEC;2013;7;29;100;L3;E;1500;1;1500;1;cavi di acciaio
TL;ITA;18;PEC;2013;7;29;105;L1;A;290;7;130;5;
TL;ITA;18;PEC;2013;7;29;105;L1;B;290;7;110;1;
TL;ITA;18;PEC;2013;7;29;105;L1;C;290;7;50;1;
TL;ITA;18;PEC;2013;7;29;137;L1;A;20;1;20;1;
TL;ITA;18;PEC;2013;7;29;138;L1;A;60;3;60;3;
TL;ITA;18;PEC;2013;7;29;138;L4;A;20;1;20;1;
TL;ITA;18;PEC;2013;7;29;148;L0;0;0;0;0;0;
TL;ITA;18;PEC;2013;7;29;147;L1;A;100;2;100;2;
TL;ITA;18;PEC;2013;7;29;129;L1;B;55;2;55;2;
TL;ITA;18;PEC;2013;7;30;145;L1;A;60;2;45;1;
TL;ITA;18;PEC;2013;7;30;145;L1;C;60;2;15;1;
TL;ITA;18;PEC;2013;7;30;145;L3;A;25;1;25;1;
TL;ITA;18;PEC;2013;7;30;145;L4;A;460;1;460;1;
TL;ITA;18;PEC;2013;7;30;145;L7;0;10;1;10;1;
TL;ITA;18;PEC;2013;7;30;144;L4;A;180;1;180;1;
TL;ITA;18;PEC;2013;7;30;143;L1;A;140;5;130;4;
TL;ITA;18;PEC;2013;7;30;143;L1;B;140;5;10;1;
TL;ITA;18;PEC;2013;7;30;143;L3;A;35;1;35;1;
TL;ITA;18;PEC;2013;7;30;139;L1;A;10;1;10;1;
TL;ITA;18;PEC;2013;7;30;139;L4;A;130;1;130;1;
TL;ITA;18;PEC;2013;7;30;146;L4;A;620;1;620;1;
TL;ITA;18;PEC;2013;7;30;162;L1;B;20;1;20;1;
TL;ITA;18;PEC;2013;7;30;162;L4;A;100;1;100;1;
TL;ITA;18;PEC;2013;8;2;123;L1;A;385;4;25;1;
TL;ITA;18;PEC;2013;8;2;123;L1;F;385;4;360;3;
TL;ITA;18;PEC;2013;8;2;121;L1;A;790;7;280;2;
TL;ITA;18;PEC;2013;8;2;121;L1;B;790;7;100;1;
TL;ITA;18;PEC;2013;8;2;121;L1;F;790;7;50;1;
TL;ITA;18;PEC;2013;8;2;121;L1;G;790;7;360;3;
TL;ITA;18;PEC;2013;8;2;117;L1;A;340;8;20;1;
TL;ITA;18;PEC;2013;8;2;117;L1;G;340;8;300;6;
TL;ITA;18;PEC;2013;8;2;117;L1;H;340;8;20;1;fascetta
TL;ITA;18;PEC;2013;8;2;126;L1;A;110;2;50;1;
TL;ITA;18;PEC;2013;8;2;126;L1;B;110;2;60;1;
TL;ITA;18;PEC;2013;8;2;126;L4;A;340;2;340;2;
TL;ITA;18;PEC;2013;8;3;109;L0;0;0;0;0;0;
TL;ITA;18;PEC;2013;8;3;112;L1;A;30;3;30;3;
TL;ITA;18;PEC;2013;8;3;125;L0;0;0;0;0;0;
TL;ITA;18;PEC;2013;8;2;160;L1;A;100;2;30;1;
TL;ITA;18;PEC;2013;8;2;160;L1;G;100;2;70;1;
TL;ITA;18;PEC;2013;7;11;95;L1;A;140;3;60;2;
TL;ITA;18;PEC;2013;7;11;95;L1;B;140;3;80;1;
TL;ITA;18;PEC;2013;7;11;95;L3;A;70;2;70;2;
TL;ITA;18;PEC;2013;7;11;98;L1;A;14260;12;300;8;
TL;ITA;18;PEC;2013;7;11;98;L1;C;14260;12;20;2;
TL;ITA;18;PEC;2013;7;11;98;L1;E;14260;12;13900;1;bidone olio
TL;ITA;18;PEC;2013;7;11;98;L1;G;14260;12;40;1;
TL;ITA;18;PEC;2013;7;11;85;L1;A;230;5;150;4;
TL;ITA;18;PEC;2013;7;11;85;L1;B;230;5;80;1;
TL;ITA;18;PEC;2013;7;11;84;L1;A;80;3;80;3;
TL;ITA;18;PEC;2013;7;11;83;L1;A;120;2;40;1;
TL;ITA;18;PEC;2013;7;11;83;L1;C;120;2;80;1;
TL;ITA;18;PEC;2013;7;11;93;L1;A;60;6;60;6;
TL;ITA;18;PEC;2013;7;11;93;L3;A;30;1;30;1;
TL;ITA;18;PEC;2013;7;11;93;L4;A;400;1;400;1;
TL;ITA;18;PEC;2013;7;12;156;L1;C;30;1;30;1;
TL;ITA;18;PEC;2013;7;12;76;L1;A;40;2;20;1;
TL;ITA;18;PEC;2013;7;12;76;L1;C;40;2;20;1;
TL;ITA;18;PEC;2013;7;23;101;L1;A;60;3;60;3;
TL;ITA;18;PEC;2013;7;23;101;L5;A;150;1;150;1;
TL;ITA;18;PEC;2013;7;12;157;L1;A;100;7;50;4;
TL;ITA;18;PEC;2013;7;12;157;L1;B;100;7;30;1;
TL;ITA;18;PEC;2013;7;12;157;L1;C;100;7;20;2;
TL;ITA;18;PEC;2013;7;12;157;L4;A;220;1;220;1;
TL;ITA;18;PEC;2013;7;12;77;L0;0;0;0;0;0;
TL;ITA;18;PEC;2013;7;12;78;L1;A;120;3;120;3;
TL;ITA;18;PEC;2013;7;12;78;L4;A;200;1;200;1;
TL;ITA;18;PEC;2013;7;12;86;L1;A;440;7;340;3;
TL;ITA;18;PEC;2013;7;12;86;L1;B;440;7;60;1;
TL;ITA;18;PEC;2013;7;12;86;L1;C;440;7;40;3;
TL;ITA;18;PEC;2013;7;12;86;L3;C;5000;2;5000;2;contenitori vernici
TL;ITA;18;PEC;2013;7;13;88;L1;A;250;5;250;5;
TL;ITA;18;PEC;2013;7;13;158;L1;A;70;3;70;3;
TL;ITA;18;PEC;2013;7;13;158;L4;A;220;1;220;1;
TL;ITA;18;PEC;2013;7;13;97;L1;A;170;4;150;3;
TL;ITA;18;PEC;2013;7;13;97;L1;G;170;4;20;1;
TL;ITA;18;PEC;2013;7;13;97;L8;0;150;1;150;1;spugna
TL;ITA;18;PEC;2013;7;15;131;L1;A;200;5;150;4;
TL;ITA;18;PEC;2013;7;15;131;L1;H;200;5;50;1;resta per cozze
TL;ITA;18;PEC;2013;7;15;131;L8;0;500;1;500;1;spugna
TL;ITA;18;PEC;2013;7;13;154;L0;0;0;0;0;0;
TL;ITA;18;PEC;2013;7;15;151;L1;A;80;2;30;1;
TL;ITA;18;PEC;2013;7;15;151;L1;B;80;2;50;1;
TL;ITA;18;PEC;2013;7;15;152;L0;0;0;0;0;0;
TL;ITA;18;PEC;2013;7;23;132;L0;0;0;0;0;0;
TL;ITA;18;PEC;2013;7;23;133;L1;A;130;4;130;4;
TL;ITA;18;PEC;2013;7;25;135;L1;A;85;2;85;2;
TL;ITA;18;PEC;2013;7;25;135;L2;B;1250;1;1250;1;stivale
TL;ITA;18;PEC;2013;7;25;135;L4;A;150;1;150;1;
TL;ITA;18;PEC;2013;7;25;134;L1;A;150;6;30;2;
TL;ITA;18;PEC;2013;7;25;134;L1;B;150;6;120;4;
TL;ITA;18;PEC;2013;7;25;134;L3;A;20;1;20;1;
TL;ITA;18;PEC;2013;7;25;134;L4;A;500;2;500;2;
TL;ITA;18;PEC;2013;7;25;150;L1;A;230;5;80;3;
TL;ITA;18;PEC;2013;7;25;150;L1;B;230;5;150;2;
TL;ITA;18;PEC;2013;7;25;150;L3;A;30;1;30;1;
TL;ITA;18;PEC;2013;7;25;150;L4;A;500;2;500;2;
TL;ITA;18;PEC;2013;7;25;161;L1;A;70;3;30;2;
TL;ITA;18;PEC;2013;7;25;161;L1;H;70;3;40;1;resta per cozze
TL;ITA;18;PEC;2013;7;25;161;L5;A;650;1;650;1;
TL;ITA;18;PEC;2013;7;25;161;L8;0;850;1;850;1;spugna
TL;ITA;18;PEC;2013;7;25;104;L1;A;75;4;45;3;
TL;ITA;18;PEC;2013;7;25;104;L1;H;75;4;30;1;resta per cozze
TL;ITA;18;PEC;2013;7;27;80;L1;A;70;3;20;2;
TL;ITA;18;PEC;2013;7;27;80;L1;C;70;3;50;1;
TL;ITA;18;PEC;2013;7;27;107;L1;A;15;1;15;1;
TL;ITA;18;PEC;2013;7;27;142;L1;A;100;2;100;2;
TL;ITA;18;PEC;2013;7;27;142;L3;A;50;1;50;1;
TL;ITA;18;PEC;2013;7;27;142;L4;A;1440;4;1440;4;
TL;ITA;18;PEC;2013;7;27;142;L8;0;180;1;180;1;scheda macre pc
TL;ITA;18;PEC;2013;7;27;116;L1;A;380;5;360;4;
TL;ITA;18;PEC;2013;7;27;116;L1;C;380;5;20;1;
TL;ITA;18;PEC;2013;7;27;116;L4;C;820;2;80;1;
TL;ITA;18;PEC;2013;7;27;116;L4;D;820;2;740;1;
TL;ITA;18;PEC;2013;7;27;116;L8;0;40;1;40;1;guarnizioni
TL;ITA;18;PEC;2013;7;27;110;L1;A;40;1;40;1;
TL;ITA;18;PEC;2013;7;27;110;L8;0;180;1;180;1;spugna
TL;ALB;18;PEC;2013;7;16;13;L1;A;200;9;40;5;
TL;ALB;18;PEC;2013;7;16;13;L1;B;200;9;160;4;
TL;ALB;18;PEC;2013;7;16;13;L3;A;40;1;40;1;
TL;ALB;18;PEC;2013;7;16;13;L4;A;840;2;840;2;
TL;ALB;18;PEC;2013;7;16;13;L5;D;240;1;240;1;panolino
TL;ALB;18;PEC;2013;7;16;6;L1;A;60;3;60;3;
TL;ALB;18;PEC;2013;7;16;8;L1;B;1100;6;1100;6;
TL;ALB;18;PEC;2013;7;17;1;L1;A;1740;4;40;1;
TL;ALB;18;PEC;2013;7;17;1;L1;B;1740;4;1700;3;
TL;ALB;18;PEC;2013;7;16;4;L1;A;3820;13;100;3;
TL;ALB;18;PEC;2013;7;16;4;L1;B;3820;13;3720;10;
TL;ALB;18;PEC;2013;7;17;26;L1;A;300;1;300;1;
TL;ALB;18;PEC;2013;7;17;26;L7;0;1600;1;1600;1;filtro meccanico
TL;ALB;18;PEC;2013;7;17;166;L1;A;60;2;40;1;
TL;ALB;18;PEC;2013;7;17;166;L1;C;60;2;20;1;
TL;ALB;18;PEC;2013;7;17;166;L4;A;160;1;160;1;
TL;ALB;18;PEC;2013;7;17;14;L1;A;220;5;120;3;
TL;ALB;18;PEC;2013;7;17;14;L1;B;220;5;100;2;
TL;ALB;18;PEC;2013;7;17;14;L5;A;300;1;300;1;
TL;ALB;18;PEC;2013;7;17;168;L1;A;150;3;150;3;
TL;ALB;18;PEC;2013;7;18;32;L1;A;10;1;10;1;
TL;ALB;18;PEC;2013;7;18;32;L3;A;40;1;40;1;
TL;ALB;18;PEC;2013;7;18;170;L1;A;1430;7;1400;6;
TL;ALB;18;PEC;2013;7;18;170;L1;H;1430;7;30;1;resta per cozze
TL;ALB;18;PEC;2013;7;18;170;L3;A;80;2;80;2;
TL;ALB;18;PEC;2013;7;18;165;L1;B;150;1;150;1;
TL;ALB;18;PEC;2013;7;18;167;L1;B;420;9;300;4;
TL;ALB;18;PEC;2013;7;18;167;L1;C;420;9;120;5;
TL;ALB;18;PEC;2013;7;18;38;L1;A;150;6;30;3;
TL;ALB;18;PEC;2013;7;18;38;L1;B;150;6;120;3;
TL;ALB;18;PEC;2013;7;18;38;L3;A;300;3;200;2;
TL;ALB;18;PEC;2013;7;18;38;L3;B;300;3;100;1;
TL;ALB;18;PEC;2013;7;18;38;L4;A;1340;4;1340;4;
TL;ALB;18;PEC;2013;7;18;33;L1;A;370;4;250;3;
TL;ALB;18;PEC;2013;7;18;33;L1;B;370;4;120;1;
TL;ALB;18;PEC;2013;7;19;27;L3;A;50;2;50;2;
TL;ALB;18;PEC;2013;7;19;27;L5;A;380;1;380;1;
TL;ALB;18;PEC;2013;7;19;39;L1;A;50;2;50;2;
TL;ALB;18;PEC;2013;7;19;31;L3;A;30;1;30;1;
TL;ALB;18;PEC;2013;7;19;31;L4;A;420;1;420;1;
TL;ALB;18;PEC;2013;7;19;169;L0;0;0;0;0;0;
TL;ALB;18;PEC;2013;7;19;22;L1;A;150;2;150;2;
TL;ALB;18;PEC;2013;7;19;22;L5;A;150;1;150;1;
TL;ALB;18;PEC;2013;7;19;23;L1;A;20;1;20;1;
TL;ALB;18;PEC;2013;7;20;163;L1;A;1310;4;50;1;
TL;ALB;18;PEC;2013;7;20;163;L1;B;1310;4;620;2;
TL;ALB;18;PEC;2013;7;20;163;L1;E;1310;4;640;1;vaso
TL;ALB;18;PEC;2013;7;20;17;L1;B;40;1;40;1;
TL;ALB;18;PEC;2013;7;20;16;L1;A;910;12;180;1;
TL;ALB;18;PEC;2013;7;20;16;L1;B;910;12;700;10;
TL;ALB;18;PEC;2013;7;20;16;L1;C;910;12;30;1;
TL;ALB;18;PEC;2013;7;20;16;L4;A;60;1;60;1;
TL;ALB;18;PEC;2013;7;20;16;L5;D;200;1;200;1;panolino
TL;ALB;18;PEC;2013;7;20;10;L1;A;420;7;70;2;
TL;ALB;18;PEC;2013;7;20;10;L1;B;420;7;350;5;
TL;ALB;18;PEC;2013;7;20;10;L5;D;460;1;460;1;panolino
TL;ALB;18;PEC;2013;7;20;41;L1;A;360;7;160;2;
TL;ALB;18;PEC;2013;7;20;41;L1;B;360;7;40;2;
TL;ALB;18;PEC;2013;7;20;41;L1;C;360;7;60;2;
TL;ALB;18;PEC;2013;7;20;41;L1;D;360;7;100;1;
TL;ALB;18;PEC;2013;7;20;41;L5;D;220;1;220;1;panolino
TL;ALB;18;PEC;2013;7;20;2;L1;B;450;2;450;2;
TL;MON;18;PEC;2014;8;25;171;L1;A;34330;43;530;8;
TL;MON;18;PEC;2014;8;25;171;L1;B;34330;43;3060;21;
TL;MON;18;PEC;2014;8;25;171;L1;C;34330;43;390;11;
TL;MON;18;PEC;2014;8;25;171;L1;E;34330;43;50;1;PENNELLO
TL;MON;18;PEC;2014;8;25;171;L1;H;34330;43;30000;1;CHIGLIA DI BARCA
TL;MON;18;PEC;2014;8;25;171;L1;I;34330;43;300;1;RETE
TL;MON;18;PEC;2014;8;25;171;L3;A;130;4;130;4;
TL;MON;18;PEC;2014;8;25;171;L4;A;290;1;290;1;
TL;MON;18;PEC;2014;8;25;171;L5;A;600;9;600;9;STOFFA, SCARPA
TL;MON;18;PEC;2014;8;25;172;L1;A;2460;12;1520;2;
TL;MON;18;PEC;2014;8;25;172;L1;C;2460;12;540;9;
TL;MON;18;PEC;2014;8;25;172;L1;G;2460;12;400;1;
TL;MON;18;PEC;2014;8;25;172;L2;A;2400;2;2000;1;SCARPE
TL;MON;18;PEC;2014;8;25;172;L2;B;2400;2;400;1;
TL;MON;18;PEC;2014;8;25;174;L1;A;970;16;230;6;
TL;MON;18;PEC;2014;8;25;174;L1;B;970;16;200;4;
TL;MON;18;PEC;2014;8;25;174;L1;C;970;16;30;3;
TL;MON;18;PEC;2014;8;25;174;L1;E;970;16;310;1;PNEUMATICO
TL;MON;18;PEC;2014;8;25;174;L1;F;970;16;150;1;
TL;MON;18;PEC;2014;8;25;174;L1;H;970;16;50;1;RESTA
TL;MON;18;PEC;2014;8;25;174;L2;B;110;1;110;1;SCARPA
TL;MON;18;PEC;2014;8;25;174;L5;A;550;1;550;1;
TL;MON;18;PEC;2014;8;25;174;L8;0;140;1;140;1;SPUGNA
TL;MON;18;PEC;2014;8;25;179;L1;A;280;6;30;1;
TL;MON;18;PEC;2014;8;25;179;L1;B;280;6;190;2;
TL;MON;18;PEC;2014;8;25;179;L1;C;280;6;10;3;
TL;MON;18;PEC;2014;8;25;179;L1;G;280;6;50;;
TL;MON;18;PEC;2014;8;25;179;L5;D;120;1;120;1;PANNOLINO
TL;MON;18;PEC;2014;8;26;178;L1;A;190;6;160;4;
TL;MON;18;PEC;2014;8;26;178;L1;E;190;6;10;1;
TL;MON;18;PEC;2014;8;26;178;L1;H;190;6;20;1;RESTA
TL;MON;18;PEC;2014;8;26;177;L1;A;30;6;10;3;
TL;MON;18;PEC;2014;8;26;177;L1;B;30;6;10;1;
TL;MON;18;PEC;2014;8;26;177;L1;C;30;6;10;2;
TL;MON;18;PEC;2014;8;26;177;L2;B;820;1;820;1;SCARPA
TL;MON;18;PEC;2014;8;26;177;L3;B;20;1;20;1;
TL;MON;18;PEC;2014;8;26;176;L1;B;1850;5;250;3;
TL;MON;18;PEC;2014;8;26;176;L1;G;1850;5;80;1;
TL;MON;18;PEC;2014;8;26;176;L1;I;1850;5;1520;1;
TL;MON;18;PEC;2014;8;26;176;L2;B;440;1;440;1;SCARPA
TL;MON;18;PEC;2014;8;26;176;L3;A;40;1;40;1;
TL;MON;18;PEC;2014;8;26;176;L4;A;80;1;80;1;
TL;MON;18;PEC;2014;8;26;176;L7;0;10;1;10;1;
TL;MON;18;PEC;2014;8;25;173;L1;A;630;9;300;3;
TL;MON;18;PEC;2014;8;25;173;L1;B;630;9;180;5;
TL;MON;18;PEC;2014;8;25;173;L1;E;630;9;150;1;
TL;MON;18;PEC;2014;8;25;173;L4;A;600;1;600;1;
TL;MON;18;PEC;2014;8;25;173;L5;B;450;1;450;1;MATASSA
TL;MON;18;PEC;2014;8;26;175;L1;A;1110;12;250;4;
TL;MON;18;PEC;2014;8;26;175;L1;B;1110;12;650;4;
TL;MON;18;PEC;2014;8;26;175;L1;C;1110;12;210;4;
TL;MON;18;PEC;2014;8;26;175;L3;A;40;1;40;1;
TL;MON;18;PEC;2014;8;26;175;L4;A;250;1;250;1;
TL;MON;18;PEC;2014;8;26;175;L5;D;460;1;460;1;PANNOLINO
TL;MON;18;PEC;2014;8;26;180;L1;A;300;6;220;4;
TL;MON;18;PEC;2014;8;26;180;L1;C;300;6;20;1;
TL;MON;18;PEC;2014;8;26;180;L1;H;300;6;60;1;ESCA ARTIFICIALE
TL;MON;18;PEC;2014;8;26;180;L8;0;1290;1;1290;1;SPUGNA
TL;ALB;18;PEC;2014;8;19;8;L1;A;650;15;300;9;
TL;ALB;18;PEC;2014;8;19;8;L1;H;650;15;150;3;
TL;ALB;18;PEC;2014;8;19;8;L1;I;650;15;200;3;
TL;ALB;18;PEC;2014;8;19;8;L5;D;700;1;700;1;PANNOLINO
TL;ALB;18;PEC;2014;8;19;8;L7;0;50;1;50;1;
TL;ALB;18;PEC;2014;8;19;41;L1;A;510;6;50;1;
TL;ALB;18;PEC;2014;8;19;41;L1;B;510;6;460;5;
TL;ALB;18;PEC;2014;8;19;41;L5;D;800;1;800;1;PANNOLINO
TL;ALB;18;PEC;2014;8;19;165;L1;A;30;2;30;2;
TL;ALB;18;PEC;2014;8;19;165;L3;A;150;1;150;1;
TL;ALB;18;PEC;2014;8;19;165;L4;A;350;1;350;1;
TL;ALB;18;PEC;2014;8;19;26;L1;A;530;7;20;2;
TL;ALB;18;PEC;2014;8;19;26;L1;B;530;7;410;4;
TL;ALB;18;PEC;2014;8;19;26;L1;C;530;7;20;1;
TL;ALB;18;PEC;2014;8;19;26;L1;G;530;7;50;1;
TL;ALB;18;PEC;2014;8;19;26;L1;H;530;7;30;1;RESTA
TL;ALB;18;PEC;2014;8;19;26;L3;A;60;3;60;3;
TL;ALB;18;PEC;2014;8;19;26;L5;A;870;2;820;1;
TL;ALB;18;PEC;2014;8;19;26;L5;D;870;2;50;1;
TL;ALB;18;PEC;2014;8;19;26;L8;0;1500;1;1500;1;CERATA
TL;ALB;18;PEC;2014;8;20;23;L3;B;100;1;100;1;
TL;ALB;18;PEC;2014;8;20;23;L8;0;500;1;500;1;SPUGNA
TL;ALB;18;PEC;2014;8;20;31;L1;B;10;1;10;1;
TL;ALB;18;PEC;2014;8;20;169;L1;A;220;1;220;1;
TL;ALB;18;PEC;2014;8;20;169;L3;A;50;1;50;1;
TL;ALB;18;PEC;2014;8;20;169;L4;A;360;1;360;1;
TL;ALB;18;PEC;2014;8;20;22;L1;A;70;3;70;3;
TL;ALB;18;PEC;2014;8;21;13;L1;B;260;6;230;5;
TL;ALB;18;PEC;2014;8;21;13;L1;H;260;6;30;1;RESTA
TL;ALB;18;PEC;2014;8;21;6;L1;A;200;3;200;3;
TL;ALB;18;PEC;2014;8;21;4;L1;A;800;12;100;3;
TL;ALB;18;PEC;2014;8;21;4;L1;B;800;12;350;3;
TL;ALB;18;PEC;2014;8;21;4;L1;C;800;12;350;6;
TL;ALB;18;PEC;2014;8;21;4;L8;0;200;1;200;1;
TL;ALB;18;PEC;2014;8;21;1;L1;A;1710;10;200;2;
TL;ALB;18;PEC;2014;8;21;1;L1;B;1710;10;470;3;
TL;ALB;18;PEC;2014;8;21;1;L1;C;1710;10;50;2;
TL;ALB;18;PEC;2014;8;21;1;L1;E;1710;10;720;1;SECCHIO
TL;ALB;18;PEC;2014;8;21;1;L1;H;1710;10;120;1;RESTA
TL;ALB;18;PEC;2014;8;21;1;L1;I;1710;10;150;1;
TL;ALB;18;PEC;2014;8;21;1;L3;C;130;1;130;1;
TL;ALB;18;PEC;2014;8;21;14;L1;A;60;7;20;2;
TL;ALB;18;PEC;2014;8;21;14;L1;C;60;7;30;3;
TL;ALB;18;PEC;2014;8;21;14;L1;D;60;7;5;1;
TL;ALB;18;PEC;2014;8;21;14;L1;G;60;7;5;1;
TL;ALB;18;PEC;2014;8;21;168;L1;A;120;6;30;2;
TL;ALB;18;PEC;2014;8;21;168;L1;D;120;6;20;2;
TL;ALB;18;PEC;2014;8;21;168;L1;I;120;6;70;2;
TL;ALB;18;PEC;2014;8;21;168;L3;C;70;1;70;1;
TL;ALB;18;PEC;2014;8;22;166;L1;A;30;1;30;1;
TL;ALB;18;PEC;2014;8;22;166;L5;A;680;4;150;2;
TL;ALB;18;PEC;2014;8;22;166;L5;C;680;4;30;1;
TL;ALB;18;PEC;2014;8;22;166;L5;D;680;4;500;1;PANNOLINO
TL;ALB;18;PEC;2014;8;22;170;L1;A;740;14;250;6;
TL;ALB;18;PEC;2014;8;22;170;L1;B;740;14;260;4;
TL;ALB;18;PEC;2014;8;22;170;L1;C;740;14;20;1;
TL;ALB;18;PEC;2014;8;22;170;L1;G;740;14;140;1;
TL;ALB;18;PEC;2014;8;22;170;L1;H;740;14;20;1;RESTA
TL;ALB;18;PEC;2014;8;22;170;L1;I;740;14;50;1;
TL;ALB;18;PEC;2014;8;22;170;L3;A;20;1;20;1;
TL;ALB;18;PEC;2014;8;22;170;L8;0;4600;1;4600;1;TAPPETO
TL;ALB;18;PEC;2014;8;22;32;L1;A;300;4;210;2;
TL;ALB;18;PEC;2014;8;22;32;L1;B;300;4;90;2;
TL;ALB;18;PEC;2014;8;22;32;L3;A;50;3;50;3;
TL;ALB;18;PEC;2014;8;22;167;L1;A;1100;7;100;5;
TL;ALB;18;PEC;2014;8;22;167;L1;B;1100;7;1000;2;
TL;ALB;18;PEC;2014;8;22;167;L3;A;10;1;10;1;
TL;ALB;18;PEC;2014;8;22;167;L8;0;10;1;10;1;CARTA ABRASIVA
TL;ALB;18;PEC;2014;8;22;38;L1;A;45;6;10;2;
TL;ALB;18;PEC;2014;8;22;38;L1;B;45;6;20;2;
TL;ALB;18;PEC;2014;8;22;38;L1;C;45;6;5;1;
TL;ALB;18;PEC;2014;8;22;38;L1;H;45;6;10;1;RESTA
TL;ALB;18;PEC;2014;8;22;38;L5;A;1000;2;1000;2;
TL;ALB;18;PEC;2014;8;22;38;L8;0;150;1;150;1;PANNOLINO
TL;ALB;18;PEC;2014;8;22;33;L1;A;730;7;530;4;
TL;ALB;18;PEC;2014;8;22;33;L1;B;730;7;200;3;
TL;ALB;18;PEC;2014;8;22;33;L3;A;60;2;60;2;
TL;ALB;18;PEC;2014;8;23;39;L1;A;1590;4;410;2;
TL;ALB;18;PEC;2014;8;23;39;L1;B;1590;4;40;1;
TL;ALB;18;PEC;2014;8;23;39;L1;G;1590;4;1140;1;
TL;ALB;18;PEC;2014;8;23;39;L4;A;160;1;160;1;
TL;ALB;18;PEC;2014;8;23;27;L1;C;130;4;100;2;
TL;ALB;18;PEC;2014;8;23;27;L1;G;130;4;10;1;
TL;ALB;18;PEC;2014;8;23;27;L1;H;130;4;20;1;RESTA
TL;ALB;18;PEC;2014;8;23;17;L1;A;1260;6;280;2;
TL;ALB;18;PEC;2014;8;23;17;L1;B;1260;6;980;4;
TL;ALB;18;PEC;2014;8;23;17;L3;A;10;1;10;1;
TL;ALB;18;PEC;2014;8;23;17;L4;A;370;1;370;1;
TL;ALB;18;PEC;2014;8;23;163;L1;B;130;3;120;2;
TL;ALB;18;PEC;2014;8;23;163;L1;E;130;3;10;1;
TL;ALB;18;PEC;2014;8;23;16;L1;A;1650;17;30;3;
TL;ALB;18;PEC;2014;8;23;16;L1;B;1650;17;1600;13;
TL;ALB;18;PEC;2014;8;23;16;L1;C;1650;17;20;1;
TL;ALB;18;PEC;2014;8;23;16;L3;A;100;3;100;3;
TL;ALB;18;PEC;2014;8;23;16;L5;A;490;1;490;1;
TL;ALB;18;PEC;2014;8;23;16;L8;0;750;1;750;1;TUTA DA LAVORO
TL;ALB;18;PEC;2014;8;23;10;L1;A;340;8;120;4;
TL;ALB;18;PEC;2014;8;23;10;L1;B;340;8;200;3;
TL;ALB;18;PEC;2014;8;23;10;L1;C;340;8;20;1;
TL;ALB;18;PEC;2014;8;23;10;L5;A;290;1;290;1;
TL;ALB;18;PEC;2014;8;24;2;L1;A;40;3;10;2;
TL;ALB;18;PEC;2014;8;24;2;L1;B;40;3;30;1;
TL;ALB;18;PEC;2014;8;24;2;L3;A;10;1;10;1;
TL;ITA;18;PEC;2014;8;4;109;L1;A;310;2;140;1;
TL;ITA;18;PEC;2014;8;4;109;L1;E;310;2;170;1;
TL;ITA;18;PEC;2014;8;4;109;L6;0;240;1;240;1;
TL;ITA;18;PEC;2014;8;4;112;L1;A;50;2;50;2;
TL;ITA;18;PEC;2014;8;5;160;L1;A;150;3;150;3;
TL;ITA;18;PEC;2014;8;5;123;L1;A;140;2;40;1;
TL;ITA;18;PEC;2014;8;5;123;L1;B;140;2;100;1;
TL;ITA;18;PEC;2014;8;5;123;L5;B;200;1;200;1;CAPPELLO
TL;ITA;18;PEC;2014;8;5;121;L1;A;390;8;130;3;
TL;ITA;18;PEC;2014;8;5;121;L1;B;390;8;80;1;
TL;ITA;18;PEC;2014;8;5;121;L1;H;390;8;180;4;RESTA
TL;ITA;18;PEC;2014;8;5;117;L1;A;360;5;210;2;
TL;ITA;18;PEC;2014;8;5;117;L1;H;360;5;150;3;RESTA
TL;ITA;18;PEC;2014;8;5;126;L1;A;110;2;110;2;
TL;ITA;18;PEC;2014;8;5;126;L6;0;570;9;570;9;
TL;ITA;18;PEC;2014;8;5;129;L1;A;120;1;120;1;
TL;ITA;18;PEC;2014;8;6;100;L1;D;350;1;350;1;
TL;ITA;18;PEC;2014;8;6;100;L6;0;1500;3;1500;3;
TL;ITA;18;PEC;2014;8;6;125;L1;A;120;2;50;1;
TL;ITA;18;PEC;2014;8;6;125;L1;C;120;2;70;1;
TL;ITA;18;PEC;2014;8;6;105;L1;A;350;2;350;2;
TL;ITA;18;PEC;2014;8;6;80;L1;A;200;2;200;2;
TL;ITA;18;PEC;2014;8;7;104;L1;A;30;2;30;2;
TL;ITA;18;PEC;2014;8;7;104;L2;B;80;1;80;1;TESSUTO SINTETICO
TL;ITA;18;PEC;2014;8;7;104;L6;0;700;9;700;9;
TL;ITA;18;PEC;2014;8;8;148;L1;A;30;3;20;2;
TL;ITA;18;PEC;2014;8;8;148;L1;C;30;3;10;1;
TL;ITA;18;PEC;2014;8;8;138;L1;A;30;3;30;3;
TL;ITA;18;PEC;2014;8;8;138;L6;0;500;7;500;7;
TL;ITA;18;PEC;2014;8;8;147;L1;A;480;5;20;1;
TL;ITA;18;PEC;2014;8;8;147;L1;B;480;5;140;1;
TL;ITA;18;PEC;2014;8;8;147;L1;C;480;5;20;1;
TL;ITA;18;PEC;2014;8;8;147;L1;G;480;5;200;1;
TL;ITA;18;PEC;2014;8;8;147;L1;H;480;5;100;1;RESTA
TL;ITA;18;PEC;2014;8;8;147;L6;0;800;3;800;3;
TL;ITA;18;PEC;2014;8;8;162;L1;A;10;1;10;1;
TL;ITA;18;PEC;2014;8;8;146;L1;A;500;6;300;5;
TL;ITA;18;PEC;2014;8;8;146;L1;G;500;6;200;1;
TL;ITA;18;PEC;2014;8;8;139;L1;A;870;4;100;2;
TL;ITA;18;PEC;2014;8;8;139;L1;C;870;4;70;1;
TL;ITA;18;PEC;2014;8;8;139;L1;G;870;4;700;1;
TL;ITA;18;PEC;2014;8;8;139;L4;A;2700;12;2700;12;
TL;ITA;18;PEC;2014;8;8;139;L5;A;670;3;670;3;
TL;ITA;18;PEC;2014;8;8;139;L8;0;50;1;50;1;SPUGNA
TL;ITA;18;PEC;2014;8;9;145;L1;A;100;5;20;2;
TL;ITA;18;PEC;2014;8;9;145;L1;B;100;5;50;1;
TL;ITA;18;PEC;2014;8;9;145;L1;C;100;5;10;1;
TL;ITA;18;PEC;2014;8;9;145;L1;G;100;5;20;1;
TL;ITA;18;PEC;2014;8;9;145;L5;A;180;1;180;1;
TL;ITA;18;PEC;2014;8;9;145;L6;0;300;4;300;4;
TL;ITA;18;PEC;2014;8;9;144;L1;A;395;6;325;4;
TL;ITA;18;PEC;2014;8;9;144;L1;C;395;6;10;1;
TL;ITA;18;PEC;2014;8;9;144;L1;G;395;6;60;1;
TL;ITA;18;PEC;2014;8;9;144;L4;A;120;1;120;1;
TL;ITA;18;PEC;2014;8;9;143;L1;A;75;5;15;2;
TL;ITA;18;PEC;2014;8;9;143;L1;C;75;5;10;1;
TL;ITA;18;PEC;2014;8;9;143;L1;H;75;5;50;2;RESTA
TL;ITA;18;PEC;2014;8;10;107;L1;A;150;2;100;1;
TL;ITA;18;PEC;2014;8;10;107;L1;G;150;2;50;1;
TL;ITA;18;PEC;2014;8;10;116;L1;A;1760;22;1500;17;
TL;ITA;18;PEC;2014;8;10;116;L1;B;1760;22;100;1;
TL;ITA;18;PEC;2014;8;10;116;L1;C;1760;22;150;3;
TL;ITA;18;PEC;2014;8;10;116;L1;G;1760;22;10;1;
TL;ITA;18;PEC;2014;8;10;116;L3;B;20350;3;30;1;
TL;ITA;18;PEC;2014;8;10;116;L3;C;20350;3;320;1;
TL;ITA;18;PEC;2014;8;10;116;L3;D;20350;3;20000;1;CARRELLO
TL;ITA;18;PEC;2014;8;10;116;L4;A;1950;6;1950;6;
TL;ITA;18;PEC;2014;8;10;116;L5;A;1500;3;1500;3;
TL;ITA;18;PEC;2014;8;10;116;L8;0;640;1;640;1;SPUGNA
TL;ITA;18;PEC;2014;8;10;142;L1;A;250;5;250;5;
TL;ITA;18;PEC;2014;8;10;142;L3;B;3950;3;150;1;
TL;ITA;18;PEC;2014;8;10;142;L3;C;3950;3;3500;1;
TL;ITA;18;PEC;2014;8;10;142;L3;E;3950;3;300;1;
TL;ITA;18;PEC;2014;8;10;142;L4;A;350;1;350;1;
TL;ITA;18;PEC;2014;8;10;142;L7;0;50;1;50;1;
TL;ITA;18;PEC;2014;8;10;137;L1;A;70;3;50;2;
TL;ITA;18;PEC;2014;8;10;137;L1;C;70;3;20;1;
TL;ITA;18;PEC;2014;8;10;137;L3;B;20;1;20;1;
TL;ITA;18;PEC;2014;8;10;137;L4;A;100;1;100;1;
TL;ITA;18;PEC;2014;8;10;137;L6;0;20;3;20;3;
TL;ITA;18;PEC;2014;8;10;110;L1;A;30;4;20;3;
TL;ITA;18;PEC;2014;8;10;110;L1;C;30;4;10;1;
TL;ITA;18;PEC;2014;8;11;135;L1;A;1550;3;50;2;
TL;ITA;18;PEC;2014;8;11;135;L1;E;1550;3;1500;1;
TL;ITA;18;PEC;2014;8;11;135;L7;0;200;1;200;1;
TL;ITA;18;PEC;2014;8;11;161;L1;F;910;7;350;1;
TL;ITA;18;PEC;2014;8;11;161;L1;G;910;7;120;1;
TL;ITA;18;PEC;2014;8;11;161;L1;H;910;7;440;5;RESTA
TL;ITA;18;PEC;2014;8;11;133;L1;A;60;3;20;2;
TL;ITA;18;PEC;2014;8;11;133;L1;H;60;3;40;1;RESTA
TL;ITA;18;PEC;2014;8;11;150;L1;B;120;6;120;6;
TL;ITA;18;PEC;2014;8;11;150;L5;B;5000;1;5000;1;COPERTA
TL;ITA;18;PEC;2014;8;11;132;L1;A;20;3;20;3;
TL;ITA;18;PEC;2014;8;11;132;L3;A;10;1;10;1;
TL;ITA;18;PEC;2014;8;11;101;L1;A;800;2;500;1;
TL;ITA;18;PEC;2014;8;11;101;L1;H;800;2;300;1;
TL;ITA;18;PEC;2014;8;11;101;L5;A;830;1;830;1;
TL;ITA;18;PEC;2014;8;11;134;L1;A;30;3;20;2;
TL;ITA;18;PEC;2014;8;11;134;L1;C;30;3;10;1;
TL;ITA;18;PEC;2014;8;11;134;L3;A;10;1;10;1;
TL;ITA;18;PEC;2014;8;12;152;L1;A;150;3;100;2;
TL;ITA;18;PEC;2014;8;12;152;L1;G;150;3;50;1;
TL;ITA;18;PEC;2014;8;12;152;L3;A;50;1;50;1;
TL;ITA;18;PEC;2014;8;12;151;L1;A;130;4;30;3;
TL;ITA;18;PEC;2014;8;12;151;L1;B;130;4;100;1;
TL;ITA;18;PEC;2014;8;12;131;L1;A;140;2;10;1;
TL;ITA;18;PEC;2014;8;12;131;L1;B;140;2;130;1;
TL;ITA;18;PEC;2014;8;12;131;L5;A;100;1;100;1;
TL;ITA;18;PEC;2014;8;12;154;L1;A;25;4;25;3;
TL;ITA;18;PEC;2014;8;12;154;L1;C;25;4;25;1;
TL;ITA;18;PEC;2014;8;12;97;L1;A;270;2;270;2;
TL;ITA;18;PEC;2014;8;12;97;L5;D;10;1;10;1;
TL;ITA;18;PEC;2014;8;12;97;L6;0;300;1;300;1;
TL;ITA;18;PEC;2014;8;13;98;L1;A;70;3;50;2;
TL;ITA;18;PEC;2014;8;13;98;L1;H;70;3;20;1;RESTA
TL;ITA;18;PEC;2014;8;13;85;L1;H;20;1;20;1;RESTA
TL;ITA;18;PEC;2014;8;13;86;L1;A;80;2;80;2;
TL;ITA;18;PEC;2014;8;13;78;L1;A;30;3;30;3;
TL;ITA;18;PEC;2014;8;13;77;L1;C;170;5;150;4;
TL;ITA;18;PEC;2014;8;13;77;L1;G;170;5;20;1;
TL;ITA;18;PEC;2014;8;13;77;L3;A;40;1;40;1;
TL;ITA;18;PEC;2014;8;13;77;L4;A;150;1;150;1;
TL;ITA;18;PEC;2014;8;13;76;L1;A;140;2;60;1;
TL;ITA;18;PEC;2014;8;13;76;L1;E;140;2;80;1;
TL;ITA;18;PEC;2014;8;13;76;L4;A;220;1;220;1;
TL;ITA;18;PEC;2014;8;13;156;L1;A;50;2;50;20;
TL;ITA;18;PEC;2014;8;14;157;L0;0;0;0;0;0;
TL;ITA;18;PEC;2014;8;14;84;L1;A;70;4;60;3;
TL;ITA;18;PEC;2014;8;14;84;L1;G;70;4;10;1;
TL;ITA;18;PEC;2014;8;14;83;L1;A;50;6;30;5;
TL;ITA;18;PEC;2014;8;14;83;L1;B;50;6;20;1;
TL;ITA;18;PEC;2014;8;14;83;L8;0;25;1;25;1;SPUGNA
TL;ITA;18;PEC;2014;8;14;93;L1;A;45;3;30;1;
TL;ITA;18;PEC;2014;8;14;93;L1;B;45;3;5;1;
TL;ITA;18;PEC;2014;8;14;93;L1;C;45;3;10;1;
TL;ITA;18;PEC;2014;8;14;93;L3;D;1200;1;1200;1;PENTOLA
TL;ITA;18;PEC;2014;8;14;95;L1;A;140;8;100;7;
TL;ITA;18;PEC;2014;8;14;95;L1;B;140;8;40;1;
TL;ITA;18;PEC;2014;8;14;88;L1;A;15;2;15;2;
TL;ITA;18;PEC;2014;8;14;88;L4;A;180;1;180;1;
TL;ITA;18;PEC;2014;8;14;88;L6;0;2500;2;2500;2;
TL;ITA;18;PEC;2014;8;14;158;L1;A;1130;9;180;6;
TL;ITA;18;PEC;2014;8;14;158;L1;E;1130;9;880;1;
TL;ITA;18;PEC;2014;8;14;158;L1;F;1130;9;50;1;RESTA
TL;ITA;18;PEC;2014;8;14;158;L1;H;1130;9;20;1;
TL;ITA;18;PEC;2014;8;14;158;L4;A;130;2;130;2;
TL;ALB;18;PEC;2015;8;3;8;L1;B;890;11;830;8;
TL;ALB;18;PEC;2015;8;3;8;L1;C;890;11;60;3;
TL;ALB;18;PEC;2015;8;3;8;L5;B;100;1;100;1;SACCO
TL;ALB;18;PEC;2015;8;4;10;L1;A;100;3;40;1;
TL;ALB;18;PEC;2015;8;4;10;L1;C;100;3;60;2;
TL;ALB;18;PEC;2015;8;4;10;L3;A;20;1;20;1;
TL;ALB;18;PEC;2015;8;4;10;L5;D;240;1;240;1;PANNOLINO
TL;ALB;18;PEC;2015;8;3;13;L1;A;320;6;140;3;
TL;ALB;18;PEC;2015;8;3;13;L1;B;320;6;180;3;
TL;ALB;18;PEC;2015;8;7;14;L1;A;50;4;20;3;
TL;ALB;18;PEC;2015;8;7;14;L1;G;50;4;30;1;
TL;ALB;18;PEC;2015;8;7;14;L2;B;10;1;10;1;GUANTO
TL;ALB;18;PEC;2015;8;4;17;L1;A;1300;3;100;1;
TL;ALB;18;PEC;2015;8;4;17;L1;E;1300;3;1000;1;
TL;ALB;18;PEC;2015;8;4;17;L1;H;1300;3;200;1;
TL;ALB;18;PEC;2015;8;4;23;L1;A;100;3;50;2;
TL;ALB;18;PEC;2015;8;4;23;L1;B;100;3;50;1;
TL;ALB;18;PEC;2015;8;4;23;L5;D;100;1;100;1;PANNOLINO
TL;ALB;18;PEC;2015;8;6;26;L1;A;260;3;160;1;
TL;ALB;18;PEC;2015;8;6;26;L1;B;260;3;40;1;
TL;ALB;18;PEC;2015;8;6;26;L1;E;260;3;60;1;
TL;ALB;18;PEC;2015;8;5;27;L1;A;180;4;100;2;
TL;ALB;18;PEC;2015;8;5;27;L1;B;180;4;80;2;
TL;ALB;18;PEC;2015;8;5;27;L2;B;750;1;750;1;CERATA
TL;ALB;18;PEC;2015;8;5;27;L4;A;200;1;200;1;
TL;ALB;18;PEC;2015;8;5;27;L6;0;500;1;500;1;
TL;ALB;18;PEC;2015;8;5;31;L1;A;700;3;500;1;
TL;ALB;18;PEC;2015;8;5;31;L1;B;700;3;180;1;
TL;ALB;18;PEC;2015;8;5;31;L1;C;700;3;20;1;
TL;ALB;18;PEC;2015;8;5;31;L3;A;50;1;50;1;
TL;ALB;18;PEC;2015;8;5;31;L4;A;600;1;600;1;
TL;ALB;18;PEC;2015;8;6;32;L1;H;160;3;160;3;RESTA
TL;ALB;18;PEC;2015;8;6;32;L3;B;60;2;60;2;
TL;ALB;18;PEC;2015;8;6;32;L5;C;480;2;360;1;
TL;ALB;18;PEC;2015;8;6;32;L5;D;480;2;120;1;PANNOLINO
TL;ALB;18;PEC;2015;8;6;32;L8;0;10000;2;10000;2;SACCHE CON OLIO
TL;ALB;18;PEC;2015;8;6;33;L1;A;460;7;260;3;
TL;ALB;18;PEC;2015;8;6;33;L1;B;460;7;200;4;
TL;ALB;18;PEC;2015;8;5;38;L1;C;140;5;60;3;
TL;ALB;18;PEC;2015;8;5;38;L1;E;140;5;20;1;LATTA DI OLIO
TL;ALB;18;PEC;2015;8;5;38;L1;G;140;5;60;1;
TL;ALB;18;PEC;2015;8;5;38;L4;A;880;3;880;3;
TL;ALB;18;PEC;2015;8;5;38;L5;A;1980;2;1860;1;STIVALE
TL;ALB;18;PEC;2015;8;5;38;L5;B;1980;2;120;1;STOFFA
TL;ALB;18;PEC;2015;8;5;39;L1;B;100;1;100;1;
TL;ALB;18;PEC;2015;8;5;39;L4;A;200;1;200;1;
TL;ALB;18;PEC;2015;8;4;41;L1;A;50;2;50;2;
TL;ALB;18;PEC;2015;8;6;165;L1;A;150;2;100;1;
TL;ALB;18;PEC;2015;8;6;165;L1;B;150;2;50;1;
TL;ALB;18;PEC;2015;8;7;166;L1;A;50;2;50;2;
TL;ALB;18;PEC;2015;8;7;166;L5;D;300;1;300;1;PANNOLINO
TL;ALB;18;PEC;2015;8;5;167;L1;B;50;2;30;1;
TL;ALB;18;PEC;2015;8;5;167;L1;C;50;2;20;1;
TL;ALB;18;PEC;2015;8;5;167;L4;A;560;1;560;1;
TL;ALB;18;PEC;2015;8;5;169;L1;C;50;1;50;1;
TL;ALB;18;PEC;2015;8;5;169;L4;A;120;1;120;1;
TL;ALB;18;PEC;2015;8;6;170;L1;A;2040;17;400;9;
TL;ALB;18;PEC;2015;8;6;170;L1;B;2040;17;240;3;
TL;ALB;18;PEC;2015;8;6;170;L1;C;2040;17;20;1;BICCHIERE
TL;ALB;18;PEC;2015;8;6;170;L1;E;2040;17;280;1;CASSA
TL;ALB;18;PEC;2015;8;6;170;L1;F;2040;17;40;1;RESTA
TL;ALB;18;PEC;2015;8;6;170;L1;G;2040;17;340;1;PALANGARO
TL;ALB;18;PEC;2015;8;6;170;L1;H;2040;17;720;1;PARABORDO
TL;ALB;18;PEC;2015;8;6;170;L2;B;400;1;400;1;CERATA
TL;ALB;18;PEC;2015;8;6;170;L5;A;1100;2;660;1;SCARPA
TL;ALB;18;PEC;2015;8;6;170;L5;B;1100;2;440;1;SACCO
TL;ALB;18;PEC;2015;8;3;2;L1;B;300;4;260;2;
TL;ALB;18;PEC;2015;8;3;2;L1;C;300;4;40;2;
TL;ALB;18;PEC;2015;8;4;163;L1;A;970;12;120;2;
TL;ALB;18;PEC;2015;8;4;163;L1;B;970;12;380;7;
TL;ALB;18;PEC;2015;8;4;163;L1;E;970;12;420;2;1 SACCO E 1 SECCHIO
TL;ALB;18;PEC;2015;8;4;163;L1;I;970;12;50;1;
TL;ALB;18;PEC;2015;8;4;163;L2;B;160;1;160;1;
TL;ALB;18;PEC;2015;8;4;22;L1;A;400;5;60;2;
TL;ALB;18;PEC;2015;8;4;22;L1;B;400;5;100;2;
TL;ALB;18;PEC;2015;8;4;22;L1;E;400;5;240;1;
TL;ALB;18;PEC;2015;8;4;22;L5;C;60;2;60;2;
TL;ALB;18;PEC;2015;8;7;168;L1;A;200;3;100;2;
TL;ALB;18;PEC;2015;8;7;168;L1;B;200;3;100;1;
TL;ALB;18;PEC;2015;8;7;168;L3;A;60;1;60;1;
TL;ALB;18;PEC;2015;8;7;168;L5;A;40;1;40;1;CALZINO
TL;ALB;18;PEC;2015;8;7;6;L1;B;190;3;180;2;
TL;ALB;18;PEC;2015;8;7;6;L1;H;190;3;10;1;RESTA
TL;ALB;18;PEC;2015;8;4;16;L1;A;1360;5;80;2;
TL;ALB;18;PEC;2015;8;4;16;L1;B;1360;5;1260;2;
TL;ALB;18;PEC;2015;8;4;16;L1;C;1360;5;20;1;BICCHIERE
TL;ALB;18;PEC;2015;8;4;16;L3;D;200;1;200;1;BOMBOLETTA
TL;ALB;18;PEC;2015;8;4;16;L4;A;300;1;300;1;
TL;ALB;18;PEC;2015;8;7;1;L1;A;890;7;20;1;
TL;ALB;18;PEC;2015;8;7;1;L1;B;890;7;840;5;
TL;ALB;18;PEC;2015;8;7;1;L1;C;890;7;30;1;
TL;ALB;18;PEC;2015;8;7;4;L1;B;680;6;540;4;
TL;ALB;18;PEC;2015;8;7;4;L1;C;680;6;60;1;
TL;ALB;18;PEC;2015;8;7;4;L1;G;680;6;80;1;
TL;ALB;18;PEC;2015;8;7;4;L5;D;280;1;280;1;PANNOLINO
TL;ITA;18;PEC;2015;7;8;77;L1;A;230;3;20;1;
TL;ITA;18;PEC;2015;7;8;77;L1;B;230;3;70;1;
TL;ITA;18;PEC;2015;7;8;77;L1;E;230;3;140;1;GIOCATTOLO
TL;ITA;18;PEC;2015;7;8;77;L3;A;60;1;60;1;
TL;ITA;18;PEC;2015;7;8;77;L5;A;160;2;160;2;
TL;ITA;18;PEC;2015;7;9;78;L1;H;140;1;140;1;RESTA
TL;ITA;18;PEC;2015;7;24;80;L1;B;100;2;100;2;
TL;ITA;18;PEC;2015;7;24;80;L4;B;200;3;200;3;
TL;ITA;18;PEC;2015;7;9;85;L1;A;180;6;100;4;
TL;ITA;18;PEC;2015;7;9;85;L1;B;180;6;80;2;
TL;ITA;18;PEC;2015;7;9;86;L1;A;50;1;50;1;
TL;ITA;18;PEC;2015;7;9;86;L3;C;5000;1;5000;1;DI VERNICE
TL;ITA;18;PEC;2015;7;10;98;L1;A;100;4;40;2;
TL;ITA;18;PEC;2015;7;10;98;L1;B;100;4;60;2;
TL;ITA;18;PEC;2015;7;24;100;L1;A;130;5;100;4;
TL;ITA;18;PEC;2015;7;24;100;L1;B;130;5;30;1;
TL;ITA;18;PEC;2015;7;28;101;L1;B;350;5;50;3;
TL;ITA;18;PEC;2015;7;28;101;L1;F;350;5;100;1;NASSA
TL;ITA;18;PEC;2015;7;28;101;L1;I;350;5;200;1;
TL;ITA;18;PEC;2015;7;24;104;L1;B;100;2;100;2;
TL;ITA;18;PEC;2015;7;24;104;L3;A;250;3;250;3;
TL;ITA;18;PEC;2015;7;24;105;L1;A;200;5;100;4;
TL;ITA;18;PEC;2015;7;24;105;L1;C;200;5;100;1;
TL;ITA;18;PEC;2015;7;24;107;L0;0;0;0;0;0;
TL;ITA;18;PEC;2015;7;22;110;L1;A;150;4;50;2;
TL;ITA;18;PEC;2015;7;22;110;L1;B;150;4;100;2;
TL;ITA;18;PEC;2015;7;22;110;L4;A;100;1;100;1;
TL;ITA;18;PEC;2015;7;23;117;L1;B;200;3;200;3;
TL;ITA;18;PEC;2015;7;21;125;L1;A;140;2;140;2;
TL;ITA;18;PEC;2015;7;23;126;L1;A;20;3;20;3;
TL;ITA;18;PEC;2015;7;23;129;L1;A;100;3;100;3;
TL;ITA;18;PEC;2015;7;23;129;L4;A;400;2;400;2;
TL;ITA;18;PEC;2015;7;28;131;L1;E;50;1;50;1;
TL;ITA;18;PEC;2015;7;28;132;L1;A;105;4;100;3;
TL;ITA;18;PEC;2015;7;28;132;L1;C;105;4;5;1;BICCHIERE
TL;ITA;18;PEC;2015;7;28;133;L1;A;50;2;50;2;
TL;ITA;18;PEC;2015;7;28;133;L3;B;100;1;100;1;VASSOIO
TL;ITA;18;PEC;2015;7;27;134;L1;B;890;3;60;1;
TL;ITA;18;PEC;2015;7;27;134;L1;C;890;3;30;1;
TL;ITA;18;PEC;2015;7;27;134;L1;E;890;3;800;1;SECCHIO
TL;ITA;18;PEC;2015;7;27;134;L5;A;50;1;50;1;CAPPELLO
TL;ITA;18;PEC;2015;7;27;135;L1;C;30;1;30;1;
TL;ITA;18;PEC;2015;7;27;135;L2;B;100;1;100;1;
TL;ITA;18;PEC;2015;7;22;137;L1;C;40;2;40;2;
TL;ITA;18;PEC;2015;7;24;138;L1;A;100;3;100;3;
TL;ITA;18;PEC;2015;7;24;138;L4;A;150;1;150;1;
TL;ITA;18;PEC;2015;7;30;139;L1;B;2860;12;2060;8;
TL;ITA;18;PEC;2015;7;30;139;L1;F;2860;12;500;1;
TL;ITA;18;PEC;2015;7;30;139;L1;G;2860;12;100;1;
TL;ITA;18;PEC;2015;7;30;139;L1;H;2860;12;200;2;RESTA
TL;ITA;18;PEC;2015;7;30;139;L5;A;500;1;500;1;
TL;ITA;18;PEC;2015;7;22;142;L1;A;130;5;90;3;
TL;ITA;18;PEC;2015;7;22;142;L1;C;130;5;40;2;
TL;ITA;18;PEC;2015;7;22;142;L4;A;460;2;460;2;
TL;ITA;18;PEC;2015;7;22;142;L8;0;2200;1;2200;1;CONTENITORE DI PLASTICA CON VERNICE
TL;ITA;18;PEC;2015;7;30;143;L1;A;150;4;50;2;
TL;ITA;18;PEC;2015;7;30;143;L1;B;150;4;100;2;
TL;ITA;18;PEC;2015;7;30;144;L1;A;100;4;100;4;
TL;ITA;18;PEC;2015;7;30;144;L3;A;100;2;100;2;
TL;ITA;18;PEC;2015;7;30;145;L1;A;110;3;90;1;
TL;ITA;18;PEC;2015;7;30;145;L1;G;110;3;10;1;
TL;ITA;18;PEC;2015;7;30;145;L1;I;110;3;10;1;
TL;ITA;18;PEC;2015;7;30;145;L3;C;90;1;90;1;BOMBOLETTA
TL;ITA;18;PEC;2015;7;30;145;L5;A;50;2;50;2;
TL;ITA;18;PEC;2015;7;30;146;L1;E;50;1;50;1;
TL;ITA;18;PEC;2015;7;30;146;L4;A;660;3;660;3;
TL;ITA;18;PEC;2015;7;22;147;L1;A;50;2;50;2;
TL;ITA;18;PEC;2015;7;22;148;L1;B;70;2;50;1;
TL;ITA;18;PEC;2015;7;22;148;L1;C;70;2;20;1;
TL;ITA;18;PEC;2015;7;27;150;L1;A;50;2;50;2;
TL;ITA;18;PEC;2015;7;27;150;L3;A;100;3;100;3;
TL;ITA;18;PEC;2015;7;28;151;L1;A;50;2;50;2;
TL;ITA;18;PEC;2015;7;28;151;L5;B;100;1;100;1;
TL;ITA;18;PEC;2015;7;28;152;L1;A;35;5;15;2;
TL;ITA;18;PEC;2015;7;28;152;L1;B;35;5;20;3;
TL;ITA;18;PEC;2015;7;28;152;L3;A;2020;2;20;1;
TL;ITA;18;PEC;2015;7;28;152;L3;C;2020;2;2000;1;
TL;ITA;18;PEC;2015;7;23;160;L1;A;90;4;60;3;
TL;ITA;18;PEC;2015;7;23;160;L1;H;90;4;30;1;RESTA
TL;ITA;18;PEC;2015;7;27;161;L1;B;60;2;60;2;
TL;ITA;18;PEC;2015;7;27;161;L6;0;5300;1;5300;1;
TL;ITA;18;PEC;2015;7;30;162;L1;A;50;2;50;2;
TL;ITA;18;PEC;2015;7;30;162;L5;D;200;1;200;1;
TL;MON;18;PEC;2015;8;1;171;L1;A;5150;42;300;8;
TL;MON;18;PEC;2015;8;1;171;L1;B;5150;42;4400;25;
TL;MON;18;PEC;2015;8;1;171;L1;C;5150;42;250;7;
TL;MON;18;PEC;2015;8;1;171;L1;G;5150;42;130;1;
TL;MON;18;PEC;2015;8;1;171;L1;H;5150;42;70;1;BOA
TL;MON;18;PEC;2015;8;1;171;L2;B;200;1;200;1;
TL;MON;18;PEC;2015;8;1;171;L3;A;750;3;50;2;
TL;MON;18;PEC;2015;8;1;171;L3;C;750;3;700;1;PENTOLA
TL;MON;18;PEC;2015;8;1;171;L4;A;50;1;50;1;
TL;MON;18;PEC;2015;8;1;171;L5;A;540;3;340;1;
TL;MON;18;PEC;2015;8;1;171;L5;D;540;3;200;2;ASSORBENTI
TL;MON;18;PEC;2015;8;1;172;L1;A;50;1;50;1;
TL;MON;18;PEC;2015;8;1;173;L1;A;220;9;100;5;
TL;MON;18;PEC;2015;8;1;173;L1;C;220;9;40;3;
TL;MON;18;PEC;2015;8;1;173;L1;I;220;9;80;1;
TL;MON;18;PEC;2015;8;2;174;L1;A;200;3;100;2;
TL;MON;18;PEC;2015;8;2;174;L1;B;200;3;100;1;
TL;MON;18;PEC;2015;8;2;174;L3;A;30;1;30;1;
TL;MON;18;PEC;2015;8;3;175;L1;A;2580;16;80;4;
TL;MON;18;PEC;2015;8;3;175;L1;B;2580;16;2480;11;
TL;MON;18;PEC;2015;8;3;175;L1;C;2580;16;20;1;
TL;MON;18;PEC;2015;8;2;176;L1;A;50;2;50;2;
TL;MON;18;PEC;2015;8;2;177;L1;A;900;5;60;2;
TL;MON;18;PEC;2015;8;2;177;L1;B;900;5;840;3;
TL;MON;18;PEC;2015;8;2;177;L3;A;60;2;60;2;
TL;MON;18;PEC;2015;8;2;178;L1;A;80;3;20;1;
TL;MON;18;PEC;2015;8;2;178;L1;C;80;3;10;1;
TL;MON;18;PEC;2015;8;2;178;L1;G;80;3;50;1;
TL;MON;18;PEC;2015;8;2;179;L1;B;380;1;380;1;
TL;MON;18;PEC;2015;8;1;180;L1;B;160;3;60;2;
TL;MON;18;PEC;2015;8;1;180;L1;F;160;3;100;1;
TL;MON;18;PEC;2015;8;1;180;L5;D;50;1;50;1;ASSORBENTI
TL;ITA;18;PEC;2015;7;21;109;L1;A;200;3;50;1;
TL;ITA;18;PEC;2015;7;21;109;L1;E;200;3;100;1;VASO
TL;ITA;18;PEC;2015;7;21;109;L1;F;200;3;50;1;NASSA
TL;ITA;18;PEC;2015;7;21;112;L1;A;170;4;80;3;
TL;ITA;18;PEC;2015;7;21;112;L1;B;170;4;90;1;
TL;ITA;18;PEC;2015;7;23;121;L1;A;810;10;100;3;
TL;ITA;18;PEC;2015;7;23;121;L1;B;810;10;50;1;
TL;ITA;18;PEC;2015;7;23;121;L1;H;810;10;660;6;RESTA
TL;ITA;18;PEC;2015;7;23;123;L1;A;70;4;50;2;
TL;ITA;18;PEC;2015;7;23;123;L1;C;70;4;20;2;
TL;ITA;18;PEC;2015;7;8;156;L1;A;110;3;50;1;
TL;ITA;18;PEC;2015;7;8;156;L1;B;110;3;60;2;
TL;ITA;18;PEC;2015;7;8;76;L1;A;70;1;70;1;
TL;ITA;18;PEC;2015;7;8;76;L2;B;940;1;940;1;
TL;ITA;18;PEC;2015;7;8;157;L4;A;520;2;520;2;
TL;ITA;18;PEC;2015;7;8;157;L5;B;160;1;160;1;SPUGNA
TL;ITA;18;PEC;2015;7;9;84;L1;H;240;1;240;1;BOA
TL;ITA;18;PEC;2015;7;9;84;L3;B;6000;1;6000;1;LATTA DI VERNICE
TL;ITA;18;PEC;2015;7;9;88;L1;A;110;5;50;3;
TL;ITA;18;PEC;2015;7;9;88;L1;B;110;5;60;2;
TL;ITA;18;PEC;2015;7;9;88;L6;0;1270;1;1270;1;PEDANA
TL;ITA;18;PEC;2015;7;10;93;L1;A;40;2;40;2;
TL;ITA;18;PEC;2015;7;10;93;L5;A;120;1;120;1;
TL;ITA;18;PEC;2015;7;10;83;L1;A;80;4;50;2;
TL;ITA;18;PEC;2015;7;10;83;L1;C;80;4;10;1;
TL;ITA;18;PEC;2015;7;10;83;L1;H;80;4;20;1;NASSA
TL;ITA;18;PEC;2015;7;10;83;L4;A;150;1;150;1;
TL;ITA;18;PEC;2015;7;10;95;L1;B;120;1;120;1;DETERSIVO
TL;ITA;18;PEC;2015;7;10;95;L5;A;450;1;450;1;PANTALONCINO
TL;ITA;18;PEC;2015;7;10;158;L1;A;150;5;100;3;
TL;ITA;18;PEC;2015;7;10;158;L1;C;150;5;50;2;DENTIFRICIO
TL;ITA;18;PEC;2015;7;10;158;L8;0;20;1;20;1;SIGARETTE
TL;ITA;18;PEC;2015;7;10;97;L1;A;90;4;30;2;
TL;ITA;18;PEC;2015;7;10;97;L1;B;90;4;60;2;
TL;ITA;18;PEC;2015;7;10;97;L5;A;70;1;70;1;CALZINO
TL;ITA;18;PEC;2015;7;10;154;L1;A;60;3;10;1;
TL;ITA;18;PEC;2015;7;10;154;L1;B;60;3;50;2;
TL;ITA;18;PEC;2015;7;22;116;L1;A;690;11;540;10;
TL;ITA;18;PEC;2015;7;22;116;L1;B;690;11;150;1;
TL;ITA;18;PEC;2015;7;22;116;L3;A;40;1;40;1;
TL;ITA;18;PEC;2015;7;22;116;L4;A;2630;4;1440;3;
TL;ITA;18;PEC;2015;7;22;116;L4;D;2630;4;1190;1;BOCCACCIO
TL;ITA;18;PEC;2015;7;22;116;L8;0;620;1;620;1;LATTA DI PLASTICA CON VERNICE
TL;ITA;18;PEC;2012;7;26;76;L0;0;0;0;0;0;
TL;ITA;18;PEC;2012;7;26;157;L1;0;500;1;0;0;
TL;ITA;18;PEC;2012;7;26;157;L3;0;100;1;0;0;
TL;ITA;18;PEC;2012;7;26;88;L0;0;0;0;0;0;
TL;ITA;18;PEC;2012;7;26;156;L0;0;0;0;0;0;
TL;ITA;18;PEC;2012;7;26;77;L0;0;0;0;0;0;
TL;ITA;18;PEC;2012;7;26;78;L0;0;0;0;0;0;
TL;ITA;18;PEC;2012;7;28;158;L1;0;500;1;0;0;
TL;ITA;18;PEC;2012;7;28;158;L8;0;200;1;0;0;
TL;ITA;18;PEC;2012;7;28;86;L4;0;150;1;0;0;
TL;ITA;18;PEC;2012;7;28;86;L1;0;100;1;0;0;
TL;ITA;18;PEC;2012;7;28;95;L1;0;1400;1;0;0;
TL;ITA;18;PEC;2012;7;28;95;L4;0;800;1;0;0;
TL;ITA;18;PEC;2012;7;28;85;L1;0;300;1;0;0;
TL;ITA;18;PEC;2012;7;28;84;L0;0;0;0;0;0;
TL;ITA;18;PEC;2012;7;29;93;L1;0;450;1;0;0;
TL;ITA;18;PEC;2012;7;28;98;L0;0;0;0;0;0;
TL;ITA;18;PEC;2012;7;29;83;L1;0;1500;1;0;0;
TL;ITA;18;PEC;2012;7;29;97;L0;0;0;0;0;0;
TL;ITA;18;PEC;2012;7;29;154;L1;0;50;1;0;0;
TL;ITA;18;PEC;2012;7;30;131;L0;0;0;0;0;0;
TL;ITA;18;PEC;2012;7;30;151;L0;0;0;0;0;0;
TL;ITA;18;PEC;2012;7;30;152;L4;0;450;1;0;0;
TL;ITA;18;PEC;2012;7;30;132;L6;0;200;1;0;0;
TL;ITA;18;PEC;2012;7;30;133;L0;0;0;0;0;0;
TL;ITA;18;PEC;2012;7;30;150;L0;0;0;0;0;0;
TL;ITA;18;PEC;2012;7;31;161;L6;0;2000;1;0;0;
TL;ITA;18;PEC;2012;7;31;161;L1;0;1000;1;0;0;
TL;ITA;18;PEC;2012;7;31;134;L0;0;0;0;0;0;
TL;ITA;18;PEC;2012;7;31;135;L3;0;8000;1;0;0;
TL;ITA;18;PEC;2012;7;31;135;L1;0;1000;1;0;0;
TL;ITA;18;PEC;2012;7;31;101;L1;0;500;1;0;0;
TL;ITA;18;PEC;2012;7;31;104;L6;0;2000;1;0;0;
TL;ITA;18;PEC;2012;7;31;80;L0;0;0;0;0;0;
TL;ALB;18;PEC;2012;7;24;10;L1;0;1900;1;0;0;
TL;ALB;18;PEC;2012;7;20;14;L1;0;3500;1;0;0;
TL;ALB;18;PEC;2012;7;20;13;L1;0;850;1;0;0;
TL;ALB;18;PEC;2012;7;21;165;L1;0;600;1;0;0;
TL;ALB;18;PEC;2012;7;24;163;L1;0;2300;1;0;0;
TL;ALB;18;PEC;2012;7;24;163;L6;0;4200;1;0;0;
TL;ALB;18;PEC;2012;7;22;38;L1;0;1500;1;0;0;
TL;ALB;18;PEC;2012;7;22;38;L4;0;200;1;0;0;
TL;ALB;18;PEC;2012;7;22;38;L6;0;100;1;0;0;
TL;ALB;18;PEC;2012;7;21;26;L1;0;500;1;0;0;
TL;ALB;18;PEC;2012;7;21;26;L6;0;100;1;0;0;
TL;ALB;18;PEC;2012;7;21;33;L1;0;3500;1;0;0;
TL;ALB;18;PEC;2012;7;21;33;L2;0;25000;1;0;0;
TL;ALB;18;PEC;2012;7;21;32;L6;0;3200;1;0;0;
TL;ALB;18;PEC;2012;7;21;170;L1;0;1500;1;0;0;
TL;ALB;18;PEC;2012;7;21;170;L6;0;500;1;0;0;
TL;ALB;18;PEC;2012;7;22;27;L1;0;850;1;0;0;
TL;ALB;18;PEC;2012;7;22;39;L1;0;800;1;0;0;
TL;ALB;18;PEC;2012;7;21;166;L1;0;850;1;0;0;
TL;ALB;18;PEC;2012;7;21;166;L3;0;500;1;0;0;
TL;ALB;18;PEC;2012;7;20;168;L0;0;0;0;0;0;
TL;ALB;18;PEC;2012;7;22;167;L1;0;500;1;0;0;
TL;ALB;18;PEC;2012;7;22;169;L1;0;800;1;0;0;
TL;ALB;18;PEC;2012;7;22;169;L3;0;600;1;0;0;
TL;ALB;18;PEC;2012;7;22;169;L4;0;1200;1;0;0;
TL;ALB;18;PEC;2012;7;23;22;L3;0;200;1;0;0;
TL;ALB;18;PEC;2012;7;23;22;L1;0;500;1;0;0;
TL;ALB;18;PEC;2012;7;23;23;L1;0;100;1;0;0;
TL;ALB;18;PEC;2012;7;24;17;L1;0;400;1;0;0;
TL;ALB;18;PEC;2012;7;24;17;L3;0;100;1;0;0;
TL;ALB;18;PEC;2012;7;24;17;L6;0;200;1;0;0;
TL;ALB;18;PEC;2012;7;24;16;L0;0;0;0;0;0;
TL;ALB;18;PEC;2012;7;24;41;L0;0;0;0;0;0;
TL;ALB;18;PEC;2012;7;24;2;L1;0;500;1;0;0;
TL;ALB;18;PEC;2012;7;24;2;L5;0;1000;1;0;0;
TL;ALB;18;PEC;2012;7;24;2;L6;0;1000;1;0;0;
TL;ALB;18;PEC;2012;7;23;31;L0;0;0;0;0;0;
TL;ALB;18;PEC;2012;7;25;8;L1;0;2400;1;0;0;
TL;ALB;18;PEC;2012;7;25;8;L6;0;100;1;0;0;
TL;ALB;18;PEC;2012;7;25;6;L0;0;0;0;0;0;
TL;ALB;18;PEC;2012;7;25;4;L1;0;800;1;0;0;
TL;ALB;18;PEC;2012;7;25;1;L1;0;550;1;0;0;
TL;ITA;18;PEC;2012;7;11;145;L0;0;0;0;0;0;
TL;ITA;18;PEC;2012;7;11;144;L0;0;0;0;0;0;
TL;ITA;18;PEC;2012;7;11;143;L1;0;80;1;0;0;
TL;ITA;18;PEC;2012;7;11;143;L8;0;210;1;0;0;
TL;ITA;18;PEC;2012;7;11;146;L1;0;30;1;0;0;
TL;ITA;18;PEC;2012;7;11;146;L3;0;30;1;0;0;
TL;ITA;18;PEC;2012;7;11;146;L5;0;40;1;0;0;
TL;ITA;18;PEC;2012;7;11;146;L8;0;8500;1;0;0;
TL;ITA;18;PEC;2012;7;10;117;L0;0;0;0;0;0;
TL;ITA;18;PEC;2012;7;10;126;L1;0;250;1;0;0;
TL;ITA;18;PEC;2012;7;10;121;L1;0;750;1;0;0;
TL;ITA;18;PEC;2012;7;10;123;L0;0;0;0;0;0;
TL;ITA;18;PEC;2012;7;12;147;L6;0;240;1;0;0;
TL;ITA;18;PEC;2012;7;12;147;L1;0;230;1;0;0;
TL;ITA;18;PEC;2012;7;11;162;L0;0;0;0;0;0;
TL;ITA;18;PEC;2012;7;12;137;L1;0;200;1;0;0;
TL;ITA;18;PEC;2012;7;12;137;L6;0;100;1;0;0;
TL;ITA;18;PEC;2012;7;10;160;L0;0;0;0;0;0;
TL;ITA;18;PEC;2012;7;10;125;L0;0;0;0;0;0;
TL;ITA;18;PEC;2012;7;10;129;L6;0;300;1;0;0;
TL;ITA;18;PEC;2012;7;10;129;L1;0;100;1;0;0;
TL;ITA;18;PEC;2012;7;12;148;L1;0;100;1;0;0;
TL;ITA;18;PEC;2012;7;12;148;L5;0;70;1;0;0;
TL;ITA;18;PEC;2012;7;12;148;L8;0;50;1;0;0;
TL;ITA;18;PEC;2012;7;11;139;L1;0;1500;1;0;0;
TL;ITA;18;PEC;2012;7;11;139;L4;0;2500;1;0;0;
TL;ITA;18;PEC;2012;7;11;139;L3;0;2500;1;0;0;
TL;ITA;18;PEC;2012;7;12;116;L1;0;50;1;0;0;
TL;ITA;18;PEC;2012;7;12;116;L5;0;80;1;0;0;
TL;ITA;18;PEC;2012;7;12;116;L4;0;100;1;0;0;
TL;ITA;18;PEC;2012;7;12;116;L3;0;200;1;0;0;
TL;ITA;18;PEC;2012;7;12;142;L8;0;2000;1;0;0;
TL;ITA;18;PEC;2012;7;12;142;L1;0;500;1;0;0;
TL;ITA;18;PEC;2012;7;12;142;L6;0;1000;1;0;0;
TL;ITA;18;PEC;2012;7;12;142;L4;0;100;1;0;0;
TL;ITA;18;PEC;2012;7;13;109;L1;0;550;1;0;0;
TL;ITA;18;PEC;2012;7;13;109;L6;0;100;1;0;0;
TL;ITA;18;PEC;2012;7;13;112;L1;0;170;1;0;0;
TL;ITA;18;PEC;2012;7;14;100;L0;0;0;0;0;0;
TL;ITA;18;PEC;2012;7;14;105;L1;0;1500;1;0;0;
TL;ITA;18;PEC;2012;7;14;107;L1;0;500;1;0;0;
TL;ITA;18;PEC;2012;7;14;107;L6;0;1500;1;0;0;
TL;ITA;18;PEC;2012;7;14;107;L4;0;100;1;0;0;
TL;ITA;18;PEC;2012;7;14;138;L1;0;180;1;0;0;
TL;ITA;18;PEC;2012;7;14;138;L6;0;100;1;0;0;
TL;ITA;18;PEC;2012;7;14;110;L5;0;300;1;0;0;
TL;ITA;18;PEC;2012;7;14;110;L6;0;200;1;0;0;
TL;ITA;18;PEC;2012;7;14;110;L1;0;100;1;0;0;
TL;MON;18;PEC;2012;7;19;176;L1;0;3500;1;0;0;
TL;MON;18;PEC;2012;7;19;176;L3;0;500;1;0;0;
TL;MON;18;PEC;2012;7;19;176;L4;0;1500;1;0;0;
TL;MON;18;PEC;2012;7;18;179;L1;0;1500;1;0;0;
TL;MON;18;PEC;2012;7;17;180;L1;0;1500;1;0;0;
TL;MON;18;PEC;2012;7;17;180;L6;0;500;1;0;0;
TL;MON;18;PEC;2012;7;17;171;L1;0;2060;1;0;0;
TL;MON;18;PEC;2012;7;17;171;L2;0;20000;1;0;0;
TL;MON;18;PEC;2012;7;19;177;L1;0;1500;1;0;0;
TL;MON;18;PEC;2012;7;19;177;L6;0;500;1;0;0;
TL;MON;18;PEC;2012;7;19;178;L1;0;40000;1;0;0;
TL;MON;18;PEC;2012;7;19;174;L1;0;1500;1;0;0;
TL;MON;18;PEC;2012;7;19;174;L6;0;500;1;0;0;
TL;MON;18;PEC;2012;7;19;174;L5;0;1000;1;0;0;
TL;MON;18;PEC;2012;7;17;175;L1;0;4650;1;0;0;
TL;MON;18;PEC;2012;7;18;172;L0;0;0;0;0;0;
TL;MON;18;PEC;2012;7;18;173;L8;0;300000;1;0;0;
TL;ALB;18;PEC;2016;8;3;1;L1;A;2120;4;20;1;
TL;ALB;18;PEC;2016;8;3;1;L1;B;2120;4;1000;2;
TL;ALB;18;PEC;2016;8;3;1;L1;E;2120;4;1100;1;
TL;ALB;18;PEC;2016;8;3;1;L5;A;200;1;200;1;
TL;ALB;18;PEC;2016;8;2;2;L1;A;90;5;30;3;
TL;ALB;18;PEC;2016;8;2;2;L1;B;90;5;60;2;
TL;ALB;18;PEC;2016;8;3;4;L1;B;2580;10;2230;8;
TL;ALB;18;PEC;2016;8;3;4;L1;E;2580;10;250;1;
TL;ALB;18;PEC;2016;8;3;4;L1;G;2580;10;100;1;
TL;ALB;18;PEC;2016;8;3;4;L8;0;540;1;540;1;
TL;ALB;18;PEC;2016;8;3;6;L1;A;480;7;170;3;
TL;ALB;18;PEC;2016;8;3;6;L1;B;480;7;310;4;
TL;ALB;18;PEC;2016;8;3;6;L8;0;1020;1;1020;1;
TL;ALB;18;PEC;2016;8;2;8;L1;A;1520;13;120;2;
TL;ALB;18;PEC;2016;8;2;8;L1;B;1520;13;1400;11;
TL;ALB;18;PEC;2016;8;2;8;L3;B;30;1;30;1;
TL;ALB;18;PEC;2016;8;5;10;L1;A;460;10;60;3;
TL;ALB;18;PEC;2016;8;5;10;L1;B;460;10;350;6;
TL;ALB;18;PEC;2016;8;5;10;L1;H;460;10;50;1;
TL;ALB;18;PEC;2016;8;5;10;L3;A;30;2;20;1;
TL;ALB;18;PEC;2016;8;5;10;L3;B;30;2;10;1;
TL;ALB;18;PEC;2016;8;5;10;L5;D;230;1;230;1;
TL;ALB;18;PEC;2016;8;3;13;L1;A;940;11;140;5;
TL;ALB;18;PEC;2016;8;3;13;L1;B;940;11;180;3;
TL;ALB;18;PEC;2016;8;3;13;L1;C;940;11;70;2;
TL;ALB;18;PEC;2016;8;3;13;L1;E;940;11;550;1;
TL;ALB;18;PEC;2016;8;3;14;L1;B;620;4;270;3;
TL;ALB;18;PEC;2016;8;3;14;L1;E;620;4;350;1;
TL;ALB;18;PEC;2016;8;3;14;L3;A;130;2;130;2;
TL;ALB;18;PEC;2016;8;5;16;L1;B;2900;16;2850;15;
TL;ALB;18;PEC;2016;8;5;16;L1;C;2900;16;50;1;
TL;ALB;18;PEC;2016;8;5;16;L3;A;100;2;100;2;
TL;ALB;18;PEC;2016;8;5;16;L4;A;300;1;300;1;
TL;ALB;18;PEC;2016;8;4;17;L1;A;600;13;100;7;
TL;ALB;18;PEC;2016;8;4;17;L1;B;600;13;500;6;
TL;ALB;18;PEC;2016;8;4;17;L5;D;150;1;150;1;
TL;ALB;18;PEC;2016;8;4;22;L1;B;60;2;50;1;
TL;ALB;18;PEC;2016;8;4;22;L1;H;60;2;10;1;
TL;ALB;18;PEC;2016;8;4;22;L4;A;150;1;150;1;
TL;ALB;18;PEC;2016;8;4;23;L1;B;130;3;130;3;
TL;ALB;18;PEC;2016;8;4;23;L5;A;90;1;90;1;
TL;ALB;18;PEC;2016;7;30;26;L1;A;3040;7;350;2;
TL;ALB;18;PEC;2016;7;30;26;L1;B;3040;7;50;1;
TL;ALB;18;PEC;2016;7;30;26;L1;C;3040;7;20;1;
TL;ALB;18;PEC;2016;7;30;26;L1;G;3040;7;2500;1;
TL;ALB;18;PEC;2016;7;30;26;L1;H;3040;7;120;2;
TL;ALB;18;PEC;2016;7;30;26;L3;A;30;1;30;1;
TL;ALB;18;PEC;2016;7;30;26;L4;A;500;1;500;1;
TL;ALB;18;PEC;2016;7;30;26;L5;A;4700;2;1800;1;
TL;ALB;18;PEC;2016;7;30;26;L5;B;4700;2;2900;1;
TL;ALB;18;PEC;2016;7;29;27;L1;A;80;4;40;2;
TL;ALB;18;PEC;2016;7;29;27;L1;B;80;4;30;1;
TL;ALB;18;PEC;2016;7;29;27;L1;G;80;4;10;1;
TL;ALB;18;PEC;2016;7;29;27;L3;A;20;1;20;1;
TL;ALB;18;PEC;2016;7;29;27;L4;A;590;1;590;1;
TL;ALB;18;PEC;2016;7;29;27;L5;A;850;1;850;1;
TL;ALB;18;PEC;2016;8;4;31;L1;A;100;1;100;1;
TL;ALB;18;PEC;2016;8;4;31;L2;B;50;1;50;1;
TL;ALB;18;PEC;2016;7;29;32;L1;A;190;7;110;3;
TL;ALB;18;PEC;2016;7;29;32;L1;B;190;7;60;3;
TL;ALB;18;PEC;2016;7;29;32;L1;H;190;7;20;1;
TL;ALB;18;PEC;2016;7;29;32;L2;B;290;1;290;1;
TL;ALB;18;PEC;2016;7;29;32;L3;A;110;8;110;8;
TL;ALB;18;PEC;2016;7;29;33;L1;A;1440;4;30;1;
TL;ALB;18;PEC;2016;7;29;33;L1;B;1440;4;100;1;
TL;ALB;18;PEC;2016;7;29;33;L1;D;1440;4;1300;1;
TL;ALB;18;PEC;2016;7;29;33;L1;G;1440;4;10;1;
TL;ALB;18;PEC;2016;7;29;33;L5;B;270;1;270;1;
TL;ALB;18;PEC;2016;7;29;38;L1;A;220;3;20;1;
TL;ALB;18;PEC;2016;7;29;38;L1;B;220;3;100;1;
TL;ALB;18;PEC;2016;7;29;38;L1;H;220;3;100;1;
TL;ALB;18;PEC;2016;7;29;38;L5;B;1450;1;1450;1;
TL;ALB;18;PEC;2016;7;29;39;L1;A;2040;8;150;4;
TL;ALB;18;PEC;2016;7;29;39;L1;B;2040;8;50;1;
TL;ALB;18;PEC;2016;7;29;39;L1;G;2040;8;1720;1;
TL;ALB;18;PEC;2016;7;29;39;L1;H;2040;8;120;2;
TL;ALB;18;PEC;2016;8;5;41;L1;A;1210;11;180;3;
TL;ALB;18;PEC;2016;8;5;41;L1;B;1210;11;710;6;
TL;ALB;18;PEC;2016;8;5;41;L1;C;1210;11;20;1;
TL;ALB;18;PEC;2016;8;5;41;L1;E;1210;11;300;1;
TL;ALB;18;PEC;2016;8;5;41;L2;B;670;1;670;1;
TL;ALB;18;PEC;2016;8;5;41;L5;D;200;1;200;1;
TL;ITA;18;PEC;2016;8;6;76;L1;A;40;2;20;1;
TL;ITA;18;PEC;2016;8;6;76;L1;C;40;2;20;1;
TL;ITA;18;PEC;2016;8;6;77;L1;B;10;1;10;1;
TL;ITA;18;PEC;2016;8;6;78;L1;A;170;2;10;1;
TL;ITA;18;PEC;2016;8;6;78;L1;E;170;2;160;1;
TL;ITA;18;PEC;2016;8;6;78;L4;A;150;1;150;1;
TL;ITA;18;PEC;2016;8;18;80;L1;A;410;6;330;3;
TL;ITA;18;PEC;2016;8;18;80;L1;C;410;6;30;1;
TL;ITA;18;PEC;2016;8;18;80;L1;H;410;6;50;2;
TL;ITA;18;PEC;2016;8;9;83;L1;A;10;1;10;1;
TL;ITA;18;PEC;2016;8;9;84;L1;A;370;5;340;4;
TL;ITA;18;PEC;2016;8;9;84;L1;E;370;5;30;1;
TL;ITA;18;PEC;2016;8;9;84;L2;A;1040;1;1040;1;
TL;ITA;18;PEC;2016;8;9;84;L3;C;340;1;340;1;
TL;ITA;18;PEC;2016;8;9;85;L1;B;50;4;50;4;
TL;ITA;18;PEC;2016;8;9;85;L3;B;50;1;50;1;
TL;ITA;18;PEC;2016;8;9;86;L1;A;420;7;180;5;
TL;ITA;18;PEC;2016;8;9;86;L1;B;420;7;230;1;
TL;ITA;18;PEC;2016;8;9;86;L1;C;420;7;10;1;
TL;ITA;18;PEC;2016;8;9;86;L5;A;20;1;20;1;
TL;ITA;18;PEC;2016;8;6;88;L1;A;110;3;30;1;
TL;ITA;18;PEC;2016;8;6;88;L1;D;110;3;30;1;
TL;ITA;18;PEC;2016;8;6;88;L1;H;110;3;50;1;
TL;ITA;18;PEC;2016;8;6;88;L5;B;110;1;110;1;
TL;ITA;18;PEC;2016;8;9;93;L1;B;25;2;20;1;
TL;ITA;18;PEC;2016;8;9;93;L1;C;25;2;5;1;
TL;ITA;18;PEC;2016;8;9;93;L3;C;1870;1;1870;1;
TL;ITA;18;PEC;2016;8;9;95;L1;B;40;2;40;2;
TL;ITA;18;PEC;2016;8;9;95;L4;A;180;1;180;1;
TL;ITA;18;PEC;2016;8;7;97;L1;B;30;3;30;3;
TL;ITA;18;PEC;2016;8;10;98;L1;A;60;4;10;1;
TL;ITA;18;PEC;2016;8;10;98;L1;C;60;4;50;3;
TL;ITA;18;PEC;2016;8;10;98;L7;0;10;1;10;1;
TL;ITA;18;PEC;2016;8;18;100;L1;A;70;2;70;2;
TL;ITA;18;PEC;2016;8;18;100;L3;A;30;1;30;1;
TL;ITA;18;PEC;2016;8;8;101;L1;A;25;3;15;2;
TL;ITA;18;PEC;2016;8;8;101;L1;C;25;3;10;1;
TL;ITA;18;PEC;2016;8;11;104;L1;A;40;4;10;2;
TL;ITA;18;PEC;2016;8;11;104;L1;C;40;4;30;2;
TL;ITA;18;PEC;2016;8;11;104;L5;A;50;1;50;1;
TL;ITA;18;PEC;2016;8;18;105;L1;A;130;4;10;2;
TL;ITA;18;PEC;2016;8;18;105;L1;G;130;4;100;1;
TL;ITA;18;PEC;2016;8;18;105;L1;H;130;4;20;1;
TL;ITA;18;PEC;2016;8;18;107;L1;A;20;1;20;1;
TL;ITA;18;PEC;2016;8;18;107;L2;B;1030;1;1030;1;
TL;ITA;18;PEC;2016;8;25;109;L1;A;150;4;150;4;
TL;ITA;18;PEC;2016;8;21;110;L1;B;50;2;40;1;
TL;ITA;18;PEC;2016;8;21;110;L1;G;50;2;10;1;
TL;ITA;18;PEC;2016;8;21;110;L5;A;450;1;450;1;
TL;ITA;18;PEC;2016;8;21;110;L7;0;20;1;20;1;
TL;ITA;18;PEC;2016;8;25;112;L1;A;40;2;10;1;
TL;ITA;18;PEC;2016;8;25;112;L1;E;40;2;30;1;
TL;ITA;18;PEC;2016;8;21;117;L1;C;290;6;50;1;
TL;ITA;18;PEC;2016;8;21;117;L1;F;290;6;240;5;
TL;ITA;18;PEC;2016;8;22;121;L1;A;1350;18;150;5;
TL;ITA;18;PEC;2016;8;22;121;L1;E;1350;18;1200;13;
TL;ITA;18;PEC;2016;8;22;123;L1;A;1670;18;60;2;
TL;ITA;18;PEC;2016;8;22;123;L1;C;1670;18;10;1;
TL;ITA;18;PEC;2016;8;22;123;L1;E;1670;18;1600;15;
TL;ITA;18;PEC;2016;8;22;125;L1;A;70;3;20;2;
TL;ITA;18;PEC;2016;8;22;125;L1;E;70;3;50;1;
TL;ITA;18;PEC;2016;8;21;126;L1;C;30;2;30;2;
TL;ITA;18;PEC;2016;8;21;126;L2;B;90;1;90;1;
TL;ITA;18;PEC;2016;8;21;129;L1;C;60;3;30;2;
TL;ITA;18;PEC;2016;8;21;129;L1;F;60;3;30;1;
TL;ITA;18;PEC;2016;8;8;131;L1;A;180;5;90;2;
TL;ITA;18;PEC;2016;8;8;131;L1;B;180;5;50;1;
TL;ITA;18;PEC;2016;8;8;131;L1;C;180;5;10;1;
TL;ITA;18;PEC;2016;8;8;131;L1;H;180;5;30;1;
TL;ITA;18;PEC;2016;8;8;132;L1;A;60;4;50;3;
TL;ITA;18;PEC;2016;8;8;132;L1;H;60;4;10;1;
TL;ITA;18;PEC;2016;8;10;133;L5;A;60;1;60;1;
TL;ITA;18;PEC;2016;8;8;134;L1;A;60;2;20;1;
TL;ITA;18;PEC;2016;8;8;134;L1;C;60;2;40;1;
TL;ITA;18;PEC;2016;8;11;135;L1;A;350;5;160;2;
TL;ITA;18;PEC;2016;8;11;135;L1;B;350;5;70;1;
TL;ITA;18;PEC;2016;8;11;135;L1;H;350;5;120;2;
TL;ITA;18;PEC;2016;8;20;137;L1;A;160;4;100;2;
TL;ITA;18;PEC;2016;8;20;137;L1;B;160;4;30;1;
TL;ITA;18;PEC;2016;8;20;137;L1;G;160;4;30;1;
TL;ITA;18;PEC;2016;8;21;138;L1;A;100;3;100;3;
TL;ITA;18;PEC;2016;8;19;139;L1;B;70;1;70;1;
TL;ITA;18;PEC;2016;8;19;139;L2;B;310;1;310;1;
TL;ITA;18;PEC;2016;8;19;139;L3;C;2330;1;2330;1;
TL;ITA;18;PEC;2016;8;19;139;L4;A;2030;6;2030;6;
TL;ITA;18;PEC;2016;8;20;142;L1;a;240;8;200;6;
TL;ITA;18;PEC;2016;8;20;142;L1;c;240;8;40;2;
TL;ITA;18;PEC;2016;8;20;142;L2;b;10;1;10;1;
TL;ITA;18;PEC;2016;8;20;142;L3;a;40;2;40;2;
TL;ITA;18;PEC;2016;8;20;142;L4;a;400;2;400;2;
TL;ITA;18;PEC;2016;8;19;143;L1;A;30;1;30;1;
TL;ITA;18;PEC;2016;8;19;143;L8;NR;5000;1;5000;1;
TL;ITA;18;PEC;2016;8;19;144;L1;A;290;6;130;2;
TL;ITA;18;PEC;2016;8;19;144;L1;C;290;6;160;4;
TL;ITA;18;PEC;2016;8;19;144;L3;B;20;1;20;1;
TL;ITA;18;PEC;2016;8;19;144;L5;A;160;2;160;2;
TL;ITA;18;PEC;2016;8;19;145;L1;B;150;8;70;2;
TL;ITA;18;PEC;2016;8;19;145;L1;C;150;8;60;4;
TL;ITA;18;PEC;2016;8;19;145;L1;G;150;8;20;2;
TL;ITA;18;PEC;2016;8;19;145;L2;B;560;1;560;1;
TL;ITA;18;PEC;2016;8;19;145;L4;A;1150;1;1150;1;
TL;ITA;18;PEC;2016;8;19;146;L1;A;30;2;30;2;
TL;ITA;18;PEC;2016;8;19;146;L4;A;400;2;400;2;
TL;ITA;18;PEC;2016;8;20;147;L1;B;80;2;60;1;
TL;ITA;18;PEC;2016;8;20;147;L1;C;80;2;20;1;
TL;ITA;18;PEC;2016;8;20;147;L3;A;10;1;10;1;
TL;ITA;18;PEC;2016;8;20;147;L5;C;110;1;110;1;
TL;ITA;18;PEC;2016;8;20;148;L1;A;120;2;20;1;
TL;ITA;18;PEC;2016;8;20;148;L1;B;120;2;100;1;
TL;ITA;18;PEC;2016;8;20;148;L5;A;270;2;190;1;
TL;ITA;18;PEC;2016;8;20;148;L5;C;270;2;80;1;
TL;ITA;18;PEC;2016;8;11;150;L1;A;280;4;50;2;
TL;ITA;18;PEC;2016;8;11;150;L1;G;280;4;30;1;
TL;ITA;18;PEC;2016;8;11;150;L1;H;280;4;200;1;
TL;ITA;18;PEC;2016;8;10;151;L1;A;190;3;30;1;
TL;ITA;18;PEC;2016;8;10;151;L1;B;190;3;160;2;
TL;ITA;18;PEC;2016;8;10;151;L3;A;40;1;40;1;
TL;ITA;18;PEC;2016;8;10;152;L1;A;3710;11;1100;9;
TL;ITA;18;PEC;2016;8;10;152;L1;E;3710;11;2610;2;
TL;ITA;18;PEC;2016;8;10;152;L4;A;100;1;100;1;
TL;ITA;18;PEC;2016;8;10;152;L5;A;23100;10;23100;10;
TL;ITA;18;PEC;2016;8;8;154;L1;C;40;1;40;1;
TL;ITA;18;PEC;2016;8;8;154;L6;NR;60;1;60;1;
TL;ITA;18;PEC;2016;8;6;156;L1;A;120;3;20;1;
TL;ITA;18;PEC;2016;8;6;156;L1;B;120;3;50;1;
TL;ITA;18;PEC;2016;8;6;156;L1;H;120;3;50;1;
TL;ITA;18;PEC;2016;8;6;157;L1;A;90;4;10;2;
TL;ITA;18;PEC;2016;8;6;157;L1;E;90;4;70;1;
TL;ITA;18;PEC;2016;8;6;157;L1;F;90;4;10;1;
TL;ITA;18;PEC;2016;8;6;157;L4;A;580;1;580;1;
TL;ITA;18;PEC;2016;8;7;158;L1;A;40;3;10;1;
TL;ITA;18;PEC;2016;8;7;158;L1;C;40;3;20;1;
TL;ITA;18;PEC;2016;8;7;158;L1;E;40;3;10;1;
TL;ITA;18;PEC;2016;8;7;158;L3;A;50;1;50;1;
TL;ITA;18;PEC;2016;8;7;158;L4;A;680;3;680;3;
TL;ITA;18;PEC;2016;8;7;158;L5;A;800;2;40;1;
TL;ITA;18;PEC;2016;8;7;158;L5;B;800;2;760;1;
TL;ITA;18;PEC;2016;8;21;160;L1;A;50;3;20;2;
TL;ITA;18;PEC;2016;8;21;160;L1;G;50;3;30;1;
TL;ITA;18;PEC;2016;8;11;161;L1;A;100;3;50;2;
TL;ITA;18;PEC;2016;8;11;161;L1;H;100;3;50;1;
TL;ITA;18;PEC;2016;8;11;161;L4;A;250;1;250;1;
TL;ITA;18;PEC;2016;8;11;161;L5;A;100;1;100;1;
TL;ITA;18;PEC;2016;8;20;162;L1;C;370;4;50;3;
TL;ITA;18;PEC;2016;8;20;162;L1;I;370;4;320;1;
TL;ITA;18;PEC;2016;8;20;162;L3;A;20;1;20;1;
TL;ITA;18;PEC;2016;8;20;162;L5;A;320;1;320;1;
TL;ALB;18;PEC;2016;8;4;163;L1;A;2830;18;330;2;
TL;ALB;18;PEC;2016;8;4;163;L1;B;2830;18;2450;13;
TL;ALB;18;PEC;2016;8;4;163;L1;C;2830;18;50;3;
TL;ALB;18;PEC;2016;8;4;163;L3;A;70;1;70;1;
TL;ALB;18;PEC;2016;8;4;163;L5;A;1570;3;1200;1;
TL;ALB;18;PEC;2016;8;4;163;L5;D;1570;3;370;2;
TL;ALB;18;PEC;2016;7;30;165;L1;A;1930;4;30;2;
TL;ALB;18;PEC;2016;7;30;165;L1;B;1930;4;1900;2;
TL;ALB;18;PEC;2016;7;30;165;L3;A;50;1;50;1;
TL;ALB;18;PEC;2016;8;5;166;L1;B;90;1;90;1;
TL;ALB;18;PEC;2016;8;5;166;L3;A;20;2;10;1;
TL;ALB;18;PEC;2016;8;5;166;L3;B;20;2;10;1;
TL;ALB;18;PEC;2016;7;29;167;L1;A;310;6;50;1;
TL;ALB;18;PEC;2016;7;29;167;L1;B;310;6;250;4;
TL;ALB;18;PEC;2016;7;29;167;L1;G;310;6;10;1;
TL;ALB;18;PEC;2016;7;29;167;L3;B;50;2;50;2;
TL;ALB;18;PEC;2016;7;30;168;L1;A;230;2;10;1;
TL;ALB;18;PEC;2016;7;30;168;L1;B;230;2;220;1;
TL;ALB;18;PEC;2016;7;30;168;L3;A;30;1;30;1;
TL;ALB;18;PEC;2016;8;4;169;L1;A;50;1;50;1;
TL;ALB;18;PEC;2016;8;4;169;L4;D;100;1;100;1;
TL;ALB;18;PEC;2016;7;30;170;L1;A;8130;27;1060;14;
TL;ALB;18;PEC;2016;7;30;170;L1;B;8130;27;190;3;
TL;ALB;18;PEC;2016;7;30;170;L1;E;8130;27;550;1;
TL;ALB;18;PEC;2016;7;30;170;L1;G;8130;27;6000;3;
TL;ALB;18;PEC;2016;7;30;170;L1;H;8130;27;330;6;
TL;ALB;18;PEC;2016;7;30;170;L8;0;490;1;490;1;
TL;MON;18;PEC;2016;7;31;171;L1;A;6800;64;1200;20;
TL;MON;18;PEC;2016;7;31;171;L1;B;6800;64;5400;40;
TL;MON;18;PEC;2016;7;31;171;L1;C;6800;64;200;4;
TL;MON;18;PEC;2016;8;1;172;L1;A;200;7;90;4;
TL;MON;18;PEC;2016;8;1;172;L1;B;200;7;40;1;
TL;MON;18;PEC;2016;8;1;172;L1;G;200;7;20;1;
TL;MON;18;PEC;2016;8;1;172;L1;H;200;7;50;1;
TL;MON;18;PEC;2016;8;1;172;L5;D;230;1;230;1;
TL;MON;18;PEC;2016;8;1;173;L1;A;230;8;40;1;
TL;MON;18;PEC;2016;8;1;173;L1;B;230;8;110;3;
TL;MON;18;PEC;2016;8;1;173;L1;C;230;8;30;3;
TL;MON;18;PEC;2016;8;1;173;L1;H;230;8;50;1;
TL;MON;18;PEC;2016;8;1;173;L8;NA;2500;1;2500;1;
TL;MON;18;PEC;2016;8;1;174;L1;A;320;10;120;5;
TL;MON;18;PEC;2016;8;1;174;L1;B;320;10;200;5;
TL;MON;18;PEC;2016;8;1;174;L3;A;40;1;40;1;
TL;MON;18;PEC;2016;7;31;175;L1;A;5530;65;700;12;
TL;MON;18;PEC;2016;7;31;175;L1;B;5530;65;3630;37;
TL;MON;18;PEC;2016;7;31;175;L1;C;5530;65;500;15;
TL;MON;18;PEC;2016;7;31;175;L1;E;5530;65;700;1;
TL;MON;18;PEC;2016;7;31;175;L2;A;1000;1;1000;1;
TL;MON;18;PEC;2016;7;31;175;L3;A;1200;15;1200;15;
TL;MON;18;PEC;2016;7;31;175;L5;D;700;3;700;3;
TL;MON;18;PEC;2016;7;31;176;L1;A;1020;15;50;4;
TL;MON;18;PEC;2016;7;31;176;L1;B;1020;15;970;11;
TL;MON;18;PEC;2016;7;31;176;L3;A;30;1;30;1;
TL;MON;18;PEC;2016;7;31;176;L4;A;100;1;100;1;
TL;MON;18;PEC;2016;7;31;176;L5;D;150;1;150;1;
TL;MON;18;PEC;2016;7;30;177;L1;A;430;8;220;6;
TL;MON;18;PEC;2016;7;30;177;L1;B;430;8;210;2;
TL;MON;18;PEC;2016;7;30;177;L2;B;560;2;560;2;
TL;MON;18;PEC;2016;7;30;177;L3;D;500;1;500;1;
TL;MON;18;PEC;2016;7;30;177;L4;A;160;1;160;1;
TL;MON;18;PEC;2016;7;30;177;L8;NA;50;1;50;1;
TL;MON;18;PEC;2016;8;1;178;L1;A;550;12;400;11;
TL;MON;18;PEC;2016;8;1;178;L1;B;550;12;150;1;
TL;MON;18;PEC;2016;8;1;178;L5;B;410;2;200;1;
TL;MON;18;PEC;2016;8;1;178;L5;D;410;2;210;1;
TL;MON;18;PEC;2016;8;1;179;L1;B;70;1;70;1;
TL;MON;18;PEC;2016;7;31;180;L1;B;320;2;320;2;
TL;MON;18;PEC;2016;7;31;180;L2;A;15000;1;15000;1;
TL;MON;18;PEC;2016;7;31;180;L3;A;20;1;20;1;
TL;ITA;18;PEC;2016;8;20;116;L1;A;2140;23;430;5;
TL;ITA;18;PEC;2016;8;20;116;L1;B;2140;23;330;3;
TL;ITA;18;PEC;2016;8;20;116;L1;C;2140;23;30;8;
TL;ITA;18;PEC;2016;8;20;116;L1;E;2140;23;800;3;
TL;ITA;18;PEC;2016;8;20;116;L1;H;2140;23;450;3;
TL;ITA;18;PEC;2016;8;20;116;L1;I;2140;23;100;1;
TL;ITA;18;PEC;2016;8;20;116;L3;A;3720;5;60;2;
TL;ITA;18;PEC;2016;8;20;116;L3;C;3720;5;3160;2;
TL;ITA;18;PEC;2016;8;20;116;L3;E;3720;5;500;1;
TL;ITA;18;PEC;2016;8;20;116;L4;A;1650;4;1650;4;
TL;ITA;18;PEC;2016;8;20;116;L5;A;280;1;280;1;
TL;ALB;18;PEC;2017;10;29;23;L0;NA;0;0;0;0;
TL;ALB;18;PEC;2017;10;21;32;L1;A;140;7;60;5;
TL;ALB;18;PEC;2017;10;21;168;L1;A;100;3;50;2;
TL;ALB;18;PEC;2017;10;21;26;L1;A;130;2;20;1;
TL;ALB;18;PEC;2017;10;21;165;L1;A;630;1;630;1;
TL;ALB;18;PEC;2017;10;21;166;L1;A;30;3;30;3;
TL;ALB;18;PEC;2017;10;27;10;L1;A;560;7;100;3;
TL;ALB;18;PEC;2017;10;19;167;L1;A;210;3;210;3;
TL;ALB;18;PEC;2017;10;28;8;L1;A;250;6;50;3;
TL;ALB;18;PEC;2017;10;28;4;L1;A;2030;15;100;4;
TL;ALB;18;PEC;2017;10;27;16;L1;A;1380;13;30;1;
TL;ALB;18;PEC;2017;10;29;22;L1;A;10;1;10;1;
TL;ALB;18;PEC;2017;10;29;163;L1;A;1560;11;240;4;
TL;ALB;18;PEC;2017;10;29;31;L1;A;100;3;20;1;
TL;ALB;18;PEC;2017;10;28;13;L1;A;1130;9;230;4;
TL;ALB;18;PEC;2017;10;19;170;L1;A;13330;16;160;7;
TL;ALB;18;PEC;2017;10;19;39;L1;A;130;4;80;3;
TL;ALB;18;PEC;2017;10;19;33;L1;A;205;4;115;2;
TL;ALB;18;PEC;2017;10;21;26;L1;B;130;2;110;1;
TL;ALB;18;PEC;2017;10;27;16;L1;B;1380;13;860;11;
TL;ALB;18;PEC;2017;10;29;163;L1;B;1560;11;1250;5;
TL;ALB;18;PEC;2017;10;29;31;L1;B;100;3;80;2;
TL;ALB;18;PEC;2017;10;19;38;L1;B;1250;5;1200;4;
TL;ALB;18;PEC;2017;10;19;39;L1;B;130;4;50;1;
TL;ALB;18;PEC;2017;10;19;170;L1;B;13330;16;370;5;
TL;ALB;18;PEC;2017;10;28;13;L1;B;1130;9;710;3;
TL;ALB;18;PEC;2017;10;19;33;L1;B;205;4;60;1;
TL;ALB;18;PEC;2017;10;27;2;L1;B;180;2;180;2;
TL;ALB;18;PEC;2017;10;27;10;L1;B;560;7;420;3;
TL;ALB;18;PEC;2017;10;28;8;L1;B;250;6;200;3;
TL;ALB;18;PEC;2017;10;28;1;L1;B;90;2;90;2;
TL;ALB;18;PEC;2017;10;28;4;L1;B;2030;15;330;4;
TL;ALB;18;PEC;2017;10;28;4;L1;C;2030;15;200;6;
TL;ALB;18;PEC;2017;10;27;10;L1;C;560;7;40;1;
TL;ALB;18;PEC;2017;10;29;163;L1;C;1560;11;30;1;
TL;ALB;18;PEC;2017;10;19;170;L1;C;13330;16;1380;1;
TL;ALB;18;PEC;2017;10;28;13;L1;C;1130;9;10;1;
TL;ALB;18;PEC;2017;10;28;4;L1;E;2030;15;1400;1;
TL;ALB;18;PEC;2017;10;19;170;L1;E;13330;16;11400;2;
TL;ALB;18;PEC;2017;10;27;16;L1;E;1380;13;490;1;
TL;ALB;18;PEC;2017;10;28;13;L1;E;1130;9;180;1;
TL;ALB;18;PEC;2017;10;29;169;L1;f;40;1;40;1;
TL;ALB;18;PEC;2017;10;21;168;L1;F;100;3;50;1;
TL;ALB;18;PEC;2017;10;21;32;L1;F;140;7;50;1;
TL;ALB;18;PEC;2017;10;19;38;L1;G;1250;5;50;1;
TL;ALB;18;PEC;2017;10;19;33;L1;G;205;4;30;1;
TL;ALB;18;PEC;2017;10;21;32;L1;G;140;7;30;1;
TL;ALB;18;PEC;2017;10;29;163;L1;H;1560;11;40;1;
TL;ALB;18;PEC;2017;10;19;170;L1;H;13330;16;20;1;
TL;ALB;18;PEC;2017;10;19;39;L2;B;610;1;610;1;
TL;ALB;18;PEC;2017;10;19;170;L3;A;60;2;60;2;
TL;ALB;18;PEC;2017;10;21;26;L3;A;30;1;30;1;
TL;ALB;18;PEC;2017;10;21;32;L3;A;30;1;30;1;
TL;ALB;18;PEC;2017;10;21;165;L3;A;30;1;30;1;
TL;ALB;18;PEC;2017;10;19;33;L3;A;10;1;10;1;
TL;ALB;18;PEC;2017;10;28;13;L3;A;60;1;60;1;
TL;ALB;18;PEC;2017;10;19;38;L4;A;200;1;200;1;
TL;ALB;18;PEC;2017;10;21;26;L4;A;570;2;570;2;
TL;ALB;18;PEC;2017;10;28;8;L5;A;470;1;470;1;
TL;ALB;18;PEC;2017;10;19;33;L5;A;750;2;750;2;
TL;ALB;18;PEC;2017;10;21;32;L5;A;70;1;70;1;
TL;ALB;18;PEC;2017;10;19;170;L5;A;520;2;300;1;
TL;ALB;18;PEC;2017;10;29;169;L5;b;200;1;200;1;
TL;ALB;18;PEC;2017;10;19;39;L5;B;260;1;260;1;
TL;ALB;18;PEC;2017;10;19;170;L5;D;520;2;220;1;
TL;ALB;18;PEC;2017;10;27;16;L5;D;200;1;200;1;
TL;ALB;18;PEC;2017;10;19;38;L5;D;250;1;250;1;
TL;ALB;18;PEC;2017;10;28;4;L5;D;220;1;220;1;
TL;ALB;18;PEC;2017;10;19;38;L8;0;540;1;540;1;
TL;ALB;18;PEC;2017;10;21;26;L8;0;1480;1;1480;1;
TL;ALB;18;PEC;2017;10;21;32;L8;0;170;1;170;1;
TL;ITA;18;PEC;2017;10;12;110;L0;0;0;0;0;0;
TL;ITA;18;PEC;2017;10;16;154;L0;0;0;0;0;0;
TL;ITA;18;PEC;2017;10;17;98;L1;A;50;2;40;1;
TL;ITA;18;PEC;2017;10;13;135;L1;A;70;4;50;3;
TL;ITA;18;PEC;2017;10;13;107;L1;A;70;2;20;1;
TL;ITA;18;PEC;2017;10;13;80;L1;A;230;8;220;7;
TL;ITA;18;PEC;2017;10;13;105;L1;A;100;7;40;3;
TL;ITA;18;PEC;2017;10;12;100;L1;A;250;6;40;3;
TL;ITA;18;PEC;2017;10;12;138;L1;A;20;1;20;1;
TL;ITA;18;PEC;2017;10;12;137;L1;A;10;1;10;1;
TL;ITA;18;PEC;2017;10;12;142;L1;A;550;3;270;1;
TL;ITA;18;PEC;2017;10;11;160;L1;A;10;1;10;1;
TL;ITA;18;PEC;2017;10;11;129;L1;A;30;3;10;2;
TL;ITA;18;PEC;2017;10;11;117;L1;A;20;1;20;1;
TL;ITA;18;PEC;2017;10;11;126;L1;A;470;4;200;1;
TL;ITA;18;PEC;2017;10;11;162;L1;A;180;6;120;4;
TL;ITA;18;PEC;2017;10;11;147;L1;A;230;3;10;1;
TL;ITA;18;PEC;2017;10;10;139;L1;A;390;3;90;2;
TL;ITA;18;PEC;2017;10;10;143;L1;A;23;2;20;1;
TL;ITA;18;PEC;2017;10;10;144;L1;A;110;2;60;1;
TL;ITA;18;PEC;2017;10;9;112;L1;A;50;1;50;1;
TL;ITA;18;PEC;2017;10;9;109;L1;A;15;3;5;1;
TL;ITA;18;PEC;2017;10;18;88;L1;A;110;4;110;4;
TL;ITA;18;PEC;2017;10;15;152;L1;A;80;3;80;3;
TL;ITA;18;PEC;2017;10;18;93;L1;A;280;1;280;1;
TL;ITA;18;PEC;2017;10;18;84;L1;A;50;2;50;2;
TL;ITA;18;PEC;2017;10;9;121;L1;A;3870;22;200;3;
TL;ITA;18;PEC;2017;10;15;132;L1;A;50;4;50;4;
TL;ITA;18;PEC;2017;10;18;157;L1;A;50;1;50;1;
TL;ITA;18;PEC;2017;10;14;161;L1;A;160;6;150;5;
TL;ITA;18;PEC;2017;10;14;134;L1;A;60;4;40;3;
TL;ITA;18;PEC;2017;10;15;133;L1;A;60;2;10;1;
TL;ITA;18;PEC;2017;10;15;151;L1;A;150;3;100;2;
TL;ITA;18;PEC;2017;10;16;101;L1;A;5810;6;50;2;
TL;ITA;18;PEC;2017;10;17;77;L1;A;500;2;500;2;
TL;ITA;18;PEC;2017;10;17;78;L1;A;100;3;100;3;
TL;ITA;18;PEC;2017;10;17;86;L1;A;180;3;180;3;
TL;ITA;18;PEC;2017;10;16;158;L1;A;170;4;20;2;
TL;ITA;18;PEC;2017;10;17;85;L1;A;30;2;30;2;
TL;ITA;18;PEC;2017;10;9;121;L1;B;3870;22;160;2;
TL;ITA;18;PEC;2017;10;16;101;L1;B;5810;6;100;2;
TL;ITA;18;PEC;2017;10;11;126;L1;B;470;4;210;1;
TL;ITA;18;PEC;2017;10;9;123;L1;B;280;4;20;1;
TL;ITA;18;PEC;2017;10;18;83;L1;B;60;2;50;1;
TL;ITA;18;PEC;2017;10;13;105;L1;B;100;7;40;2;
TL;ITA;18;PEC;2017;10;12;100;L1;B;250;6;200;2;
TL;ITA;18;PEC;2017;10;13;80;L1;B;230;8;10;1;
TL;ITA;18;PEC;2017;10;16;131;L1;B;80;2;30;1;
TL;ITA;18;PEC;2017;10;15;151;L1;C;150;3;50;1;
TL;ITA;18;PEC;2017;10;12;142;L1;C;550;3;10;1;
TL;ITA;18;PEC;2017;10;12;100;L1;C;250;6;10;1;
TL;ITA;18;PEC;2017;10;13;105;L1;C;100;7;20;2;
TL;ITA;18;PEC;2017;10;16;95;L1;C;50;2;50;2;
TL;ITA;18;PEC;2017;10;9;121;L1;C;3870;22;290;1;
TL;ITA;18;PEC;2017;10;14;161;L1;C;160;6;10;1;
TL;ITA;18;PEC;2017;10;11;147;L1;C;230;3;80;1;
TL;ITA;18;PEC;2017;10;12;116;L1;C;10;1;10;1;
TL;ITA;18;PEC;2017;10;11;126;L1;D;470;4;10;1;
TL;ITA;18;PEC;2017;10;9;121;L1;E;3870;22;40;1;
TL;ITA;18;PEC;2017;10;12;142;L1;E;550;3;270;1;
TL;ITA;18;PEC;2017;10;11;126;L1;E;470;4;50;1;
TL;ITA;18;PEC;2017;10;14;150;L1;E;3000;1;3000;1;
TL;ITA;18;PEC;2017;10;13;107;L1;E;70;2;50;1;
TL;ITA;18;PEC;2017;10;9;123;L1;F;280;4;260;3;
TL;ITA;18;PEC;2017;10;9;125;L1;F;130;4;40;1;
TL;ITA;18;PEC;2017;10;9;121;L1;F;3870;22;3180;15;
TL;ITA;18;PEC;2017;10;10;145;L1;F;190;4;190;4;
TL;ITA;18;PEC;2017;10;16;158;L1;F;170;4;100;1;
TL;ITA;18;PEC;2017;10;13;104;L1;F;50;2;50;2;
TL;ITA;18;PEC;2017;10;17;98;L1;F;50;2;10;1;
TL;ITA;18;PEC;2017;10;11;162;L1;F;180;6;50;1;
TL;ITA;18;PEC;2017;10;18;76;L1;F;50;1;50;1;
TL;ITA;18;PEC;2017;10;11;129;L1;F;30;3;20;1;
TL;ITA;18;PEC;2017;10;10;146;L1;G;50;1;50;1;
TL;ITA;18;PEC;2017;10;15;133;L1;G;60;2;50;1;
TL;ITA;18;PEC;2017;10;16;131;L1;G;80;2;50;1;
TL;ITA;18;PEC;2017;10;16;158;L1;G;170;4;50;1;
TL;ITA;18;PEC;2017;10;10;144;L1;G;110;2;50;1;
TL;ITA;18;PEC;2017;10;10;143;L1;G;23;2;3;1;
TL;ITA;18;PEC;2017;10;10;139;L1;G;390;3;300;1;
TL;ITA;18;PEC;2017;10;11;148;L1;G;50;1;50;1;
TL;ITA;18;PEC;2017;10;9;109;L1;G;15;3;5;1;
TL;ITA;18;PEC;2017;10;11;162;L1;G;180;6;10;1;
TL;ITA;18;PEC;2017;10;18;83;L1;G;60;2;10;1;
TL;ITA;18;PEC;2017;10;13;135;L1;H;70;4;20;1;
TL;ITA;18;PEC;2017;10;9;109;L1;H;15;3;5;1;
TL;ITA;18;PEC;2017;10;14;134;L1;H;60;4;20;1;
TL;ITA;18;PEC;2017;10;11;147;L1;H;230;3;140;1;
TL;ITA;18;PEC;2017;10;16;101;L1;I;5810;6;5660;2;
TL;ITA;18;PEC;2017;10;9;125;L1;S;130;4;90;3;
TL;ITA;18;PEC;2017;10;15;151;L2;B;100;1;100;1;
TL;ITA;18;PEC;2017;10;9;112;L2;B;1000;1;1000;1;
TL;ITA;18;PEC;2017;10;11;129;L2;B;140;1;140;1;
TL;ITA;18;PEC;2017;10;15;152;L2;B;100;1;100;1;
TL;ITA;18;PEC;2017;10;18;84;L3;A;30;1;30;1;
TL;ITA;18;PEC;2017;10;13;107;L3;A;60;1;60;1;
TL;ITA;18;PEC;2017;10;16;97;L3;B;40;1;40;1;
TL;ITA;18;PEC;2017;10;10;145;L3;C;1380;1;1380;1;
TL;ITA;18;PEC;2017;10;16;158;L4;A;450;3;450;3;
TL;ITA;18;PEC;2017;10;12;142;L4;A;290;1;290;1;
TL;ITA;18;PEC;2017;10;18;83;L4;A;190;1;190;1;
TL;ITA;18;PEC;2017;10;10;139;L4;A;1410;5;1410;5;
TL;ITA;18;PEC;2017;10;12;116;L4;A;820;2;820;2;
TL;ITA;18;PEC;2017;10;11;162;L4;A;750;2;750;2;
TL;ITA;18;PEC;2017;10;9;112;L5;A;620;1;620;1;
TL;ITA;18;PEC;2017;10;16;95;L5;A;100;1;100;1;
TL;ITA;18;PEC;2017;10;16;131;L5;A;140;1;140;1;
TL;ITA;18;PEC;2017;10;17;77;L5;A;110;1;110;1;
TL;ITA;18;PEC;2017;10;13;105;L5;A;50;1;50;1;
TL;ITA;18;PEC;2017;10;15;132;L5;A;200;1;200;1;
TL;ITA;18;PEC;2017;10;11;126;L5;A;1300;1;1300;1;
TL;ITA;18;PEC;2017;10;9;123;L5;B;100;1;100;1;
TL;ITA;18;PEC;2017;10;10;144;L5;C;20;1;20;1;
TL;ITA;18;PEC;2017;10;18;156;L5;C;230;1;230;1;
TL;ITA;18;PEC;2017;10;17;85;L5;C;50;1;50;1;
TL;ITA;18;PEC;2017;10;13;135;L5;D;30;1;30;1;
TL;ITA;18;PEC;2017;10;17;77;L6;0;1500;1;1500;1;
TL;ITA;18;PEC;2017;10;11;147;L6;0;1500;1;1500;1;
TL;ITA;18;PEC;2017;10;12;142;L7;0;100;2;100;2;
TL;ITA;18;PEC;2017;10;18;83;L7;0;2140;2;2140;2;
TL;ITA;18;PEC;2017;10;18;93;L7;0;290;1;290;1;
TL;ITA;18;PEC;2017;10;16;101;L8;0;1650;1;1650;1;
TL;ITA;18;PEC;2017;10;15;152;L8;0;1900;1;1900;1;
TL;ITA;18;PEC;2017;10;10;139;L8;0;4440;1;4440;1;
TL;ITA;18;PEC;2017;10;11;162;L8;0;70;1;70;1;
TL;ITA;18;PEC;2017;10;17;86;L8;0;5000;1;5000;1;
TL;MON;18;PEC;2017;10;31;180;L1;A;160;5;50;2;
TL;MON;18;PEC;2017;10;31;173;L1;A;640;14;400;9;
TL;MON;18;PEC;2017;10;31;172;L1;A;2400;18;210;5;
TL;MON;18;PEC;2017;10;20;178;L1;A;200;4;80;2;
TL;MON;18;PEC;2017;10;20;179;L1;A;30;2;20;1;
TL;MON;18;PEC;2017;10;20;177;L1;A;3460;14;120;3;
TL;MON;18;PEC;2017;10;31;171;L1;A;1580;12;40;3;
TL;MON;18;PEC;2017;10;30;175;L1;A;3300;35;600;14;
TL;MON;18;PEC;2017;10;20;178;L1;B;200;4;120;2;
TL;MON;18;PEC;2017;10;31;171;L1;B;1580;12;660;8;
TL;MON;18;PEC;2017;10;31;180;L1;B;160;5;110;3;
TL;MON;18;PEC;2017;10;31;173;L1;B;640;14;190;4;
TL;MON;18;PEC;2017;10;31;172;L1;B;2400;18;2070;12;
TL;MON;18;PEC;2017;10;30;175;L1;B;3300;35;2000;20;
TL;MON;18;PEC;2017;10;20;176;L1;B;2210;7;430;4;
TL;MON;18;PEC;2017;10;20;174;L1;B;510;6;460;5;
TL;MON;18;PEC;2017;10;20;177;L1;B;3460;14;1350;6;
TL;MON;18;PEC;2017;10;20;176;L1;C;2210;7;30;1;
TL;MON;18;PEC;2017;10;31;172;L1;C;2400;18;120;1;
TL;MON;18;PEC;2017;10;20;177;L1;C;3460;14;120;2;
TL;MON;18;PEC;2017;10;20;177;L1;E;3460;14;1600;1;
TL;MON;18;PEC;2017;10;20;176;L1;E;2210;7;1750;2;
TL;MON;18;PEC;2017;10;31;171;L1;F;1580;12;880;1;
TL;MON;18;PEC;2017;10;20;174;L1;G;510;6;50;1;
TL;MON;18;PEC;2017;10;20;177;L1;G;3460;14;250;1;
TL;MON;18;PEC;2017;10;31;173;L1;G;640;14;50;1;
TL;MON;18;PEC;2017;10;20;179;L1;G;30;2;10;1;
TL;MON;18;PEC;2017;10;30;175;L1;G;3300;35;700;1;
TL;MON;18;PEC;2017;10;20;177;L1;H;3460;14;20;1;
TL;MON;18;PEC;2017;10;20;177;L2;B;1685;2;1685;2;
TL;MON;18;PEC;2017;10;20;178;L2;B;680;1;680;1;
TL;MON;18;PEC;2017;10;20;176;L3;A;60;1;60;1;
TL;MON;18;PEC;2017;10;31;180;L3;A;30;1;30;1;
TL;MON;18;PEC;2017;10;30;175;L3;A;1200;4;100;3;
TL;MON;18;PEC;2017;10;20;177;L3;A;20;1;20;1;
TL;MON;18;PEC;2017;10;31;171;L3;A;100;2;100;2;
TL;MON;18;PEC;2017;10;31;172;L3;B;60;1;60;1;
TL;MON;18;PEC;2017;10;30;175;L3;D;1200;4;1100;1;
TL;MON;18;PEC;2017;10;31;173;L4;A;300;1;300;1;
TL;MON;18;PEC;2017;10;20;178;L4;B;730;1;730;1;
TL;MON;18;PEC;2017;10;20;177;L5;A;380;3;80;1;
TL;MON;18;PEC;2017;10;30;175;L5;A;800;4;450;1;
TL;MON;18;PEC;2017;10;20;176;L5;A;50;1;50;1;
TL;MON;18;PEC;2017;10;20;177;L5;B;380;3;250;1;
TL;MON;18;PEC;2017;10;20;177;L5;D;380;3;50;1;
TL;MON;18;PEC;2017;10;30;175;L5;D;800;4;350;3;
TL;MON;18;PEC;2017;10;31;171;L5;D;80;1;80;1;
TL;MON;18;PEC;2017;10;31;172;L5;D;120;1;120;1;
TL;MON;18;PEC;2017;10;31;173;L8;0;400;1;400;1;
TL;ALB;18;MIZ;2018;8;24;169;L1;A;30;2;30;2;
TL;ALB;18;MIZ;2018;8;24;16;L1;A;3040;23;30;3;
TL;ALB;18;MIZ;2018;8;24;23;L1;A;130;2;130;2;
TL;ALB;18;MIZ;2018;7;28;39;L1;A;30;2;20;1;
TL;ALB;18;MIZ;2018;7;28;27;L1;A;90;3;30;1;
TL;ALB;18;MIZ;2018;7;28;38;L1;A;370;6;20;1;
TL;ALB;18;MIZ;2018;7;28;167;L1;A;80;3;30;2;
TL;ALB;18;MIZ;2018;7;28;33;L1;A;250;3;20;1;
TL;ALB;18;MIZ;2018;7;29;168;L1;A;50;2;20;1;
TL;ALB;18;MIZ;2018;7;30;14;L1;A;200;4;50;1;
TL;ALB;18;MIZ;2018;7;30;166;L1;A;50;1;50;1;
TL;ALB;18;MIZ;2018;7;28;32;L1;A;210;4;50;2;
TL;ALB;18;MIZ;2018;7;30;26;L1;A;120;3;20;1;
TL;ALB;18;MIZ;2018;7;30;170;L1;A;60;5;30;3;
TL;ALB;18;MIZ;2018;8;23;1;L1;A;530;8;30;1;
TL;ALB;18;MIZ;2018;8;25;2;L1;A;50;2;20;1;
TL;ALB;18;MIZ;2018;8;23;4;L1;A;820;8;320;4;
TL;ALB;18;MIZ;2018;8;23;6;L1;A;620;9;80;2;
TL;ALB;18;MIZ;2018;8;25;8;L1;A;1000;11;100;3;
TL;ALB;18;MIZ;2018;8;24;17;L1;A;1040;7;20;2;
TL;ALB;18;MIZ;2018;8;23;13;L1;A;240;3;40;1;
TL;ALB;18;MIZ;2018;8;23;6;L1;B;620;9;320;5;
TL;ALB;18;MIZ;2018;8;23;4;L1;B;820;8;500;4;
TL;ALB;18;MIZ;2018;8;24;16;L1;B;3040;23;2960;19;
TL;ALB;18;MIZ;2018;8;24;163;L1;B;1400;9;900;8;
TL;ALB;18;MIZ;2018;7;28;32;L1;B;210;4;70;1;
TL;ALB;18;MIZ;2018;7;28;33;L1;B;250;3;230;2;
TL;ALB;18;MIZ;2018;8;24;17;L1;B;1040;7;200;4;
TL;ALB;18;MIZ;2018;7;30;165;L1;B;70;2;50;1;
TL;ALB;18;MIZ;2018;7;28;167;L1;B;80;3;50;1;
TL;ALB;18;MIZ;2018;7;28;27;L1;B;90;3;60;2;
TL;ALB;18;MIZ;2018;8;23;13;L1;B;240;3;50;1;
TL;ALB;18;MIZ;2018;7;30;26;L1;B;120;3;100;2;
TL;ALB;18;MIZ;2018;8;25;10;L1;B;130;3;100;2;
TL;ALB;18;MIZ;2018;8;25;2;L1;B;50;2;30;1;
TL;ALB;18;MIZ;2018;7;30;14;L1;B;200;4;150;3;
TL;ALB;18;MIZ;2018;8;25;41;L1;B;100;3;100;3;
TL;ALB;18;MIZ;2018;7;28;38;L1;B;370;6;300;4;
TL;ALB;18;MIZ;2018;8;24;22;L1;B;100;2;100;2;
TL;ALB;18;MIZ;2018;8;23;1;L1;B;530;8;200;6;
TL;ALB;18;MIZ;2018;8;25;8;L1;B;1000;11;500;5;
TL;ALB;18;MIZ;2018;7;30;170;L1;C;60;5;10;1;
TL;ALB;18;MIZ;2018;7;28;39;L1;C;30;2;10;1;
TL;ALB;18;MIZ;2018;8;23;13;L1;E;240;3;150;1;
TL;ALB;18;MIZ;2018;8;25;8;L1;E;1000;11;350;2;
TL;ALB;18;MIZ;2018;8;23;1;L1;E;530;8;300;1;
TL;ALB;18;MIZ;2018;8;24;163;L1;E;1400;9;500;1;
TL;ALB;18;MIZ;2018;8;24;31;L1;E;500;1;500;1;
TL;ALB;18;MIZ;2018;8;23;6;L1;E;620;9;170;1;
TL;ALB;18;MIZ;2018;8;25;8;L1;F;1000;11;50;1;
TL;ALB;18;MIZ;2018;7;29;168;L1;F;50;2;30;1;
TL;ALB;18;MIZ;2018;8;24;17;L1;F;1040;7;820;1;
TL;ALB;18;MIZ;2018;7;30;165;L1;F;70;2;20;1;
TL;ALB;18;MIZ;2018;7;30;170;L1;G;60;5;20;1;
TL;ALB;18;MIZ;2018;8;24;16;L1;G;3040;23;50;1;
TL;ALB;18;MIZ;2018;8;23;6;L1;H;620;9;50;1;
TL;ALB;18;MIZ;2018;8;25;10;L1;H;130;3;30;1;
TL;ALB;18;MIZ;2018;7;28;32;L1;H;210;4;90;1;
TL;ALB;18;MIZ;2018;7;28;38;L1;H;370;6;50;1;
TL;ALB;18;MIZ;2018;7;30;166;L2;B;500;1;500;1;
TL;ALB;18;MIZ;2018;8;24;16;L3;A;30;1;30;1;
TL;ALB;18;MIZ;2018;8;24;17;L3;A;3890;2;30;1;
TL;ALB;18;MIZ;2018;7;28;32;L3;A;30;1;30;1;
TL;ALB;18;MIZ;2018;8;23;13;L3;B;900;2;450;1;
TL;ALB;18;MIZ;2018;8;23;13;L3;C;900;2;450;1;
TL;ALB;18;MIZ;2018;8;24;31;L3;C;3800;1;3800;1;
TL;ALB;18;MIZ;2018;8;24;17;L3;D;3890;2;3860;1;
TL;ALB;18;MIZ;2018;7;28;167;L4;A;630;2;630;2;
TL;ALB;18;MIZ;2018;7;28;38;L4;A;170;1;170;1;
TL;ALB;18;MIZ;2018;7;30;165;L4;A;210;1;210;1;
TL;ALB;18;MIZ;2018;8;25;10;L4;A;200;1;200;1;
TL;ALB;18;MIZ;2018;8;24;17;L5;A;550;2;500;1;
TL;ALB;18;MIZ;2018;7;30;166;L5;A;140;1;140;1;
TL;ALB;18;MIZ;2018;7;29;168;L5;A;200;1;200;1;
TL;ALB;18;MIZ;2018;8;24;16;L5;D;50;1;50;1;
TL;ALB;18;MIZ;2018;8;23;13;L5;D;50;1;50;1;
TL;ALB;18;MIZ;2018;8;24;17;L5;D;550;2;50;1;
TL;ALB;18;MIZ;2018;8;25;2;L5;D;50;1;50;1;
TL;ITA;18;MIZ;2018;7;19;160;L1;A;10;1;10;1;
TL;ITA;18;MIZ;2018;7;15;143;L1;A;520;4;20;3;
TL;ITA;18;MIZ;2018;7;22;151;L1;A;50;2;50;2;
TL;ITA;18;MIZ;2018;7;23;150;L1;A;100;1;100;1;
TL;ITA;18;MIZ;2018;7;26;132;L1;A;120;3;100;2;
TL;ITA;18;MIZ;2018;7;19;162;L1;A;90;4;30;2;
TL;ITA;18;MIZ;2018;7;20;148;L1;A;45;2;30;1;
TL;ITA;18;MIZ;2018;7;21;107;L1;A;150;3;150;3;
TL;ITA;18;MIZ;2018;7;21;80;L1;A;60;5;50;4;
TL;ITA;18;MIZ;2018;7;22;161;L1;A;320;6;25;3;
TL;ITA;18;MIZ;2018;7;19;126;L1;A;1260;7;50;3;
TL;ITA;18;MIZ;2018;7;15;146;L1;A;70;4;50;3;
TL;ITA;18;MIZ;2018;7;26;101;L1;A;30;1;30;1;
TL;ITA;18;MIZ;2018;7;27;98;L1;A;80;3;80;3;
TL;ITA;18;MIZ;2018;7;26;154;L1;A;70;7;70;7;
TL;ITA;18;MIZ;2018;7;27;83;L1;A;50;3;50;3;
TL;ITA;18;MIZ;2018;7;22;134;L1;A;100;4;50;2;
TL;ITA;18;MIZ;2018;7;31;156;L1;A;80;4;70;3;
TL;ITA;18;MIZ;2018;7;31;77;L1;A;20;2;20;2;
TL;ITA;18;MIZ;2018;7;31;78;L1;A;20;1;20;1;
TL;ITA;18;MIZ;2018;7;31;85;L1;A;80;4;20;2;
TL;ITA;18;MIZ;2018;8;1;84;L1;A;80;4;20;2;
TL;ITA;18;MIZ;2018;7;20;110;L1;A;70;5;50;4;
TL;ITA;18;MIZ;2018;7;19;125;L1;A;150;3;150;3;
TL;ITA;18;MIZ;2018;7;16;129;L1;A;150;3;150;3;
TL;ITA;18;MIZ;2018;7;16;121;L1;A;1550;15;150;3;
TL;ITA;18;MIZ;2018;7;14;109;L1;A;50;2;50;2;
TL;ITA;18;MIZ;2018;7;15;145;L1;A;250;5;50;2;
TL;ITA;18;MIZ;2018;7;27;158;L1;A;290;5;70;3;
TL;ITA;18;MIZ;2018;7;20;142;L1;A;1570;3;50;1;
TL;ITA;18;MIZ;2018;7;16;117;L1;A;830;18;200;10;
TL;ITA;18;MIZ;2018;7;31;86;L1;A;60;4;40;2;
TL;ITA;18;MIZ;2018;7;20;116;L1;A;1820;4;440;2;
TL;ITA;18;MIZ;2018;7;21;105;L1;A;190;3;70;1;
TL;ITA;18;MIZ;2018;7;21;135;L1;A;60;4;50;3;
TL;ITA;18;MIZ;2018;8;1;76;L1;A;70;3;20;2;
TL;ITA;18;MIZ;2018;7;15;144;L1;A;55;6;30;5;
TL;ITA;18;MIZ;2018;7;14;123;L1;A;200;4;50;2;
TL;ITA;18;MIZ;2018;8;1;157;L1;A;20;1;20;1;
TL;ITA;18;MIZ;2018;7;27;95;L1;A;250;6;50;2;
TL;ITA;18;MIZ;2018;7;26;97;L1;A;20;1;20;1;
TL;ITA;18;MIZ;2018;7;15;144;L1;B;55;6;25;1;
TL;ITA;18;MIZ;2018;7;22;161;L1;B;320;6;50;1;
TL;ITA;18;MIZ;2018;7;21;80;L1;B;60;5;10;1;
TL;ITA;18;MIZ;2018;7;19;126;L1;B;1260;7;30;1;
TL;ITA;18;MIZ;2018;7;21;138;L1;B;40;3;20;2;
TL;ITA;18;MIZ;2018;7;19;162;L1;B;90;4;50;1;
TL;ITA;18;MIZ;2018;7;26;131;L1;B;160;3;100;1;
TL;ITA;18;MIZ;2018;7;20;148;L1;C;45;2;15;1;
TL;ITA;18;MIZ;2018;7;31;85;L1;C;80;4;10;1;
TL;ITA;18;MIZ;2018;7;19;147;L1;C;35;2;5;1;
TL;ITA;18;MIZ;2018;7;26;131;L1;C;160;3;50;1;
TL;ITA;18;MIZ;2018;7;21;104;L1;C;60;4;30;2;
TL;ITA;18;MIZ;2018;7;22;134;L1;C;100;4;50;2;
TL;ITA;18;MIZ;2018;7;21;105;L1;C;190;3;20;1;
TL;ITA;18;MIZ;2018;7;27;158;L1;C;290;5;120;1;
TL;ITA;18;MIZ;2018;7;31;156;L1;C;80;4;10;1;
TL;ITA;18;MIZ;2018;7;20;110;L1;C;70;5;20;1;
TL;ITA;18;MIZ;2018;7;31;86;L1;C;60;4;10;1;
TL;ITA;18;MIZ;2018;7;21;135;L1;C;60;4;10;1;
TL;ITA;18;MIZ;2018;7;22;161;L1;C;320;6;10;1;
TL;ITA;18;MIZ;2018;7;16;117;L1;C;830;18;100;2;
TL;ITA;18;MIZ;2018;7;26;132;L1;C;120;3;20;1;
TL;ITA;18;MIZ;2018;7;26;131;L1;D;160;3;10;1;
TL;ITA;18;MIZ;2018;7;15;143;L1;E;520;4;500;1;
TL;ITA;18;MIZ;2018;7;19;126;L1;E;1260;7;1100;1;
TL;ITA;18;MIZ;2018;7;31;85;L1;E;80;4;50;1;
TL;ITA;18;MIZ;2018;7;15;145;L1;E;250;5;100;1;
TL;ITA;18;MIZ;2018;7;20;116;L1;E;1820;4;1380;2;
TL;ITA;18;MIZ;2018;7;20;142;L1;E;1570;3;20;1;
TL;ITA;18;MIZ;2018;7;21;104;L1;E;60;4;20;1;
TL;ITA;18;MIZ;2018;7;22;152;L1;E;1240;2;20;1;
TL;ITA;18;MIZ;2018;7;16;117;L1;F;830;18;530;6;
TL;ITA;18;MIZ;2018;7;21;105;L1;F;190;3;100;1;
TL;ITA;18;MIZ;2018;7;26;133;L1;F;10;1;10;1;
TL;ITA;18;MIZ;2018;7;27;158;L1;F;290;5;100;1;
TL;ITA;18;MIZ;2018;8;1;84;L1;F;80;4;20;1;
TL;ITA;18;MIZ;2018;7;22;161;L1;F;320;6;20;1;
TL;ITA;18;MIZ;2018;7;19;126;L1;F;1260;7;80;2;
TL;ITA;18;MIZ;2018;7;15;145;L1;F;250;5;100;2;
TL;ITA;18;MIZ;2018;7;22;152;L1;F;1240;2;1220;1;
TL;ITA;18;MIZ;2018;7;27;95;L1;F;250;6;200;4;
TL;ITA;18;MIZ;2018;8;1;84;L1;G;80;4;40;1;
TL;ITA;18;MIZ;2018;7;20;137;L1;G;50;1;50;1;
TL;ITA;18;MIZ;2018;8;1;76;L1;G;70;3;50;1;
TL;ITA;18;MIZ;2018;7;31;86;L1;G;60;4;10;1;
TL;ITA;18;MIZ;2018;7;20;142;L1;G;1570;3;1500;1;
TL;ITA;18;MIZ;2018;7;19;162;L1;G;90;4;10;1;
TL;ITA;18;MIZ;2018;7;14;123;L1;H;200;4;150;2;
TL;ITA;18;MIZ;2018;7;21;104;L1;H;60;4;10;1;
TL;ITA;18;MIZ;2018;7;14;112;L1;H;50;1;50;1;
TL;ITA;18;MIZ;2018;7;16;121;L1;H;1550;15;1400;12;
TL;ITA;18;MIZ;2018;7;21;138;L1;H;40;3;20;1;
TL;ITA;18;MIZ;2018;7;19;147;L1;H;35;2;30;1;
TL;ITA;18;MIZ;2018;7;15;146;L1;H;70;4;20;1;
TL;ITA;18;MIZ;2018;7;23;150;L2;B;180;1;180;1;
TL;ITA;18;MIZ;2018;7;27;158;L2;B;150;1;150;1;
TL;ITA;18;MIZ;2018;8;1;157;L2;B;120;1;120;1;
TL;ITA;18;MIZ;2018;7;27;158;L3;A;2480;3;180;1;
TL;ITA;18;MIZ;2018;7;26;97;L3;B;50;1;50;1;
TL;ITA;18;MIZ;2018;7;20;116;L3;B;320;1;320;1;
TL;ITA;18;MIZ;2018;7;26;132;L3;B;50;2;50;2;
TL;ITA;18;MIZ;2018;7;27;158;L3;B;2480;3;300;1;
TL;ITA;18;MIZ;2018;7;21;100;L3;C;1200;1;1200;1;
TL;ITA;18;MIZ;2018;7;27;158;L3;C;2480;3;2000;1;
TL;ITA;18;MIZ;2018;7;22;152;L3;C;2590;2;2480;1;
TL;ITA;18;MIZ;2018;7;20;142;L3;D;220;1;220;1;
TL;ITA;18;MIZ;2018;7;27;93;L3;D;9000;1;9000;1;
TL;ITA;18;MIZ;2018;7;22;152;L3;F;2590;2;110;1;
TL;ITA;18;MIZ;2018;7;22;152;L4;A;300;1;300;1;
TL;ITA;18;MIZ;2018;7;20;142;L4;A;440;2;440;2;
TL;ITA;18;MIZ;2018;7;27;98;L4;A;250;1;250;1;
TL;ITA;18;MIZ;2018;7;31;86;L4;A;200;1;200;1;
TL;ITA;18;MIZ;2018;7;27;158;L4;A;800;2;800;2;
TL;ITA;18;MIZ;2018;8;1;157;L4;A;180;1;180;1;
TL;ITA;18;MIZ;2018;7;15;146;L4;A;30;1;30;1;
TL;ITA;18;MIZ;2018;7;15;143;L4;A;50;1;50;1;
TL;ITA;18;MIZ;2018;7;19;162;L4;A;100;1;100;1;
TL;ITA;18;MIZ;2018;7;21;135;L4;B;40;1;40;1;
TL;ITA;18;MIZ;2018;7;20;116;L4;D;6440;1;6440;1;
TL;ITA;18;MIZ;2018;8;1;76;L5;A;100;1;100;1;
TL;ITA;18;MIZ;2018;7;20;142;L5;A;620;1;620;1;
TL;ITA;18;MIZ;2018;7;20;116;L5;A;220;1;220;1;
TL;ITA;18;MIZ;2018;7;19;162;L5;A;120;1;120;1;
TL;ITA;18;MIZ;2018;7;16;117;L5;A;300;1;300;1;
TL;ITA;18;MIZ;2018;7;26;131;L5;A;20;1;20;1;
TL;ITA;18;MIZ;2018;7;31;86;L5;A;1500;1;1500;1;
TL;ITA;18;MIZ;2018;7;21;107;L5;A;70;1;70;1;
TL;ITA;18;MIZ;2018;7;26;133;L5;A;200;1;200;1;
TL;ITA;18;MIZ;2018;7;22;134;L5;A;1000;1;1000;1;
TL;ITA;18;MIZ;2018;7;20;110;L5;B;100;1;100;1;
TL;ITA;18;MIZ;2018;7;27;88;L5;C;40;1;40;1;
TL;ITA;18;MIZ;2018;7;21;104;L5;C;35;1;35;1;
TL;ITA;18;MIZ;2018;7;15;145;L5;D;30;1;30;1;
TL;ITA;18;MIZ;2018;7;22;152;L5;D;10;1;10;1;
TL;ITA;18;MIZ;2018;7;21;138;L6;0;50;1;50;1;
TL;ITA;18;MIZ;2018;7;21;135;L6;0;130;1;130;1;
TL;ITA;18;MIZ;2018;7;31;86;L7;0;40;1;40;1;
TL;ITA;18;MIZ;2018;7;31;78;L7;0;60;1;60;1;
TL;ITA;18;MIZ;2018;7;31;156;L7;0;100;1;100;1;
TL;ITA;18;MIZ;2018;7;21;100;L8;0;7800;1;7800;1;
TL;MON;18;MIZ;2018;8;26;180;L1;A;150;4;20;2;
TL;MON;18;MIZ;2018;7;29;176;L1;A;50;3;20;2;
TL;MON;18;MIZ;2018;8;26;171;L1;A;12960;31;600;8;
TL;MON;18;MIZ;2018;8;26;172;L1;A;4360;18;800;5;
TL;MON;18;MIZ;2018;7;29;177;L1;A;140;2;20;1;
TL;MON;18;MIZ;2018;8;26;173;L1;A;80;5;30;3;
TL;MON;18;MIZ;2018;7;29;174;L1;B;2310;9;540;5;
TL;MON;18;MIZ;2018;8;26;180;L1;B;150;4;30;1;
TL;MON;18;MIZ;2018;7;29;177;L1;B;140;2;120;1;
TL;MON;18;MIZ;2018;7;29;179;L1;B;180;2;150;1;
TL;MON;18;MIZ;2018;8;26;171;L1;B;12960;31;3200;19;
TL;MON;18;MIZ;2018;8;26;172;L1;B;4360;18;1720;11;
TL;MON;18;MIZ;2018;8;26;173;L1;B;80;5;50;2;
TL;MON;18;MIZ;2018;7;29;179;L1;C;180;2;30;1;
TL;MON;18;MIZ;2018;7;29;174;L1;E;2310;9;1100;2;
TL;MON;18;MIZ;2018;8;26;171;L1;E;12960;31;9080;3;
TL;MON;18;MIZ;2018;8;26;180;L1;E;150;4;100;1;
TL;MON;18;MIZ;2018;7;29;174;L1;F;2310;9;640;1;
TL;MON;18;MIZ;2018;7;29;176;L1;G;50;3;30;1;
TL;MON;18;MIZ;2018;7;29;178;L1;G;70;1;70;1;
TL;MON;18;MIZ;2018;7;29;174;L1;G;2310;9;30;1;
TL;MON;18;MIZ;2018;8;26;172;L1;H;4360;18;1840;2;
TL;MON;18;MIZ;2018;8;26;171;L1;I;12960;31;80;1;
TL;MON;18;MIZ;2018;8;26;171;L3;A;480;7;480;7;
TL;MON;18;MIZ;2018;8;26;172;L3;B;1480;1;1480;1;
TL;MON;18;MIZ;2018;7;29;174;L3;D;4100;1;4100;1;
TL;MON;18;MIZ;2018;8;26;171;L4;A;100;1;100;1;
TL;MON;18;MIZ;2018;7;29;177;L4;A;150;1;150;1;
TL;MON;18;MIZ;2018;8;26;172;L5;A;200;1;200;1;
TL;MON;18;MIZ;2018;8;26;171;L5;A;600;3;100;1;
TL;MON;18;MIZ;2018;8;26;171;L5;B;600;3;200;1;
TL;MON;18;MIZ;2018;8;26;171;L5;C;600;3;300;1;
TL;MON;18;MIZ;2018;8;26;173;L5;D;50;1;50;1;
TL;MON;18;MIZ;2018;8;26;180;L5;D;30;1;30;1;
TL;MON;18;MIZ;2018;8;26;172;L8;0;800;1;800;1;
TL;MON;18;MIZ;2018;8;26;171;L8;0;30000;2;30000;2;
TL;ITA;18;MIZ;2018;7;15;139;L0;0;0;0;0;0;
